ident,commune,type,comptage_5m,indice_congestion_matin,indice_congestion_soir,compteur_latitude,compteur_longitude,stop_id,stop_name,distance_arret_m,lignes_tbm
Z24CT5,Le Haillan,BOUCLE,38,0.103040,0.090240,44.8684058,-0.6711977,6411,Bechade,100.1,71
Z24CT5,Le Haillan,BOUCLE,38,0.103040,0.090240,44.8684058,-0.6711977,9674,Collège Andrée Chédid,252.3,S11;S17
Z24CT5,Le Haillan,BOUCLE,38,0.103040,0.090240,44.8684058,-0.6711977,1051,Collège Emile Zola,154.8,71;S11;S17
Z24CT5,Le Haillan,BOUCLE,38,0.103040,0.090240,44.8684058,-0.6711977,2998,Collège Emile Zola,150.4,71;S11;S17
Z24CT5,Le Haillan,BOUCLE,38,0.103040,0.090240,44.8684058,-0.6711977,8271,Collège Emile Zola,113.0,72
Z24CT5,Le Haillan,BOUCLE,38,0.103040,0.090240,44.8684058,-0.6711977,9159,Collège Emile Zola,23.0,G
Z24CT5,Le Haillan,BOUCLE,38,0.103040,0.090240,44.8684058,-0.6711977,9160,Collège Emile Zola,23.5,G
Z24CT5,Le Haillan,BOUCLE,38,0.103040,0.090240,44.8684058,-0.6711977,2596,Mermoz,261.8,71
Z24CT5,Le Haillan,BOUCLE,38,0.103040,0.090240,44.8684058,-0.6711977,9162,Mermoz,296.7,G
Z24CT2,Eysines,BOUCLE,29,,,44.863922,-0.6603229,2991,Saint-Exupéry,16.4,72
Z24CT2,Eysines,BOUCLE,29,,,44.863922,-0.6603229,9165,Saint-Exupéry,19.0,G
Z24CT2,Eysines,BOUCLE,29,,,44.863922,-0.6603229,9166,Saint-Exupéry,40.7,G
Z24CT2,Eysines,BOUCLE,29,,,44.863922,-0.6603229,981,Saint-Exupéry,41.2,72
Z24CT4,Le Haillan,BOUCLE,22,,,44.8778901,-0.681077,1012,Bernède,241.7,84
Z24CT4,Le Haillan,BOUCLE,22,,,44.8778901,-0.681077,61,Bernède,252.7,84
Z24CT4,Le Haillan,BOUCLE,22,,,44.8778901,-0.681077,9155,Rue du Médoc,4.6,G
Z24CT4,Le Haillan,BOUCLE,22,,,44.8778901,-0.681077,9156,Rue du Médoc,69.4,G
Z24CT4,Le Haillan,BOUCLE,22,,,44.8778901,-0.681077,9330,Rue du Médoc,168.3,39 Est;71;84
Z24CT4,Le Haillan,BOUCLE,22,,,44.8778901,-0.681077,9331,Rue du Médoc,135.5,39 Est;71
Z24CT4,Le Haillan,BOUCLE,22,,,44.8778901,-0.681077,211,Turenne,261.1,84
Z24CT4,Le Haillan,BOUCLE,22,,,44.8778901,-0.681077,243,Turenne,262.9,84
Z6CT3,Bordeaux,BOUCLE,59,0.055031,0.068280,44.8347986,-0.5987533,2468,Allée des Pins,294.6,1
Z6CT3,Bordeaux,BOUCLE,59,0.055031,0.068280,44.8347986,-0.5987533,1323,Barrière d'Arès,141.2,9;H2
Z6CT3,Bordeaux,BOUCLE,59,0.055031,0.068280,44.8347986,-0.5987533,2327,Barrière d'Arès,118.6,9;H1
Z6CT3,Bordeaux,BOUCLE,59,0.055031,0.068280,44.8347986,-0.5987533,2469,Barrière d'Arès,202.8,1;51;70
Z6CT3,Bordeaux,BOUCLE,59,0.055031,0.068280,44.8347986,-0.5987533,1094,Barrière Saint-Augustin,54.1,9;H2
Z6CT3,Bordeaux,BOUCLE,59,0.055031,0.068280,44.8347986,-0.5987533,1758,Barrière Saint-Augustin,119.8,9;H1
Z6CT3,Bordeaux,BOUCLE,59,0.055031,0.068280,44.8347986,-0.5987533,9240,Barrière Saint-Augustin,173.1,55;80;Bus F
Z6CT3,Bordeaux,BOUCLE,59,0.055031,0.068280,44.8347986,-0.5987533,9241,Barrière Saint-Augustin,190.6,55;80;Bus F
Z6CT4,Bordeaux,BOUCLE,,,,44.8387194,-0.5991125,1323,Barrière d'Arès,296.3,9;H2
Z6CT4,Bordeaux,BOUCLE,,,,44.8387194,-0.5991125,2469,Barrière d'Arès,246.9,1;51;70
Z6CT4,Bordeaux,BOUCLE,,,,44.8387194,-0.5991125,1610,Barrière Judaïque,186.0,1;16;51;N3
Z6CT4,Bordeaux,BOUCLE,,,,44.8387194,-0.5991125,2328,Barrière Judaïque,218.4,70;9;H1
Z6CT4,Bordeaux,BOUCLE,,,,44.8387194,-0.5991125,2341,Barrière Judaïque,93.0,70;9;H2
Z6CT4,Bordeaux,BOUCLE,,,,44.8387194,-0.5991125,773,Lartigue,269.5,1;16;70
Z6CT2,Bordeaux,BOUCLE,65,0.067572,0.059276,44.839874,-0.5993177,1610,Barrière Judaïque,87.3,1;16;51;N3
Z6CT2,Bordeaux,BOUCLE,65,0.067572,0.059276,44.839874,-0.5993177,2328,Barrière Judaïque,90.1,70;9;H1
Z6CT2,Bordeaux,BOUCLE,65,0.067572,0.059276,44.839874,-0.5993177,2341,Barrière Judaïque,36.7,70;9;H2
Z6CT2,Bordeaux,BOUCLE,65,0.067572,0.059276,44.839874,-0.5993177,2342,Cité Administrative,190.9,70;9;H2;N3
Z6CT2,Bordeaux,BOUCLE,65,0.067572,0.059276,44.839874,-0.5993177,2420,Cité administrative,200.3,16
Z6CT2,Bordeaux,BOUCLE,65,0.067572,0.059276,44.839874,-0.5993177,773,Lartigue,215.4,1;16;70
Z6CT2,Bordeaux,BOUCLE,65,0.067572,0.059276,44.839874,-0.5993177,2095,Moulin Rouge,277.0,1;16
Z6CT5,Bordeaux,BOUCLE,0,,,44.8407057,-0.5928835,354,Chevalier,173.5,16
Z6CT5,Bordeaux,BOUCLE,0,,,44.8407057,-0.5928835,1332,Dutertre,5.2,1;16;70
Z6CT5,Bordeaux,BOUCLE,0,,,44.8407057,-0.5928835,856,Dutertre,39.9,82
Z6CT5,Bordeaux,BOUCLE,0,,,44.8407057,-0.5928835,799,Kieser,243.4,82
Z6CT5,Bordeaux,BOUCLE,0,,,44.8407057,-0.5928835,1259,Lartigue,237.4,16
Z6CT5,Bordeaux,BOUCLE,0,,,44.8407057,-0.5928835,735,Piscine Judaïque,164.2,1;16;51
Z6CT5,Bordeaux,BOUCLE,0,,,44.8407057,-0.5928835,915,Piscine Judaïque,206.6,82
Z6CT6,Bordeaux,BOUCLE,0,,,44.8400555,-0.6013362,1610,Barrière Judaïque,77.6,1;16;51;N3
Z6CT6,Bordeaux,BOUCLE,0,,,44.8400555,-0.6013362,2328,Barrière Judaïque,180.2,70;9;H1
Z6CT6,Bordeaux,BOUCLE,0,,,44.8400555,-0.6013362,2341,Barrière Judaïque,169.8,70;9;H2
Z6CT6,Bordeaux,BOUCLE,0,,,44.8400555,-0.6013362,2342,Cité Administrative,219.1,70;9;H2;N3
Z6CT6,Bordeaux,BOUCLE,0,,,44.8400555,-0.6013362,2420,Cité administrative,178.2,16
Z6CT6,Bordeaux,BOUCLE,0,,,44.8400555,-0.6013362,2095,Moulin Rouge,118.4,1;16
Z6CT6,Bordeaux,BOUCLE,0,,,44.8400555,-0.6013362,5380,Moulin Rouge,171.3,73
Z6CT19,Bordeaux,BOUCLE,31,0.073828,0.080286,44.8395507,-0.6078614,2453,Clinique Bel Air,51.3,1;73
Z6CT19,Bordeaux,BOUCLE,31,0.073828,0.080286,44.8395507,-0.6078614,5424,Clinique Bel Air,39.8,16
Z6CT19,Bordeaux,BOUCLE,31,0.073828,0.080286,44.8395507,-0.6078614,2454,Etchénique,282.6,1;73
Z6CT10,Mérignac,BOUCLE,0,,,44.8383701,-0.6140944,2454,Etchénique,233.7,1;73
Z6CT10,Mérignac,BOUCLE,0,,,44.8383701,-0.6140944,644,Lognac,196.6,1;73
Z6CT10,Mérignac,BOUCLE,0,,,44.8383701,-0.6140944,730,Mondésir Poste,274.7,1;73
Z6CT10,Mérignac,BOUCLE,0,,,44.8383701,-0.6140944,2467,Place Mondésir,92.3,1;51;73
Z6CT10,Mérignac,BOUCLE,0,,,44.8383701,-0.6140944,299,Place Mondésir,224.1,1;51;73
Z6CT12,Bordeaux,BOUCLE,17,0.075780,0.076832,44.8367576,-0.5968019,1323,Barrière d'Arès,190.6,9;H2
Z6CT12,Bordeaux,BOUCLE,17,0.075780,0.076832,44.8367576,-0.5968019,2327,Barrière d'Arès,187.5,9;H1
Z6CT12,Bordeaux,BOUCLE,17,0.075780,0.076832,44.8367576,-0.5968019,2469,Barrière d'Arès,115.2,1;51;70
Z6CT12,Bordeaux,BOUCLE,17,0.075780,0.076832,44.8367576,-0.5968019,2470,La Chartreuse,236.4,1;70
Z27CT7,Pessac,BOUCLE,15,0.078706,0.096841,44.8087492,-0.6626396,3144,Socrate,54.4,30;S38;S46
Z27CT7,Pessac,BOUCLE,15,0.078706,0.096841,44.8087492,-0.6626396,7412,Socrate,33.5,S38;S46
Z27CT7,Pessac,BOUCLE,15,0.078706,0.096841,44.8087492,-0.6626396,808,Socrate,57.6,30
Z27CT6,Pessac,BOUCLE,70,0.089336,0.067705,44.8025503,-0.663169,1367,Le Trinquet,18.7,24;39;77;78
Z27CT6,Pessac,BOUCLE,70,0.089336,0.067705,44.8025503,-0.663169,2884,Le Trinquet,20.2,24;39;77;78
Z27CT6,Pessac,BOUCLE,70,0.089336,0.067705,44.8025503,-0.663169,26,Monbalon 2,295.8,24;77;78
Z27CT3,Pessac,BOUCLE,29,0.071121,0.094781,44.7996996,-0.6619426,1131,France Alouette,41.1,4
Z27CT3,Pessac,BOUCLE,29,0.071121,0.094781,44.7996996,-0.6619426,2783,France Alouette,175.8,4
Z27CT3,Pessac,BOUCLE,29,0.071121,0.094781,44.7996996,-0.6619426,2871,France Alouette,184.5,39;77
Z27CT3,Pessac,BOUCLE,29,0.071121,0.094781,44.7996996,-0.6619426,2881,France Alouette,142.4,39;77
Z27CT3,Pessac,BOUCLE,29,0.071121,0.094781,44.7996996,-0.6619426,7440,France Alouette,151.2,B
Z27CT3,Pessac,BOUCLE,29,0.071121,0.094781,44.7996996,-0.6619426,2765,Xavier Arnozan,236.3,4
Z27CT5,Pessac,BOUCLE,29,0.053241,0.099769,44.7970702,-0.6619654,1131,France Alouette,284.3,4
Z27CT5,Pessac,BOUCLE,29,0.053241,0.099769,44.7970702,-0.6619654,2783,France Alouette,225.3,4
Z27CT5,Pessac,BOUCLE,29,0.053241,0.099769,44.7970702,-0.6619654,2871,France Alouette,161.1,39;77
Z27CT5,Pessac,BOUCLE,29,0.053241,0.099769,44.7970702,-0.6619654,2881,France Alouette,189.9,39;77
Z27CT5,Pessac,BOUCLE,29,0.053241,0.099769,44.7970702,-0.6619654,7440,France Alouette,194.1,B
Z27CT5,Pessac,BOUCLE,29,0.053241,0.099769,44.7970702,-0.6619654,1197,Meyraud,292.2,4;77
Z27CT5,Pessac,BOUCLE,29,0.053241,0.099769,44.7970702,-0.6619654,1238,Meyraud,281.6,4;77
Z27CT11,Pessac,BOUCLE,37,0.053015,0.087448,44.7973367,-0.6656195,2766,Castaing,288.9,4;77
Z27CT11,Pessac,BOUCLE,37,0.053015,0.087448,44.7973367,-0.6656195,2782,Castaing,228.1,4;77
Z27CT11,Pessac,BOUCLE,37,0.053015,0.087448,44.7973367,-0.6656195,2783,France Alouette,216.0,4
Z27CT11,Pessac,BOUCLE,37,0.053015,0.087448,44.7973367,-0.6656195,2871,France Alouette,222.7,39;77
Z27CT11,Pessac,BOUCLE,37,0.053015,0.087448,44.7973367,-0.6656195,2881,France Alouette,255.8,39;77
Z27CT11,Pessac,BOUCLE,37,0.053015,0.087448,44.7973367,-0.6656195,7440,France Alouette,244.3,B
Z27CT11,Pessac,BOUCLE,37,0.053015,0.087448,44.7973367,-0.6656195,1197,Meyraud,3.4,4;77
Z27CT11,Pessac,BOUCLE,37,0.053015,0.087448,44.7973367,-0.6656195,1238,Meyraud,8.3,4;77
Z22CT12,Lormont,BOUCLE,14,0.099063,0.080589,44.879945,-0.5181813,3015,Cimetière de Lormont,283.0,32
Z22CT12,Lormont,BOUCLE,14,0.099063,0.080589,44.879945,-0.5181813,3684,Lauriers,96.4,A
Z22CT12,Lormont,BOUCLE,14,0.099063,0.080589,44.879945,-0.5181813,4040,Lauriers,68.1,54;66;Bus A
Z22CT12,Lormont,BOUCLE,14,0.099063,0.080589,44.879945,-0.5181813,5488,Lauriers,95.7,A
Z22CT12,Lormont,BOUCLE,14,0.099063,0.080589,44.879945,-0.5181813,5836,Lauriers,177.1,66
Z22CT12,Lormont,BOUCLE,14,0.099063,0.080589,44.879945,-0.5181813,4039,Lauriers (Tram A),115.2,54;66;Bus A
Z22CT13,Cenon,BOUCLE,0,0.055209,0.063130,44.8667967,-0.5091879,904,Kennedy (vers Buttinière),146.6,27;64;67;Artigues
Z22CT13,Cenon,BOUCLE,0,0.055209,0.063130,44.8667967,-0.5091879,1546,Kennedy (vers Rocade),184.3,27;64;67;Artigues
Z22CT13,Cenon,BOUCLE,0,0.055209,0.063130,44.8667967,-0.5091879,9743,Pierre Loti,224.1,66
Z22CT13,Cenon,BOUCLE,0,0.055209,0.063130,44.8667967,-0.5091879,9744,Pierre Loti,228.1,66
Z22CT4,Lormont,BOUCLE,0,0.075993,0.065746,44.8668593,-0.5092224,9729,4 Pavillons,298.5,54
Z22CT4,Lormont,BOUCLE,0,0.075993,0.065746,44.8668593,-0.5092224,904,Kennedy (vers Buttinière),145.3,27;64;67;Artigues
Z22CT4,Lormont,BOUCLE,0,0.075993,0.065746,44.8668593,-0.5092224,1546,Kennedy (vers Rocade),184.3,27;64;67;Artigues
Z22CT4,Lormont,BOUCLE,0,0.075993,0.065746,44.8668593,-0.5092224,9743,Pierre Loti,225.3,66
Z22CT4,Lormont,BOUCLE,0,0.075993,0.065746,44.8668593,-0.5092224,9744,Pierre Loti,229.0,66
Z5CT18,Bordeaux,BOUCLE,0,,,44.8308671,-0.5554624,9249,MECA,282.2,1;Arena
Z5CT18,Bordeaux,BOUCLE,0,,,44.8308671,-0.5554624,9717,MECA (Paludate),281.1,1;Arena;G
Z5CT18,Bordeaux,BOUCLE,0,,,44.8308671,-0.5554624,9268,MECA (Terres de Borde),260.5,31
Z5CT18,Bordeaux,BOUCLE,0,,,44.8308671,-0.5554624,9269,MECA (Terres de Borde),259.2,31
Z8CT14,Bordeaux,BOUCLE,0,0.098615,0.069529,44.840426,-0.561341,3710,Stalingrad,123.5,A;E
Z8CT14,Bordeaux,BOUCLE,0,0.098615,0.069529,44.840426,-0.561341,3711,Stalingrad,128.4,A;E
Z8CT14,Bordeaux,BOUCLE,0,0.098615,0.069529,44.840426,-0.561341,5801,Stalingrad,220.2,24;25;65
Z8CT14,Bordeaux,BOUCLE,0,0.098615,0.069529,44.840426,-0.561341,8142,Stalingrad,149.4,65;Bus F;N2
Z8CT14,Bordeaux,BOUCLE,0,0.098615,0.069529,44.840426,-0.561341,9834,Stalingrad,77.8,28;N4
Z8CT14,Bordeaux,BOUCLE,0,0.098615,0.069529,44.840426,-0.561341,9835,Stalingrad,78.6,60
Z8CT14,Bordeaux,BOUCLE,0,0.098615,0.069529,44.840426,-0.561341,6903,Stalingrad (Parlier),208.0,952
Z8CT14,Bordeaux,BOUCLE,0,0.098615,0.069529,44.840426,-0.561341,7191,Stalingrad (rue de la Benauge),227.5,24;25
Z8CT14,Bordeaux,BOUCLE,0,0.098615,0.069529,44.840426,-0.561341,5854,Stalingrad (Sem),226.2,Arena
Z8CT14,Bordeaux,BOUCLE,0,0.098615,0.069529,44.840426,-0.561341,8132,Stalingrad (Tram A),106.0,Arena;Bus F
Z8CT3,Bordeaux,BOUCLE,15,0.077250,0.071410,44.8462381,-0.5502641,3706,Thiers-Benauge,69.7,A;E
Z8CT3,Bordeaux,BOUCLE,15,0.077250,0.071410,44.8462381,-0.5502641,3707,Thiers-Benauge,63.3,A;E
Z8CT18,Bordeaux,BOUCLE,6,0.074404,0.076184,44.8532276,-0.5395948,3702,Jean Jaurès,150.4,A;E
Z8CT18,Bordeaux,BOUCLE,6,0.074404,0.076184,44.8532276,-0.5395948,3703,Jean Jaurès,159.4,A;E
Z8CT18,Bordeaux,BOUCLE,6,0.074404,0.076184,44.8532276,-0.5395948,8541,Jean Jaurès,149.9,31;H2
Z8CT18,Bordeaux,BOUCLE,6,0.074404,0.076184,44.8532276,-0.5395948,8542,Jean Jaurès,165.6,31;H1
Z8CT17,Cenon,BOUCLE,21,0.069662,0.055260,44.8587369,-0.5301693,3698,Carnot - Mairie de Cenon,156.0,A;E
Z8CT17,Cenon,BOUCLE,21,0.069662,0.055260,44.8587369,-0.5301693,3699,Carnot - Mairie de Cenon,150.2,A;E
Z8CT17,Cenon,BOUCLE,21,0.069662,0.055260,44.8587369,-0.5301693,3626,Jean Jaurès,218.6,60
Z8CT17,Cenon,BOUCLE,21,0.069662,0.055260,44.8587369,-0.5301693,3627,Jean Jaurès,216.5,60
Z25CT24,Bordeaux,BOUCLE,3,0.068138,0.124760,44.8773476,-0.5442623,5534,Claveau,67.8,B
Z25CT24,Bordeaux,BOUCLE,3,0.068138,0.124760,44.8773476,-0.5442623,5535,Claveau,63.9,B
Z25CT12,Bordeaux,BOUCLE,37,0.074533,0.089313,44.8727517,-0.576322,3125,Claudeville,201.3,33;35
Z25CT12,Bordeaux,BOUCLE,37,0.074533,0.089313,44.8727517,-0.576322,3277,Claudeville,150.8,33;35
Z25CT12,Bordeaux,BOUCLE,37,0.074533,0.089313,44.8727517,-0.576322,7343,Cracovie,192.4,C;E
Z25CT12,Bordeaux,BOUCLE,37,0.074533,0.089313,44.8727517,-0.576322,7344,Cracovie,202.4,C;E
Z25CT12,Bordeaux,BOUCLE,37,0.074533,0.089313,44.8727517,-0.576322,9259,Cracovie,46.9,53
Z25CT12,Bordeaux,BOUCLE,37,0.074533,0.089313,44.8727517,-0.576322,7265,Cracovie (Tram C et E),260.7,33;35;53;7
Z25CT12,Bordeaux,BOUCLE,37,0.074533,0.089313,44.8727517,-0.576322,3006,Les Aubiers,218.3,7;N1
Z25CT12,Bordeaux,BOUCLE,37,0.074533,0.089313,44.8727517,-0.576322,378,Les Aubiers,149.6,7
Z25CT12,Bordeaux,BOUCLE,37,0.074533,0.089313,44.8727517,-0.576322,5414,Les Aubiers,216.5,C
Z25CT12,Bordeaux,BOUCLE,37,0.074533,0.089313,44.8727517,-0.576322,5415,Les Aubiers,210.5,C;E
Z25CT12,Bordeaux,BOUCLE,37,0.074533,0.089313,44.8727517,-0.576322,6683,Les Aubiers,64.5,33;35
Z25CT12,Bordeaux,BOUCLE,37,0.074533,0.089313,44.8727517,-0.576322,6684,Les Aubiers,37.0,33;35
Z25CT4,Bordeaux,BOUCLE,,,,44.886478,-0.5604764,5743,Rond Point Marie Fel,235.5,32;75
Z25CT4,Bordeaux,BOUCLE,,,,44.886478,-0.5604764,5744,Rond Point Marie Fel,255.1,32;75
Z25CT1,Bordeaux,BOUCLE,21,0.097928,0.066990,44.8909442,-0.5635556,3003,Palais des Congrès,295.7,32
Z25CT1,Bordeaux,BOUCLE,21,0.097928,0.066990,44.8909442,-0.5635556,4700,Richaud,195.4,32
Z25CT1,Bordeaux,BOUCLE,21,0.097928,0.066990,44.8909442,-0.5635556,4800,Richaud,193.0,32
Z25CT1,Bordeaux,BOUCLE,21,0.097928,0.066990,44.8909442,-0.5635556,3652,Vergne-Bricaud,192.4,75
Z25CT1,Bordeaux,BOUCLE,21,0.097928,0.066990,44.8909442,-0.5635556,3653,Vergne-Bricaud,185.9,75
Z16CT2,Pessac,BOUCLE,29,0.080330,0.086081,44.8101544,-0.6213496,2761,Avenue Jean Jaurès,152.2,4
Z16CT2,Pessac,BOUCLE,29,0.080330,0.086081,44.8101544,-0.6213496,2789,Avenue Jean Jaurès,212.8,4
Z16CT2,Pessac,BOUCLE,29,0.080330,0.086081,44.8101544,-0.6213496,2031,Les Echoppes,67.2,4
Z16CT2,Pessac,BOUCLE,29,0.080330,0.086081,44.8101544,-0.6213496,2790,Les Echoppes,89.3,4
Z16CT6,Pessac,BOUCLE,22,,,44.8059414,-0.6321666,3252,Nancel Pénard,287.7,24;30;35;74;77;78
Z16CT6,Pessac,BOUCLE,22,,,44.8059414,-0.6321666,2763,Pessac Centre,29.8,35;4;77;87
Z16CT6,Pessac,BOUCLE,22,,,44.8059414,-0.6321666,2788,Pessac Centre,122.4,35;4
Z16CT6,Pessac,BOUCLE,22,,,44.8059414,-0.6321666,5247,Pessac Centre,185.8,B
Z16CT6,Pessac,BOUCLE,22,,,44.8059414,-0.6321666,5293,Pessac Centre (Tram B),178.2,24;55
Z16CT6,Pessac,BOUCLE,22,,,44.8059414,-0.6321666,5294,Pessac Centre (Tram B),136.5,30;78;87
Z16CT6,Pessac,BOUCLE,22,,,44.8059414,-0.6321666,5297,Pessac Centre (Tram B),157.3,77
Z16CT6,Pessac,BOUCLE,22,,,44.8059414,-0.6321666,5285,Pessac Centre (Trendel),100.7,24;30;35;55;74;77;78
Z16CT6,Pessac,BOUCLE,22,,,44.8059414,-0.6321666,5286,Pessac Centre (Trendel),56.3,74;78
Z16CT6,Pessac,BOUCLE,22,,,44.8059414,-0.6321666,425,Rosa Bonheur,220.4,24;30
Z16CT10,Pessac,BOUCLE,18,0.080406,0.091770,44.8085464,-0.6314101,1150,Le Poujeau,193.9,24
Z16CT10,Pessac,BOUCLE,18,0.080406,0.091770,44.8085464,-0.6314101,353,Le Poujeau,199.0,24
Z16CT10,Pessac,BOUCLE,18,0.080406,0.091770,44.8085464,-0.6314101,1064,Nancel Pénard,215.1,30
Z16CT10,Pessac,BOUCLE,18,0.080406,0.091770,44.8085464,-0.6314101,1569,Nancel Pénard,180.9,35;74;77;78
Z16CT10,Pessac,BOUCLE,18,0.080406,0.091770,44.8085464,-0.6314101,3252,Nancel Pénard,96.2,24;30;35;74;77;78
Z16CT10,Pessac,BOUCLE,18,0.080406,0.091770,44.8085464,-0.6314101,2763,Pessac Centre,281.7,35;4;77;87
Z16CT10,Pessac,BOUCLE,18,0.080406,0.091770,44.8085464,-0.6314101,2788,Pessac Centre,268.4,35;4
Z16CT10,Pessac,BOUCLE,18,0.080406,0.091770,44.8085464,-0.6314101,425,Rosa Bonheur,239.5,24;30
Z10CT2,Bordeaux,BOUCLE,60,0.064931,0.071694,44.8273029,-0.5923272,1757,Barrière de Pessac (Boulevards),232.9,20;9;H1;N4
Z10CT2,Bordeaux,BOUCLE,60,0.064931,0.071694,44.8273029,-0.5923272,9820,Barrière de Pessac (Boulevards),254.8,9;H2
Z10CT2,Bordeaux,BOUCLE,60,0.064931,0.071694,44.8273029,-0.5923272,1771,Xaintrailles,50.0,24
Z10CT2,Bordeaux,BOUCLE,60,0.064931,0.071694,44.8273029,-0.5923272,1804,Xaintrailles,61.3,20;9;H2
Z10CT2,Bordeaux,BOUCLE,60,0.064931,0.071694,44.8273029,-0.5923272,620,Xaintrailles,113.1,24
Z10CT2,Bordeaux,BOUCLE,60,0.064931,0.071694,44.8273029,-0.5923272,647,Xaintrailles,143.4,20;80;9;H1
Z10CT2,Bordeaux,BOUCLE,60,0.064931,0.071694,44.8273029,-0.5923272,9828,Xaintrailles,73.8,80
Z10CT12,Bordeaux,BOUCLE,29,0.082998,0.061897,44.8271287,-0.5949668,13223,Campeyraut,175.3,20
Z10CT12,Bordeaux,BOUCLE,29,0.082998,0.061897,44.8271287,-0.5949668,137,Campeyraut,171.1,24;80
Z10CT12,Bordeaux,BOUCLE,29,0.082998,0.061897,44.8271287,-0.5949668,2753,Campeyraut,200.8,24;80;N4
Z10CT12,Bordeaux,BOUCLE,29,0.082998,0.061897,44.8271287,-0.5949668,1771,Xaintrailles,251.8,24
Z10CT12,Bordeaux,BOUCLE,29,0.082998,0.061897,44.8271287,-0.5949668,1804,Xaintrailles,169.1,20;9;H2
Z10CT12,Bordeaux,BOUCLE,29,0.082998,0.061897,44.8271287,-0.5949668,620,Xaintrailles,230.8,24
Z10CT12,Bordeaux,BOUCLE,29,0.082998,0.061897,44.8271287,-0.5949668,647,Xaintrailles,164.9,20;80;9;H1
Z10CT12,Bordeaux,BOUCLE,29,0.082998,0.061897,44.8271287,-0.5949668,9828,Xaintrailles,137.5,80
Z10CT4,Bordeaux,BOUCLE,51,,,44.8256255,-0.5896287,2740,Barrière de Pessac,103.2,20;4
Z10CT4,Bordeaux,BOUCLE,51,,,44.8256255,-0.5896287,2752,Barrière de Pessac,89.5,20;4
Z10CT4,Bordeaux,BOUCLE,51,,,44.8256255,-0.5896287,1757,Barrière de Pessac (Boulevards),50.1,20;9;H1;N4
Z10CT4,Bordeaux,BOUCLE,51,,,44.8256255,-0.5896287,9820,Barrière de Pessac (Boulevards),30.3,9;H2
Z10CT4,Bordeaux,BOUCLE,51,,,44.8256255,-0.5896287,3310,Boulevard George V,258.7,9;H1;N4
Z10CT4,Bordeaux,BOUCLE,51,,,44.8256255,-0.5896287,1266,Jeanne d'Arc,296.9,4
Z10CT4,Bordeaux,BOUCLE,51,,,44.8256255,-0.5896287,2830,Jeanne d'Arc,270.5,4
Z10CT4,Bordeaux,BOUCLE,51,,,44.8256255,-0.5896287,1771,Xaintrailles,279.7,24
Z10CT3,Talence,BOUCLE,69,0.067176,0.063632,44.8241803,-0.5873978,2740,Barrière de Pessac,201.4,20;4
Z10CT3,Talence,BOUCLE,69,0.067176,0.063632,44.8241803,-0.5873978,2752,Barrière de Pessac,201.4,20;4
Z10CT3,Talence,BOUCLE,69,0.067176,0.063632,44.8241803,-0.5873978,1757,Barrière de Pessac (Boulevards),288.4,20;9;H1;N4
Z10CT3,Talence,BOUCLE,69,0.067176,0.063632,44.8241803,-0.5873978,9820,Barrière de Pessac (Boulevards),266.7,9;H2
Z10CT3,Talence,BOUCLE,69,0.067176,0.063632,44.8241803,-0.5873978,2344,Boulevard George V,73.4,9;H2
Z10CT3,Talence,BOUCLE,69,0.067176,0.063632,44.8241803,-0.5873978,3310,Boulevard George V,20.6,9;H1;N4
Z10CT16,Bordeaux,BOUCLE,31,,,44.8218025,-0.5941816,1077,14 Juillet,112.0,4
Z10CT16,Bordeaux,BOUCLE,31,,,44.8218025,-0.5941816,775,14 Juillet,100.7,4
Z10CT16,Bordeaux,BOUCLE,31,,,44.8218025,-0.5941816,1252,Edison,229.1,4
Z10CT16,Bordeaux,BOUCLE,31,,,44.8218025,-0.5941816,1390,Edison,87.1,4
Z10CT16,Bordeaux,BOUCLE,31,,,44.8218025,-0.5941816,1266,Jeanne d'Arc,261.6,4
Z10CT16,Bordeaux,BOUCLE,31,,,44.8218025,-0.5941816,2830,Jeanne d'Arc,286.3,4
Z10CT9,Talence,BOUCLE,,0.087778,0.085768,44.8192005,-0.5986224,1252,Edison,227.7,4
Z10CT9,Talence,BOUCLE,,0.087778,0.085768,44.8192005,-0.5986224,2434,La Médoquine,37.7,4
Z10CT9,Talence,BOUCLE,,0.087778,0.085768,44.8192005,-0.5986224,2847,La Médoquine,21.7,4
Z10CT9,Talence,BOUCLE,,0.087778,0.085768,44.8192005,-0.5986224,13159,Réservoir Lavardens,294.6,73;8;80
Z10CT9,Talence,BOUCLE,,0.087778,0.085768,44.8192005,-0.5986224,13184,Réservoir Lavardens,280.8,73;8;80
Z10CT9,Talence,BOUCLE,,0.087778,0.085768,44.8192005,-0.5986224,187,Réservoir Lavardens,263.0,4
Z10CT18,Bordeaux,BOUCLE,0,0.076582,0.065325,44.8239599,-0.5997032,3527,Bordeaux Carreire,289.4,8
Z10CT18,Bordeaux,BOUCLE,0,0.076582,0.065325,44.8239599,-0.5997032,13219,Charles Perrens,181.8,73
Z10CT18,Bordeaux,BOUCLE,0,0.076582,0.065325,44.8239599,-0.5997032,13222,Charles Perrens,187.9,73
Z10CT18,Bordeaux,BOUCLE,0,0.076582,0.065325,44.8239599,-0.5997032,1770,Charles Perrens,20.2,24;8;80
Z10CT18,Bordeaux,BOUCLE,0,0.076582,0.065325,44.8239599,-0.5997032,2754,Charles Perrens,112.8,24;8;80
Z10CT18,Bordeaux,BOUCLE,0,0.076582,0.065325,44.8239599,-0.5997032,322,Privat,70.0,24;8
Z10CT21,Bordeaux,BOUCLE,0,0.060080,0.063876,44.8215831,-0.6017786,13219,Charles Perrens,157.9,73
Z10CT21,Bordeaux,BOUCLE,0,0.060080,0.063876,44.8215831,-0.6017786,13222,Charles Perrens,152.3,73
Z10CT21,Bordeaux,BOUCLE,0,0.060080,0.063876,44.8215831,-0.6017786,1770,Charles Perrens,290.7,24;8;80
Z10CT21,Bordeaux,BOUCLE,0,0.060080,0.063876,44.8215831,-0.6017786,2754,Charles Perrens,204.0,24;8;80
Z10CT21,Bordeaux,BOUCLE,0,0.060080,0.063876,44.8215831,-0.6017786,13159,Réservoir Lavardens,272.6,73;8;80
Z10CT21,Bordeaux,BOUCLE,0,0.060080,0.063876,44.8215831,-0.6017786,13184,Réservoir Lavardens,266.0,73;8;80
Z10CT21,Bordeaux,BOUCLE,0,0.060080,0.063876,44.8215831,-0.6017786,5536,Tauzin,57.3,73;8;80
Z10CT21,Bordeaux,BOUCLE,0,0.060080,0.063876,44.8215831,-0.6017786,5537,Tauzin,31.6,73;8;80
Z10CT23,Bordeaux,BOUCLE,0,0.064496,0.071835,44.8221412,-0.6013777,13219,Charles Perrens,96.1,73
Z10CT23,Bordeaux,BOUCLE,0,0.064496,0.071835,44.8221412,-0.6013777,13222,Charles Perrens,91.6,73
Z10CT23,Bordeaux,BOUCLE,0,0.064496,0.071835,44.8221412,-0.6013777,1770,Charles Perrens,221.4,24;8;80
Z10CT23,Bordeaux,BOUCLE,0,0.064496,0.071835,44.8221412,-0.6013777,2754,Charles Perrens,134.5,24;8;80
Z10CT23,Bordeaux,BOUCLE,0,0.064496,0.071835,44.8221412,-0.6013777,5536,Tauzin,126.9,73;8;80
Z10CT23,Bordeaux,BOUCLE,0,0.064496,0.071835,44.8221412,-0.6013777,5537,Tauzin,99.8,73;8;80
Z10CT10,Bordeaux,BOUCLE,,,,44.8261209,-0.588,2740,Barrière de Pessac,40.9,20;4
Z10CT10,Bordeaux,BOUCLE,,,,44.8261209,-0.588,2752,Barrière de Pessac,54.1,20;4
Z10CT10,Bordeaux,BOUCLE,,,,44.8261209,-0.588,1757,Barrière de Pessac (Boulevards),166.0,20;9;H1;N4
Z10CT10,Bordeaux,BOUCLE,,,,44.8261209,-0.588,9820,Barrière de Pessac (Boulevards),162.8,9;H2
Z10CT10,Bordeaux,BOUCLE,,,,44.8261209,-0.588,2344,Boulevard George V,288.2,9;H2
Z10CT10,Bordeaux,BOUCLE,,,,44.8261209,-0.588,3310,Boulevard George V,236.5,9;H1;N4
Z10CT10,Bordeaux,BOUCLE,,,,44.8261209,-0.588,2751,Caserne Boudet,179.6,20;4
Z10CT10,Bordeaux,BOUCLE,,,,44.8261209,-0.588,3568,Caserne Boudet,270.5,20;4
Z1003CT20,Bordeaux,BOUCLE,,,,44.8287153,-0.588199,2121,Alphonse Dupeux,209.8,4
Z1003CT20,Bordeaux,BOUCLE,,,,44.8287153,-0.588199,316,Alphonse Dupeux,106.0,24
Z1003CT20,Bordeaux,BOUCLE,,,,44.8287153,-0.588199,3207,Alphonse Dupeux,208.0,24
Z1003CT20,Bordeaux,BOUCLE,,,,44.8287153,-0.588199,2751,Caserne Boudet,211.4,20;4
Z1003CT20,Bordeaux,BOUCLE,,,,44.8287153,-0.588199,3568,Caserne Boudet,168.7,20;4
Z1003CT20,Bordeaux,BOUCLE,,,,44.8287153,-0.588199,199,Livran,177.9,24
Z12AE,Bègles,SIREDO,,0.061584,0.083284,44.809918,-0.5626195,5874,Ecole La Ferrade,237.6,S4
Z12AE,Bègles,SIREDO,,0.061584,0.083284,44.809918,-0.5626195,3183,Fellonneau,201.0,15
Z12AE,Bègles,SIREDO,,0.061584,0.083284,44.809918,-0.5626195,721,Fellonneau,217.9,15
Z12AE,Bègles,SIREDO,,0.061584,0.083284,44.809918,-0.5626195,1147,Nouzarède,69.1,15
Z12AE,Bègles,SIREDO,,0.061584,0.083284,44.809918,-0.5626195,754,Nouzarède,19.4,15
Z12AE,Bègles,SIREDO,,0.061584,0.083284,44.809918,-0.5626195,5875,Victor Hugo,185.2,S4
Z24AS,Eysines,SIREDO,,0.068338,0.086332,44.8641311,-0.661233,3985,Mermoz,297.9,38
Z24AS,Eysines,SIREDO,,0.068338,0.086332,44.8641311,-0.661233,2991,Saint-Exupéry,62.9,72
Z24AS,Eysines,SIREDO,,0.068338,0.086332,44.8641311,-0.661233,9165,Saint-Exupéry,59.9,G
Z24AS,Eysines,SIREDO,,0.068338,0.086332,44.8641311,-0.661233,9166,Saint-Exupéry,35.1,G
Z24AS,Eysines,SIREDO,,0.068338,0.086332,44.8641311,-0.661233,981,Saint-Exupéry,34.4,72
Z30CE,Mérignac,SIREDO,,,,44.8280339,-0.6701526,1702,Château Rouquey,139.3,20;33
Z30CE,Mérignac,SIREDO,,,,44.8280339,-0.6701526,32,Château Rouquey,32.2,20;33
Z30CE,Mérignac,SIREDO,,,,44.8280339,-0.6701526,1781,Ecole Arnaud Lafon,205.7,20;33
Z30CE,Mérignac,SIREDO,,,,44.8280339,-0.6701526,1795,Ecole Arnaud Lafon,253.9,20;33;S34
Z30DSN,Mérignac,SIREDO,,,,44.827584,-0.638318,9521,Chappé,193.7,S33
Z30DSN,Mérignac,SIREDO,,,,44.827584,-0.638318,9522,Chappé,189.2,S33
Z30DSN,Mérignac,SIREDO,,,,44.827584,-0.638318,9519,Frères Lumière,298.6,S33
Z30DSN,Mérignac,SIREDO,,,,44.827584,-0.638318,9520,Frères Lumière,291.1,S33
Z30DSN,Mérignac,SIREDO,,,,44.827584,-0.638318,15027,Mendes France,294.7,Bus F
Z30DSN,Mérignac,SIREDO,,,,44.827584,-0.638318,4474,Parc de Luchey,262.3,35
Z30DSN,Mérignac,SIREDO,,,,44.827584,-0.638318,4475,Parc de Luchey,137.6,35
Z30DSN,Mérignac,SIREDO,,,,44.827584,-0.638318,1027,Pierre Mendès France,276.1,35
Z30DSN,Mérignac,SIREDO,,,,44.827584,-0.638318,865,Pierre Mendès France,276.2,35
Z30DSN,Mérignac,SIREDO,,,,44.827584,-0.638318,9517,Émile Roux,224.5,S33
Z30DSN,Mérignac,SIREDO,,,,44.827584,-0.638318,9518,Émile Roux,229.8,S33
Z30ENS,Mérignac,SIREDO,,,,44.8180161,-0.6486935,5304,Stade Cruchon,85.7,34
Z30ENS,Mérignac,SIREDO,,,,44.8180161,-0.6486935,5305,Stade Cruchon,132.0,34
Z07AE,Mérignac,SIREDO,,0.040279,0.087135,44.8419538,-0.6627416,1294,Goillot,62.7,1;S53;S56;S64
Z07AE,Mérignac,SIREDO,,0.040279,0.087135,44.8419538,-0.6627416,791,Goillot,16.0,1;S53;S56;S64
Z07AE,Mérignac,SIREDO,,0.040279,0.087135,44.8419538,-0.6627416,1449,Gouraud,245.8,1;51;S53;S56;S64
Z07AE,Mérignac,SIREDO,,0.040279,0.087135,44.8419538,-0.6627416,2472,Gouraud,253.3,1;51;S53;S56;S64
Z07AE,Mérignac,SIREDO,,0.040279,0.087135,44.8419538,-0.6627416,1699,Jean Macé,224.4,1;S53;S56;S64
Z07AE,Mérignac,SIREDO,,0.040279,0.087135,44.8419538,-0.6627416,2473,Jean Macé,231.5,1;S53;S56;S64
Z07AS,Mérignac,SIREDO,,0.068874,0.062603,44.8420215,-0.6627592,1294,Goillot,61.9,1;S53;S56;S64
Z07AS,Mérignac,SIREDO,,0.068874,0.062603,44.8420215,-0.6627592,791,Goillot,18.0,1;S53;S56;S64
Z07AS,Mérignac,SIREDO,,0.068874,0.062603,44.8420215,-0.6627592,1449,Gouraud,245.4,1;51;S53;S56;S64
Z07AS,Mérignac,SIREDO,,0.068874,0.062603,44.8420215,-0.6627592,2472,Gouraud,253.1,1;51;S53;S56;S64
Z07AS,Mérignac,SIREDO,,0.068874,0.062603,44.8420215,-0.6627592,1699,Jean Macé,226.2,1;S53;S56;S64
Z07AS,Mérignac,SIREDO,,0.068874,0.062603,44.8420215,-0.6627592,2473,Jean Macé,233.6,1;S53;S56;S64
Z05BE,Floirac,SIREDO,,0.075655,0.069612,44.8209103,-0.5319093,1370,La Jacquotte,87.0,25
Z05BE,Floirac,SIREDO,,0.075655,0.069612,44.8209103,-0.5319093,8191,La Jacquotte,61.4,24
Z05BE,Floirac,SIREDO,,0.075655,0.069612,44.8209103,-0.5319093,8203,La Jacquotte,71.8,24;25
Z17AE,Talence,SIREDO,,0.062441,0.070305,44.8069661,-0.591622,7802,Médiathèque,200.4,23;31;TBNight
Z17AE,Talence,SIREDO,,0.062441,0.070305,44.8069661,-0.591622,7801,Médiathèque (côté Château Margaut),188.5,23;31;TBNight
Z17AE,Talence,SIREDO,,0.062441,0.070305,44.8069661,-0.591622,371,Peixotto,50.1,31;34;TBNight
Z17AE,Talence,SIREDO,,0.062441,0.070305,44.8069661,-0.591622,3741,Peixotto,82.5,B
Z17AE,Talence,SIREDO,,0.062441,0.070305,44.8069661,-0.591622,3742,Peixotto,88.9,B
Z17AE,Talence,SIREDO,,0.062441,0.070305,44.8069661,-0.591622,3551,Peixotto (côté Mairie),154.0,23
Z17AE,Talence,SIREDO,,0.062441,0.070305,44.8069661,-0.591622,4112,Peixotto (côté Université),152.4,23
Z17AE,Talence,SIREDO,,0.062441,0.070305,44.8069661,-0.591622,3819,Peixotto (Tram B),107.9,34
Z17AE,Talence,SIREDO,,0.062441,0.070305,44.8069661,-0.591622,8791,Peixotto (Tram B),129.9,31;TBNight
Z17BS,Talence,SIREDO,,,,44.7975333,-0.6012004,451,CREPS,263.1,31;34
Z17BS,Talence,SIREDO,,,,44.7975333,-0.6012004,562,CREPS,257.2,31;34
Z17BS,Talence,SIREDO,,,,44.7975333,-0.6012004,475,Ecole de Management,156.9,31;34;80
Z17BS,Talence,SIREDO,,,,44.7975333,-0.6012004,841,Ecole de Management,145.2,31;34
Z17BS,Talence,SIREDO,,,,44.7975333,-0.6012004,9228,Ecole de Management,144.5,80
Z17CS,Gradignan,SIREDO,,,,44.7883982,-0.6118538,3439,Eurofac,33.1,31
Z17CS,Gradignan,SIREDO,,,,44.7883982,-0.6118538,3440,Eurofac,175.6,31
Z28CT7,Saint-Médard-en-Jalles,BOUCLE,16,0.063818,0.085044,44.8881975,-0.7036716,9149,Bords de Jalles,16.8,G
Z28CT7,Saint-Médard-en-Jalles,BOUCLE,16,0.063818,0.085044,44.8881975,-0.7036716,9150,Bords de Jalles,13.8,G
Z28CT7,Saint-Médard-en-Jalles,BOUCLE,16,0.063818,0.085044,44.8881975,-0.7036716,3037,Gadret,112.2,S15;S16
Z28CT7,Saint-Médard-en-Jalles,BOUCLE,16,0.063818,0.085044,44.8881975,-0.7036716,3038,Gadret,71.1,S15;S16
Z28CT7,Saint-Médard-en-Jalles,BOUCLE,16,0.063818,0.085044,44.8881975,-0.7036716,3061,Gadret,87.8,39
Z28CT7,Saint-Médard-en-Jalles,BOUCLE,16,0.063818,0.085044,44.8881975,-0.7036716,3062,Gadret,112.6,39
Z28CT7,Saint-Médard-en-Jalles,BOUCLE,16,0.063818,0.085044,44.8881975,-0.7036716,3039,Moulin de Gajac,218.4,S15;S16
Z28CT7,Saint-Médard-en-Jalles,BOUCLE,16,0.063818,0.085044,44.8881975,-0.7036716,3040,Moulin de Gajac,273.2,S15;S16
Z28CT9,Saint-Médard-en-Jalles,BOUCLE,,,,44.8960049,-0.7102543,3977,Collège F. Mauriac,75.5,37;84;S22
Z28CT9,Saint-Médard-en-Jalles,BOUCLE,,,,44.8960049,-0.7102543,3978,Collège F. Mauriac,57.3,71;S22
Z28CT9,Saint-Médard-en-Jalles,BOUCLE,,,,44.8960049,-0.7102543,4215,Collège F. Mauriac,17.9,37;71;84;S15;S16
Z28CT9,Saint-Médard-en-Jalles,BOUCLE,,,,44.8960049,-0.7102543,9623,Collège F. Mauriac,231.1,S15;S16
Z28CT9,Saint-Médard-en-Jalles,BOUCLE,,,,44.8960049,-0.7102543,758,Tristan,269.4,71;S22
Z28CT9,Saint-Médard-en-Jalles,BOUCLE,,,,44.8960049,-0.7102543,961,Tristan,175.6,71;S22
Z9CT6,Bordeaux,BOUCLE,27,0.074634,0.067934,44.833267,-0.5963175,1094,Barrière Saint-Augustin,233.9,9;H2
Z9CT6,Bordeaux,BOUCLE,27,0.074634,0.067934,44.833267,-0.5963175,1758,Barrière Saint-Augustin,189.3,9;H1
Z9CT6,Bordeaux,BOUCLE,27,0.074634,0.067934,44.833267,-0.5963175,9240,Barrière Saint-Augustin,128.8,55;80;Bus F
Z9CT6,Bordeaux,BOUCLE,27,0.074634,0.067934,44.833267,-0.5963175,9241,Barrière Saint-Augustin,118.0,55;80;Bus F
Z9CT6,Bordeaux,BOUCLE,27,0.074634,0.067934,44.833267,-0.5963175,15040,Gaviniès,98.9,Bus F
Z9CT6,Bordeaux,BOUCLE,27,0.074634,0.067934,44.833267,-0.5963175,4583,Gaviniès,250.0,A;F
Z9CT6,Bordeaux,BOUCLE,27,0.074634,0.067934,44.833267,-0.5963175,4584,Gaviniès,255.0,A;F
Z9CT6,Bordeaux,BOUCLE,27,0.074634,0.067934,44.833267,-0.5963175,9115,Gaviniès,266.4,Bus F
Z9CT6,Bordeaux,BOUCLE,27,0.074634,0.067934,44.833267,-0.5963175,1595,Stade Chaban Delmas,211.0,20;80;9;H1
Z9CT6,Bordeaux,BOUCLE,27,0.074634,0.067934,44.833267,-0.5963175,1749,Stade Chaban Delmas,288.1,80;9;H2
Z9CT6,Bordeaux,BOUCLE,27,0.074634,0.067934,44.833267,-0.5963175,4585,Stade Chaban Delmas,223.0,A;F
Z9CT11,Bordeaux,BOUCLE,0,0.062651,0.065779,44.8332866,-0.6018416,1094,Barrière Saint-Augustin,260.0,9;H2
Z9CT11,Bordeaux,BOUCLE,0,0.062651,0.065779,44.8332866,-0.6018416,1758,Barrière Saint-Augustin,257.9,9;H1
Z9CT18,Bordeaux,BOUCLE,0,0.065236,0.070761,44.8308136,-0.6027345,15037,Hôpital Pellegrin,150.3,Bus F
Z9CT18,Bordeaux,BOUCLE,0,0.065236,0.070761,44.8308136,-0.6027345,15038,Hôpital Pellegrin,184.1,Bus F
Z9CT18,Bordeaux,BOUCLE,0,0.065236,0.070761,44.8308136,-0.6027345,4587,Hôpital Pellegrin,160.6,A;F
Z9CT18,Bordeaux,BOUCLE,0,0.065236,0.070761,44.8308136,-0.6027345,4588,Hôpital Pellegrin,163.7,A;F
Z9CT18,Bordeaux,BOUCLE,0,0.065236,0.070761,44.8308136,-0.6027345,13220,Hôpital Pellegrin (Entrée Est),159.9,73
Z9CT18,Bordeaux,BOUCLE,0,0.065236,0.070761,44.8308136,-0.6027345,13221,Hôpital Pellegrin (Entrée Est),169.6,55;73
Z9CT18,Bordeaux,BOUCLE,0,0.065236,0.070761,44.8308136,-0.6027345,1715,Hôpital Pellegrin (entrée Est),153.5,8
Z9CT18,Bordeaux,BOUCLE,0,0.065236,0.070761,44.8308136,-0.6027345,681,Hôpital Pellegrin (entrée Est),242.3,20;8
Z9CT18,Bordeaux,BOUCLE,0,0.065236,0.070761,44.8308136,-0.6027345,300,Hôpital Pellegrin (Grand Maurian),185.4,20;73
Z9CT18,Bordeaux,BOUCLE,0,0.065236,0.070761,44.8308136,-0.6027345,400,Hôpital Pellegrin (Grand Maurian),119.0,20;73
Z9CT18,Bordeaux,BOUCLE,0,0.065236,0.070761,44.8308136,-0.6027345,4586,Stade Chaban Delmas,289.2,A;F
Z9CT19,Bordeaux,BOUCLE,0,,,44.8297447,-0.6032539,13224,Bordeaux Carreire,282.9,8
Z9CT19,Bordeaux,BOUCLE,0,,,44.8297447,-0.6032539,15037,Hôpital Pellegrin,94.9,Bus F
Z9CT19,Bordeaux,BOUCLE,0,,,44.8297447,-0.6032539,15038,Hôpital Pellegrin,141.3,Bus F
Z9CT19,Bordeaux,BOUCLE,0,,,44.8297447,-0.6032539,4587,Hôpital Pellegrin,115.0,A;F
Z9CT19,Bordeaux,BOUCLE,0,,,44.8297447,-0.6032539,4588,Hôpital Pellegrin,115.4,A;F
Z9CT19,Bordeaux,BOUCLE,0,,,44.8297447,-0.6032539,13220,Hôpital Pellegrin (Entrée Est),104.8,73
Z9CT19,Bordeaux,BOUCLE,0,,,44.8297447,-0.6032539,13221,Hôpital Pellegrin (Entrée Est),128.4,55;73
Z9CT19,Bordeaux,BOUCLE,0,,,44.8297447,-0.6032539,1715,Hôpital Pellegrin (entrée Est),38.6,8
Z9CT19,Bordeaux,BOUCLE,0,,,44.8297447,-0.6032539,681,Hôpital Pellegrin (entrée Est),130.3,20;8
Z9CT19,Bordeaux,BOUCLE,0,,,44.8297447,-0.6032539,300,Hôpital Pellegrin (Grand Maurian),201.4,20;73
Z9CT19,Bordeaux,BOUCLE,0,,,44.8297447,-0.6032539,400,Hôpital Pellegrin (Grand Maurian),140.3,20;73
Z9CT19,Bordeaux,BOUCLE,0,,,44.8297447,-0.6032539,13227,Terminus Hôpital Pellegrin (Entrée Est),220.6,73
Z9CT15,Bordeaux,BOUCLE,29,0.078050,0.063406,44.8279171,-0.6125429,5228,François Mitterrand,160.4,A;F
Z9CT15,Bordeaux,BOUCLE,29,0.078050,0.063406,44.8279171,-0.6125429,5229,François Mitterrand,153.9,A;F
Z9CT15,Bordeaux,BOUCLE,29,0.078050,0.063406,44.8279171,-0.6125429,15033,Mitterrand,145.6,Bus F
Z9CT15,Bordeaux,BOUCLE,29,0.078050,0.063406,44.8279171,-0.6125429,15034,Mitterrand,193.4,Bus F
Z9CT15,Bordeaux,BOUCLE,29,0.078050,0.063406,44.8279171,-0.6125429,15035,Saint Augustin,223.3,Bus F
Z9CT15,Bordeaux,BOUCLE,29,0.078050,0.063406,44.8279171,-0.6125429,15036,Saint Augustin,178.8,Bus F
Z9CT15,Bordeaux,BOUCLE,29,0.078050,0.063406,44.8279171,-0.6125429,4589,Saint-Augustin,203.7,A;F
Z9CT15,Bordeaux,BOUCLE,29,0.078050,0.063406,44.8279171,-0.6125429,4590,Saint-Augustin,208.6,A;F
Z9CT16,Mérignac,BOUCLE,48,0.058683,0.076555,44.8264868,-0.6162352,5228,François Mitterrand,171.9,A;F
Z9CT16,Mérignac,BOUCLE,48,0.058683,0.076555,44.8264868,-0.6162352,5229,François Mitterrand,178.7,A;F
Z9CT16,Mérignac,BOUCLE,48,0.058683,0.076555,44.8264868,-0.6162352,15033,Mitterrand,188.2,Bus F
Z9CT16,Mérignac,BOUCLE,48,0.058683,0.076555,44.8264868,-0.6162352,15034,Mitterrand,138.7,Bus F
Z9CT16,Mérignac,BOUCLE,48,0.058683,0.076555,44.8264868,-0.6162352,5230,Peychotte,293.8,A;F
Z9CT16,Mérignac,BOUCLE,48,0.058683,0.076555,44.8264868,-0.6162352,5231,Peychotte,287.5,A;F
Z9CT16,Mérignac,BOUCLE,48,0.058683,0.076555,44.8264868,-0.6162352,5284,Peychotte,249.9,78
Z9CT16,Mérignac,BOUCLE,48,0.058683,0.076555,44.8264868,-0.6162352,5815,Peychotte,221.9,Bus F
Z9CT16,Mérignac,BOUCLE,48,0.058683,0.076555,44.8264868,-0.6162352,9507,Riaud,294.7,S33;S37
Z9CT16,Mérignac,BOUCLE,48,0.058683,0.076555,44.8264868,-0.6162352,9508,Riaud,297.6,S33;S37
Z9CT14,Mérignac,BOUCLE,36,0.061618,0.067647,44.8265605,-0.6209141,5814,Aristide Briand,274.0,S33;S37
Z9CT14,Mérignac,BOUCLE,36,0.061618,0.067647,44.8265605,-0.6209141,9127,Aristide Briand,284.5,74;S33;S37
Z9CT14,Mérignac,BOUCLE,36,0.061618,0.067647,44.8265605,-0.6209141,5230,Peychotte,75.6,A;F
Z9CT14,Mérignac,BOUCLE,36,0.061618,0.067647,44.8265605,-0.6209141,5231,Peychotte,81.6,A;F
Z9CT14,Mérignac,BOUCLE,36,0.061618,0.067647,44.8265605,-0.6209141,5284,Peychotte,129.4,78
Z9CT14,Mérignac,BOUCLE,36,0.061618,0.067647,44.8265605,-0.6209141,5815,Peychotte,147.6,Bus F
Z9CT14,Mérignac,BOUCLE,36,0.061618,0.067647,44.8265605,-0.6209141,9128,Peychotte,58.5,74;Bus F
Z9CT14,Mérignac,BOUCLE,36,0.061618,0.067647,44.8265605,-0.6209141,9507,Riaud,172.0,S33;S37
Z9CT14,Mérignac,BOUCLE,36,0.061618,0.067647,44.8265605,-0.6209141,9508,Riaud,177.8,S33;S37
Z9CT17,Mérignac,BOUCLE,33,0.060280,0.065455,44.826294,-0.6239714,5814,Aristide Briand,157.0,S33;S37
Z9CT17,Mérignac,BOUCLE,33,0.060280,0.065455,44.826294,-0.6239714,9127,Aristide Briand,163.8,74;S33;S37
Z9CT17,Mérignac,BOUCLE,33,0.060280,0.065455,44.826294,-0.6239714,9509,Douaumont,277.8,S37
Z9CT17,Mérignac,BOUCLE,33,0.060280,0.065455,44.826294,-0.6239714,9510,Douaumont,283.0,S37
Z9CT17,Mérignac,BOUCLE,33,0.060280,0.065455,44.826294,-0.6239714,5232,Fontaine d'Arlac,139.6,A;F
Z9CT17,Mérignac,BOUCLE,33,0.060280,0.065455,44.826294,-0.6239714,5233,Fontaine d'Arlac,132.0,A;F
Z9CT17,Mérignac,BOUCLE,33,0.060280,0.065455,44.826294,-0.6239714,5283,Fontaine d'Arlac,119.7,78
Z9CT17,Mérignac,BOUCLE,33,0.060280,0.065455,44.826294,-0.6239714,5837,Fontaine d'Arlac,129.9,Bus F
Z9CT17,Mérignac,BOUCLE,33,0.060280,0.065455,44.826294,-0.6239714,9125,Fontaine d'Arlac,141.2,74
Z9CT17,Mérignac,BOUCLE,33,0.060280,0.065455,44.826294,-0.6239714,15030,Mérignac Arlac,136.2,Bus F
Z7CT1,Mérignac,BOUCLE,0,,,44.8395134,-0.637112,9523,Collège de Bourran,200.9,S37
Z7CT1,Mérignac,BOUCLE,0,,,44.8395134,-0.637112,1456,Jard-Verdun,299.4,1;33
Z7CT1,Mérignac,BOUCLE,0,,,44.8395134,-0.637112,159,Jard-Verdun,128.7,1
Z7CT1,Mérignac,BOUCLE,0,,,44.8395134,-0.637112,9788,Jard-Verdun,261.4,33
Z7CT1,Mérignac,BOUCLE,0,,,44.8395134,-0.637112,2466,Marx Dormoy,83.8,1
Z7CT1,Mérignac,BOUCLE,0,,,44.8395134,-0.637112,778,Marx Dormoy,105.0,1
Z7CT1,Mérignac,BOUCLE,0,,,44.8395134,-0.637112,725,Président Wilson,298.6,1
Z7CT6,Mérignac,BOUCLE,28,,,44.8409159,-0.642669,1234,Dupuy-Verdun,119.8,1;33
Z7CT6,Mérignac,BOUCLE,28,,,44.8409159,-0.642669,162,Dupuy-Verdun,5.7,1;33
Z7CT6,Mérignac,BOUCLE,28,,,44.8409159,-0.642669,1456,Jard-Verdun,166.5,1;33
Z7CT6,Mérignac,BOUCLE,28,,,44.8409159,-0.642669,9788,Jard-Verdun,241.5,33
Z7CT5,Mérignac,BOUCLE,,,,44.8416524,-0.6487828,1165,Joliot Curie,196.0,1;Bus F
Z7CT5,Mérignac,BOUCLE,,,,44.8416524,-0.6487828,1223,Joliot Curie,299.3,1;33
Z7CT5,Mérignac,BOUCLE,,,,44.8416524,-0.6487828,1663,Mérignac Centre,145.3,30;35;Bus F
Z7CT5,Mérignac,BOUCLE,,,,44.8416524,-0.6487828,5225,Mérignac Centre,164.4,1;30;33;35;Bus F
Z7CT5,Mérignac,BOUCLE,,,,44.8416524,-0.6487828,5242,Mérignac Centre,150.5,A
Z7CT5,Mérignac,BOUCLE,,,,44.8416524,-0.6487828,5243,Mérignac Centre,158.1,A
Z7CT5,Mérignac,BOUCLE,,,,44.8416524,-0.6487828,2273,Mérignac Centre (Médiathèque),52.7,1;51
Z7CT5,Mérignac,BOUCLE,,,,44.8416524,-0.6487828,2456,Mérignac Centre (Médiathèque),47.3,1;33;51
Z2CT18,Bordeaux,BOUCLE,0,0.057431,0.082858,44.8349896,-0.5744029,3755,Musée d'Aquitaine,95.3,B
Z2CT18,Bordeaux,BOUCLE,0,0.057431,0.082858,44.8349896,-0.5744029,3756,Musée d'Aquitaine,92.3,B
Z2CT18,Bordeaux,BOUCLE,0,0.057431,0.082858,44.8349896,-0.5744029,3826,Musée d'Aquitaine,9.6,16;24;Bus F;N3
Z2CT18,Bordeaux,BOUCLE,0,0.057431,0.082858,44.8349896,-0.5744029,5661,Musée d'Aquitaine,16.1,16;24;Bus F
Z2CT18,Bordeaux,BOUCLE,0,0.057431,0.082858,44.8349896,-0.5744029,3541,Sainte-Catherine,147.7,16;24;Bus F;N3
Z2CT18,Bordeaux,BOUCLE,0,0.057431,0.082858,44.8349896,-0.5744029,3542,Sainte-Catherine,226.9,16;24;Bus F
Z2CT6,Bordeaux,BOUCLE,4,0.062179,0.069231,44.8342954,-0.5756362,5857,Hôpital Saint-André,247.8,4
Z2CT6,Bordeaux,BOUCLE,4,0.062179,0.069231,44.8342954,-0.5756362,3755,Musée d'Aquitaine,140.9,B
Z2CT6,Bordeaux,BOUCLE,4,0.062179,0.069231,44.8342954,-0.5756362,3756,Musée d'Aquitaine,133.6,B
Z2CT6,Bordeaux,BOUCLE,4,0.062179,0.069231,44.8342954,-0.5756362,3826,Musée d'Aquitaine,133.5,16;24;Bus F;N3
Z2CT6,Bordeaux,BOUCLE,4,0.062179,0.069231,44.8342954,-0.5756362,5661,Musée d'Aquitaine,133.2,16;24;Bus F
Z2CT6,Bordeaux,BOUCLE,4,0.062179,0.069231,44.8342954,-0.5756362,7461,République,296.0,55
Z2CT6,Bordeaux,BOUCLE,4,0.062179,0.069231,44.8342954,-0.5756362,8551,République,288.5,16;Bus F;N3
Z2CT6,Bordeaux,BOUCLE,4,0.062179,0.069231,44.8342954,-0.5756362,8552,République,269.7,16;24;4;Bus F
Z2CT6,Bordeaux,BOUCLE,4,0.062179,0.069231,44.8342954,-0.5756362,3541,Sainte-Catherine,256.6,16;24;Bus F;N3
Z2CT5,Bordeaux,BOUCLE,37,0.052975,0.092888,44.8360294,-0.5822065,793,Bibliothèque,253.1,4;55;80
Z2CT5,Bordeaux,BOUCLE,37,0.052975,0.092888,44.8360294,-0.5822065,3722,Mériadeck,290.0,A;F
Z2CT5,Bordeaux,BOUCLE,37,0.052975,0.092888,44.8360294,-0.5822065,3723,Mériadeck,281.8,A;F
Z2CT5,Bordeaux,BOUCLE,37,0.052975,0.092888,44.8360294,-0.5822065,3720,Palais de Justice,63.8,A;F
Z2CT5,Bordeaux,BOUCLE,37,0.052975,0.092888,44.8360294,-0.5822065,3721,Palais de Justice,59.1,A;F
Z2CT5,Bordeaux,BOUCLE,37,0.052975,0.092888,44.8360294,-0.5822065,3823,Palais de Justice,76.0,4;G
Z2CT5,Bordeaux,BOUCLE,37,0.052975,0.092888,44.8360294,-0.5822065,4031,Palais de Justice,108.6,15;16;23;4;5;Bus F;N5;N6
Z2CT5,Bordeaux,BOUCLE,37,0.052975,0.092888,44.8360294,-0.5822065,9195,Palais de Justice,80.1,1;55;80;G
Z2CT5,Bordeaux,BOUCLE,37,0.052975,0.092888,44.8360294,-0.5822065,9196,Palais de Justice,146.6,1;15;16;23;5;Bus F;G;N1;N3;N7
Z2CT5,Bordeaux,BOUCLE,37,0.052975,0.092888,44.8360294,-0.5822065,9289,Palais de Justice,33.7,55;80
Z2CT5,Bordeaux,BOUCLE,37,0.052975,0.092888,44.8360294,-0.5822065,7461,République,258.7,55
Z2CT5,Bordeaux,BOUCLE,37,0.052975,0.092888,44.8360294,-0.5822065,7462,République,192.8,80
Z2CT5,Bordeaux,BOUCLE,37,0.052975,0.092888,44.8360294,-0.5822065,8551,République,265.7,16;Bus F;N3
Z2CT5,Bordeaux,BOUCLE,37,0.052975,0.092888,44.8360294,-0.5822065,8552,République,290.8,16;24;4;Bus F
Z2CT5,Bordeaux,BOUCLE,37,0.052975,0.092888,44.8360294,-0.5822065,9725,République,231.4,24
Z2CT12,Bordeaux,BOUCLE,25,0.065256,0.064594,44.8347975,-0.5786524,9123,Albret,283.3,20;24
Z2CT12,Bordeaux,BOUCLE,25,0.065256,0.064594,44.8347975,-0.5786524,1606,Bourse du Travail,290.6,1;15;23;5;G;N1;N7
Z2CT12,Bordeaux,BOUCLE,25,0.065256,0.064594,44.8347975,-0.5786524,5857,Hôpital Saint-André,217.6,4
Z2CT12,Bordeaux,BOUCLE,25,0.065256,0.064594,44.8347975,-0.5786524,3755,Musée d'Aquitaine,275.1,B
Z2CT12,Bordeaux,BOUCLE,25,0.065256,0.064594,44.8347975,-0.5786524,3756,Musée d'Aquitaine,271.4,B
Z2CT12,Bordeaux,BOUCLE,25,0.065256,0.064594,44.8347975,-0.5786524,3720,Palais de Justice,279.3,A;F
Z2CT12,Bordeaux,BOUCLE,25,0.065256,0.064594,44.8347975,-0.5786524,3721,Palais de Justice,278.5,A;F
Z2CT12,Bordeaux,BOUCLE,25,0.065256,0.064594,44.8347975,-0.5786524,3823,Palais de Justice,261.9,4;G
Z2CT12,Bordeaux,BOUCLE,25,0.065256,0.064594,44.8347975,-0.5786524,4031,Palais de Justice,280.1,15;16;23;4;5;Bus F;N5;N6
Z2CT12,Bordeaux,BOUCLE,25,0.065256,0.064594,44.8347975,-0.5786524,9195,Palais de Justice,255.6,1;55;80;G
Z2CT12,Bordeaux,BOUCLE,25,0.065256,0.064594,44.8347975,-0.5786524,7461,République,53.3,55
Z2CT12,Bordeaux,BOUCLE,25,0.065256,0.064594,44.8347975,-0.5786524,7462,République,123.0,80
Z2CT12,Bordeaux,BOUCLE,25,0.065256,0.064594,44.8347975,-0.5786524,8551,République,46.7,16;Bus F;N3
Z2CT12,Bordeaux,BOUCLE,25,0.065256,0.064594,44.8347975,-0.5786524,8552,République,28.1,16;24;4;Bus F
Z2CT12,Bordeaux,BOUCLE,25,0.065256,0.064594,44.8347975,-0.5786524,9725,République,104.8,24
Z2CT17,Bordeaux,BOUCLE,21,0.059419,0.072573,44.8361237,-0.5664178,3715,Place du Palais,298.6,A;F
Z2CT17,Bordeaux,BOUCLE,21,0.059419,0.072573,44.8361237,-0.5664178,13150,Porte de Bourgogne,107.8,24;Bus F;TBNight
Z2CT17,Bordeaux,BOUCLE,21,0.059419,0.072573,44.8361237,-0.5664178,3712,Porte de Bourgogne,125.4,A;C;D;E;F
Z2CT17,Bordeaux,BOUCLE,21,0.059419,0.072573,44.8361237,-0.5664178,3713,Porte de Bourgogne,118.7,A;C;D;E;F
Z2CT17,Bordeaux,BOUCLE,21,0.059419,0.072573,44.8361237,-0.5664178,3772,Porte de Bourgogne,118.7,C;D;E;F
Z2CT17,Bordeaux,BOUCLE,21,0.059419,0.072573,44.8361237,-0.5664178,3773,Porte de Bourgogne,112.7,C;D;E;F
Z2CT17,Bordeaux,BOUCLE,21,0.059419,0.072573,44.8361237,-0.5664178,3825,Porte de Bourgogne,54.5,16;N3;TBNight
Z2CT17,Bordeaux,BOUCLE,21,0.059419,0.072573,44.8361237,-0.5664178,8581,Porte de Bourgogne,123.6,24;Bus F;TBNight
Z2CT17,Bordeaux,BOUCLE,21,0.059419,0.072573,44.8361237,-0.5664178,8801,Porte de Bourgogne,59.9,16
Z2CT17,Bordeaux,BOUCLE,21,0.059419,0.072573,44.8361237,-0.5664178,2247,Salinières,89.2,16;24;Bus F;N3
Z2CT17,Bordeaux,BOUCLE,21,0.059419,0.072573,44.8361237,-0.5664178,3540,Salinières,47.2,16;24;Bus F
Z2CT11,Bordeaux,BOUCLE,0,0.065592,0.057737,44.8353907,-0.5806023,9244,Albret,298.4,24
Z2CT11,Bordeaux,BOUCLE,0,0.065592,0.057737,44.8353907,-0.5806023,3720,Palais de Justice,123.0,A;F
Z2CT11,Bordeaux,BOUCLE,0,0.065592,0.057737,44.8353907,-0.5806023,3721,Palais de Justice,120.5,A;F
Z2CT11,Bordeaux,BOUCLE,0,0.065592,0.057737,44.8353907,-0.5806023,3823,Palais de Justice,108.1,4;G
Z2CT11,Bordeaux,BOUCLE,0,0.065592,0.057737,44.8353907,-0.5806023,4031,Palais de Justice,142.2,15;16;23;4;5;Bus F;N5;N6
Z2CT11,Bordeaux,BOUCLE,0,0.065592,0.057737,44.8353907,-0.5806023,9195,Palais de Justice,102.3,1;55;80;G
Z2CT11,Bordeaux,BOUCLE,0,0.065592,0.057737,44.8353907,-0.5806023,9196,Palais de Justice,197.5,1;15;16;23;5;Bus F;G;N1;N3;N7
Z2CT11,Bordeaux,BOUCLE,0,0.065592,0.057737,44.8353907,-0.5806023,9289,Palais de Justice,146.7,55;80
Z2CT11,Bordeaux,BOUCLE,0,0.065592,0.057737,44.8353907,-0.5806023,7461,République,114.3,55
Z2CT11,Bordeaux,BOUCLE,0,0.065592,0.057737,44.8353907,-0.5806023,7462,République,49.0,80
Z2CT11,Bordeaux,BOUCLE,0,0.065592,0.057737,44.8353907,-0.5806023,8551,République,121.7,16;Bus F;N3
Z2CT11,Bordeaux,BOUCLE,0,0.065592,0.057737,44.8353907,-0.5806023,8552,République,145.7,16;24;4;Bus F
Z2CT11,Bordeaux,BOUCLE,0,0.065592,0.057737,44.8353907,-0.5806023,9725,République,93.3,24
Z201CT14,Bordeaux,BOUCLE,0,,,44.8357876,-0.5807869,3720,Palais de Justice,79.5,A;F
Z201CT14,Bordeaux,BOUCLE,0,,,44.8357876,-0.5807869,3721,Palais de Justice,78.0,A;F
Z201CT14,Bordeaux,BOUCLE,0,,,44.8357876,-0.5807869,3823,Palais de Justice,63.3,4;G
Z201CT14,Bordeaux,BOUCLE,0,,,44.8357876,-0.5807869,4031,Palais de Justice,95.7,15;16;23;4;5;Bus F;N5;N6
Z201CT14,Bordeaux,BOUCLE,0,,,44.8357876,-0.5807869,9195,Palais de Justice,57.2,1;55;80;G
Z201CT14,Bordeaux,BOUCLE,0,,,44.8357876,-0.5807869,9196,Palais de Justice,151.2,1;15;16;23;5;Bus F;G;N1;N3;N7
Z201CT14,Bordeaux,BOUCLE,0,,,44.8357876,-0.5807869,9289,Palais de Justice,108.5,55;80
Z201CT14,Bordeaux,BOUCLE,0,,,44.8357876,-0.5807869,7461,République,148.0,55
Z201CT14,Bordeaux,BOUCLE,0,,,44.8357876,-0.5807869,7462,République,92.9,80
Z201CT14,Bordeaux,BOUCLE,0,,,44.8357876,-0.5807869,8551,République,154.4,16;Bus F;N3
Z201CT14,Bordeaux,BOUCLE,0,,,44.8357876,-0.5807869,8552,République,183.0,16;24;4;Bus F
Z201CT14,Bordeaux,BOUCLE,0,,,44.8357876,-0.5807869,9725,République,138.9,24
Z2CT8,Bordeaux,BOUCLE,48,,,44.8356711,-0.5841442,6871,Bibliothèque,228.3,55;80
Z2CT8,Bordeaux,BOUCLE,48,,,44.8356711,-0.5841442,793,Bibliothèque,96.4,4;55;80
Z2CT8,Bordeaux,BOUCLE,48,,,44.8356711,-0.5841442,8311,Hôtel de Police,296.5,80;Bus F
Z2CT8,Bordeaux,BOUCLE,48,,,44.8356711,-0.5841442,3722,Mériadeck,277.4,A;F
Z2CT8,Bordeaux,BOUCLE,48,,,44.8356711,-0.5841442,3723,Mériadeck,271.5,A;F
Z2CT8,Bordeaux,BOUCLE,48,,,44.8356711,-0.5841442,9129,Mériadeck,285.2,4;70;Bus F
Z2CT8,Bordeaux,BOUCLE,48,,,44.8356711,-0.5841442,3720,Palais de Justice,220.5,A;F
Z2CT8,Bordeaux,BOUCLE,48,,,44.8356711,-0.5841442,3721,Palais de Justice,216.3,A;F
Z2CT8,Bordeaux,BOUCLE,48,,,44.8356711,-0.5841442,3823,Palais de Justice,233.9,4;G
Z2CT8,Bordeaux,BOUCLE,48,,,44.8356711,-0.5841442,4031,Palais de Justice,261.6,15;16;23;4;5;Bus F;N5;N6
Z2CT8,Bordeaux,BOUCLE,48,,,44.8356711,-0.5841442,9195,Palais de Justice,238.0,1;55;80;G
Z2CT8,Bordeaux,BOUCLE,48,,,44.8356711,-0.5841442,9196,Palais de Justice,284.9,1;15;16;23;5;Bus F;G;N1;N3;N7
Z2CT8,Bordeaux,BOUCLE,48,,,44.8356711,-0.5841442,9289,Palais de Justice,184.2,55;80
Z2CT8,Bordeaux,BOUCLE,48,,,44.8356711,-0.5841442,8821,Patinoire,293.3,82
Z2CT8,Bordeaux,BOUCLE,48,,,44.8356711,-0.5841442,3269,Préfecture,277.3,82
Z201CT12,Bordeaux,BOUCLE,29,,,44.8377188,-0.5813609,3216,Galerie des Beaux Arts,122.1,15;23;5;N1;N7
Z201CT12,Bordeaux,BOUCLE,29,,,44.8377188,-0.5813609,5621,Galerie des Beaux Arts,156.5,15;2;23;5;N5;N6
Z201CT12,Bordeaux,BOUCLE,29,,,44.8377188,-0.5813609,4860,Gambetta Mériadeck,264.6,2;51
Z201CT12,Bordeaux,BOUCLE,29,,,44.8377188,-0.5813609,9193,Gambetta Mériadeck,202.3,1;16;4;70;Bus F;G
Z201CT12,Bordeaux,BOUCLE,29,,,44.8377188,-0.5813609,9194,Gambetta Mériadeck,214.2,1;16;2;G;N3
Z201CT12,Bordeaux,BOUCLE,29,,,44.8377188,-0.5813609,3722,Mériadeck,238.6,A;F
Z201CT12,Bordeaux,BOUCLE,29,,,44.8377188,-0.5813609,3723,Mériadeck,231.4,A;F
Z201CT12,Bordeaux,BOUCLE,29,,,44.8377188,-0.5813609,9129,Mériadeck,297.2,4;70;Bus F
Z201CT12,Bordeaux,BOUCLE,29,,,44.8377188,-0.5813609,3720,Palais de Justice,158.2,A;F
Z201CT12,Bordeaux,BOUCLE,29,,,44.8377188,-0.5813609,3721,Palais de Justice,163.5,A;F
Z201CT12,Bordeaux,BOUCLE,29,,,44.8377188,-0.5813609,3823,Palais de Justice,165.3,4;G
Z201CT12,Bordeaux,BOUCLE,29,,,44.8377188,-0.5813609,4031,Palais de Justice,124.0,15;16;23;4;5;Bus F;N5;N6
Z201CT12,Bordeaux,BOUCLE,29,,,44.8377188,-0.5813609,9195,Palais de Justice,169.2,1;55;80;G
Z201CT12,Bordeaux,BOUCLE,29,,,44.8377188,-0.5813609,9196,Palais de Justice,68.2,1;15;16;23;5;Bus F;G;N1;N3;N7
Z201CT12,Bordeaux,BOUCLE,29,,,44.8377188,-0.5813609,9289,Palais de Justice,166.8,55;80
Z201CT13,Bordeaux,BOUCLE,47,,,44.8379451,-0.581515,3216,Galerie des Beaux Arts,95.0,15;23;5;N1;N7
Z201CT13,Bordeaux,BOUCLE,47,,,44.8379451,-0.581515,5621,Galerie des Beaux Arts,129.8,15;2;23;5;N5;N6
Z201CT13,Bordeaux,BOUCLE,47,,,44.8379451,-0.581515,4577,Gambetta Mériadeck,289.2,1
Z201CT13,Bordeaux,BOUCLE,47,,,44.8379451,-0.581515,4860,Gambetta Mériadeck,239.7,2;51
Z201CT13,Bordeaux,BOUCLE,47,,,44.8379451,-0.581515,9193,Gambetta Mériadeck,175.8,1;16;4;70;Bus F;G
Z201CT13,Bordeaux,BOUCLE,47,,,44.8379451,-0.581515,9194,Gambetta Mériadeck,186.9,1;16;2;G;N3
Z201CT13,Bordeaux,BOUCLE,47,,,44.8379451,-0.581515,9825,Gambetta Mériadeck,298.9,4
Z201CT13,Bordeaux,BOUCLE,47,,,44.8379451,-0.581515,9734,Gambetta Mériadeck (Terminus),298.3,70
Z201CT13,Bordeaux,BOUCLE,47,,,44.8379451,-0.581515,3722,Mériadeck,222.7,A;F
Z201CT13,Bordeaux,BOUCLE,47,,,44.8379451,-0.581515,3723,Mériadeck,215.9,A;F
Z201CT13,Bordeaux,BOUCLE,47,,,44.8379451,-0.581515,9129,Mériadeck,282.1,4;70;Bus F
Z201CT13,Bordeaux,BOUCLE,47,,,44.8379451,-0.581515,3720,Palais de Justice,183.0,A;F
Z201CT13,Bordeaux,BOUCLE,47,,,44.8379451,-0.581515,3721,Palais de Justice,188.2,A;F
Z201CT13,Bordeaux,BOUCLE,47,,,44.8379451,-0.581515,3823,Palais de Justice,191.2,4;G
Z201CT13,Bordeaux,BOUCLE,47,,,44.8379451,-0.581515,4031,Palais de Justice,151.0,15;16;23;4;5;Bus F;N5;N6
Z201CT13,Bordeaux,BOUCLE,47,,,44.8379451,-0.581515,9195,Palais de Justice,195.4,1;55;80;G
Z201CT13,Bordeaux,BOUCLE,47,,,44.8379451,-0.581515,9196,Palais de Justice,95.7,1;15;16;23;5;Bus F;G;N1;N3;N7
Z201CT13,Bordeaux,BOUCLE,47,,,44.8379451,-0.581515,9289,Palais de Justice,188.3,55;80
Z31CT3,Lormont,BOUCLE,11,0.072526,0.069885,44.8864507,-0.5173751,5495,La Gardette (Bassens - Carbon Blanc),150.4,57;7;Bus A
Z31CT3,Lormont,BOUCLE,11,0.072526,0.069885,44.8864507,-0.5173751,5504,La Gardette (Bassens - Carbon Blanc),173.2,27;60
Z31CT3,Lormont,BOUCLE,11,0.072526,0.069885,44.8864507,-0.5173751,5511,La Gardette (Bassens - Carbon Blanc),161.3,29
Z31CT3,Lormont,BOUCLE,11,0.072526,0.069885,44.8864507,-0.5173751,6853,La Gardette (Bassens - Carbon Blanc),175.1,54
Z31CT3,Lormont,BOUCLE,11,0.072526,0.069885,44.8864507,-0.5173751,7671,La Gardette (Bassens - Carbon Blanc),262.9,57;60;7
Z31CT3,Lormont,BOUCLE,11,0.072526,0.069885,44.8864507,-0.5173751,7091,La Gardette - Bassens - Carbon-Blanc,135.4,A
Z31CT3,Lormont,BOUCLE,11,0.072526,0.069885,44.8864507,-0.5173751,6455,Rue du Manoir,191.4,27;60;7;Bus A
Z31CT3,Lormont,BOUCLE,11,0.072526,0.069885,44.8864507,-0.5173751,6456,Rue du Manoir,182.5,27;60;7;Bus A
Z1CT5,Bordeaux,BOUCLE,55,0.078835,0.066133,44.8393569,-0.5680194,3774,Place de la Bourse,279.1,C;D;E
Z1CT5,Bordeaux,BOUCLE,55,0.078835,0.066133,44.8393569,-0.5680194,3775,Place de la Bourse,273.7,C;D;E
Z1CT5,Bordeaux,BOUCLE,55,0.078835,0.066133,44.8393569,-0.5680194,3714,Place du Palais,190.5,A;F
Z1CT5,Bordeaux,BOUCLE,55,0.078835,0.066133,44.8393569,-0.5680194,3715,Place du Palais,189.0,A;F
Z1CT5,Bordeaux,BOUCLE,55,0.078835,0.066133,44.8393569,-0.5680194,3712,Porte de Bourgogne,271.3,A;C;D;E;F
Z1CT5,Bordeaux,BOUCLE,55,0.078835,0.066133,44.8393569,-0.5680194,3713,Porte de Bourgogne,277.9,A;C;D;E;F
Z1CT5,Bordeaux,BOUCLE,55,0.078835,0.066133,44.8393569,-0.5680194,3772,Porte de Bourgogne,272.6,C;D;E;F
Z1CT5,Bordeaux,BOUCLE,55,0.078835,0.066133,44.8393569,-0.5680194,3773,Porte de Bourgogne,278.5,C;D;E;F
Z1CT3,Bordeaux,BOUCLE,5,0.065848,0.114211,44.8445919,-0.5705931,3647,Quinconces,261.0,2;N1
Z1CT3,Bordeaux,BOUCLE,5,0.065848,0.114211,44.8445919,-0.5705931,3648,Quinconces,273.7,2;N6
Z1CT3,Bordeaux,BOUCLE,5,0.065848,0.114211,44.8445919,-0.5705931,3763,Quinconces,252.6,B
Z1CT3,Bordeaux,BOUCLE,5,0.065848,0.114211,44.8445919,-0.5705931,3764,Quinconces,259.5,B
Z1CT3,Bordeaux,BOUCLE,5,0.065848,0.114211,44.8445919,-0.5705931,3776,Quinconces,262.6,C;D;E
Z1CT3,Bordeaux,BOUCLE,5,0.065848,0.114211,44.8445919,-0.5705931,5315,Quinconces,176.2,2
Z1CT3,Bordeaux,BOUCLE,5,0.065848,0.114211,44.8445919,-0.5705931,5404,Quinconces,254.2,C;D;E
Z1CT3,Bordeaux,BOUCLE,5,0.065848,0.114211,44.8445919,-0.5705931,8582,Quinconces,121.1,N1;TBNight
Z1CT3,Bordeaux,BOUCLE,5,0.065848,0.114211,44.8445919,-0.5705931,8583,Quinconces,62.6,N3;TBNight
Z1CT3,Bordeaux,BOUCLE,5,0.065848,0.114211,44.8445919,-0.5705931,6902,Quinconces (Jean Jaurès),222.5,952
Z1CT3,Bordeaux,BOUCLE,5,0.065848,0.114211,44.8445919,-0.5705931,7346,Quinconces Fleuve,14.4,B;C;D
Z19CT3,Villenave-d'Ornon,BOUCLE,25,0.066178,0.069423,44.7884605,-0.5666828,5683,Lycée Vaclav Havel,125.5,23
Z19CT3,Villenave-d'Ornon,BOUCLE,25,0.066178,0.069423,44.7884605,-0.5666828,5684,Lycée Vaclav Havel,145.0,23
Z19CT3,Villenave-d'Ornon,BOUCLE,25,0.066178,0.069423,44.7884605,-0.5666828,7401,Lycée Vaclav Havel,212.5,C
Z19CT3,Villenave-d'Ornon,BOUCLE,25,0.066178,0.069423,44.7884605,-0.5666828,7402,Lycée Vaclav Havel,206.9,C
Z19CT3,Villenave-d'Ornon,BOUCLE,25,0.066178,0.069423,44.7884605,-0.5666828,5735,Lycée Václav Havel (Tram C),207.4,5;85
Z19CT3,Villenave-d'Ornon,BOUCLE,25,0.066178,0.069423,44.7884605,-0.5666828,974,Lycée Václav Havel (Tram C),142.1,5;85
Z19CT1,Talence,BOUCLE,53,0.068823,0.079136,44.8075484,-0.5734752,231,Bagatelle,227.1,5;73
Z19CT1,Talence,BOUCLE,53,0.068823,0.079136,44.8075484,-0.5734752,2718,Bagatelle,120.6,5;73
Z19CT1,Talence,BOUCLE,53,0.068823,0.079136,44.8075484,-0.5734752,2690,Croix de Leysotte,123.2,5;73
Z19CT1,Talence,BOUCLE,53,0.068823,0.079136,44.8075484,-0.5734752,2717,Croix de Leysotte,75.7,5;73
Z26CT1,Bègles,BOUCLE,60,0.050094,0.053764,44.812543,-0.5593751,3139,Barrière de Bègles,299.4,H1
Z26CT1,Bègles,BOUCLE,60,0.050094,0.053764,44.812543,-0.5593751,9279,Brulatour,270.5,20;54
Z26CT1,Bègles,BOUCLE,60,0.050094,0.053764,44.812543,-0.5593751,1422,Manufacture,163.2,H2
Z26CT1,Bègles,BOUCLE,60,0.050094,0.053764,44.812543,-0.5593751,9809,Manufacture,27.7,H1
Z26CT3,Bordeaux,BOUCLE,0,0.071571,0.055887,44.8212881,-0.5515518,5434,Belcier,148.0,C;D;E;F
Z26CT3,Bordeaux,BOUCLE,0,0.071571,0.055887,44.8212881,-0.5515518,5435,Belcier,147.2,C;D;E;F
Z26CT3,Bordeaux,BOUCLE,0,0.071571,0.055887,44.8212881,-0.5515518,5436,Carle Vernet,181.4,C;E;F
Z26CT3,Bordeaux,BOUCLE,0,0.071571,0.055887,44.8212881,-0.5515518,5437,Carle Vernet,184.0,C;E;F
Z26CT3,Bordeaux,BOUCLE,0,0.071571,0.055887,44.8212881,-0.5515518,7351,Carle Vernet,175.1,C;D
Z26CT3,Bordeaux,BOUCLE,0,0.071571,0.055887,44.8212881,-0.5515518,9280,Carle Vernet,212.0,20;35;54;N5
Z26CT3,Bordeaux,BOUCLE,0,0.071571,0.055887,44.8212881,-0.5515518,9281,Carle Vernet,228.5,20;35;54
Z26CT3,Bordeaux,BOUCLE,0,0.071571,0.055887,44.8212881,-0.5515518,9084,Terres de Borde,182.7,20;35;N5
Z26CT3,Bordeaux,BOUCLE,0,0.071571,0.055887,44.8212881,-0.5515518,9085,Terres de Borde,220.7,20;35
Z14CT4,Le Bouscat,BOUCLE,31,0.084159,0.074012,44.8672419,-0.5759689,6354,Boutaut,94.2,82
Z14CT4,Le Bouscat,BOUCLE,31,0.084159,0.074012,44.8672419,-0.5759689,835,Boutaut,187.4,82
Z14CT4,Le Bouscat,BOUCLE,31,0.084159,0.074012,44.8672419,-0.5759689,1962,Cracovie,241.9,33
Z14CT4,Le Bouscat,BOUCLE,31,0.084159,0.074012,44.8672419,-0.5759689,9110,Cracovie,289.0,33;35;53;7
Z14CT4,Le Bouscat,BOUCLE,31,0.084159,0.074012,44.8672419,-0.5759689,2334,Place Ravezies,155.1,53;7;9;H1
Z14CT4,Le Bouscat,BOUCLE,31,0.084159,0.074012,44.8672419,-0.5759689,6685,Place Ravezies,34.0,27;53;7;82
Z14CT4,Le Bouscat,BOUCLE,31,0.084159,0.074012,44.8672419,-0.5759689,6943,Place Ravezies,91.1,27
Z14CT4,Le Bouscat,BOUCLE,31,0.084159,0.074012,44.8672419,-0.5759689,9064,Place Ravezies,142.4,53;7;9;H2
Z14CT4,Le Bouscat,BOUCLE,31,0.084159,0.074012,44.8672419,-0.5759689,9860,Place Ravezies,195.1,N2
Z14CT4,Le Bouscat,BOUCLE,31,0.084159,0.074012,44.8672419,-0.5759689,6832,Place Ravezies (côté Parc Relais),9.7,27;53;7;82
Z14CT4,Le Bouscat,BOUCLE,31,0.084159,0.074012,44.8672419,-0.5759689,5412,Place Ravezies - le Bouscat,17.6,C;E
Z14CT4,Le Bouscat,BOUCLE,31,0.084159,0.074012,44.8672419,-0.5759689,5413,Place Ravezies - le Bouscat,21.2,C;E
Z14CT4,Le Bouscat,BOUCLE,31,0.084159,0.074012,44.8672419,-0.5759689,6353,Rigal,297.0,82
Z14CT7,Bordeaux,BOUCLE,101,0.055432,0.061102,44.8683337,-0.5699995,1475,Jean Hameau,12.3,53;7;9;H1
Z14CT7,Bordeaux,BOUCLE,101,0.055432,0.061102,44.8683337,-0.5699995,2350,Jean Hameau,80.0,53;7;9;H2
Z14CT11,Bordeaux,BOUCLE,57,0.054077,0.060142,44.8635001,-0.5819972,983,Ampère-Grand Parc,291.3,9;H2;N2
Z14CT11,Bordeaux,BOUCLE,57,0.054077,0.060142,44.8635001,-0.5819972,998,Ampère-Grand Parc,195.1,9;H1
Z14CT11,Bordeaux,BOUCLE,57,0.054077,0.060142,44.8635001,-0.5819972,100,Polyclinique Bordeaux Nord,231.2,9;H2;N2
Z14CT12,Bordeaux,BOUCLE,55,0.067516,0.069985,44.8675561,-0.5634319,8981,Cité Chantecrit,290.9,5
Z14CT12,Bordeaux,BOUCLE,55,0.067516,0.069985,44.8675561,-0.5634319,7347,Faure - Brunet,224.9,27;5;53;7;H1;N2
Z14CT12,Bordeaux,BOUCLE,55,0.067516,0.069985,44.8675561,-0.5634319,7348,Faure - Brunet,276.5,27;53;7;H1;N4
Z14CT12,Bordeaux,BOUCLE,55,0.067516,0.069985,44.8675561,-0.5634319,8971,Faure - Brunet,296.9,5;N1
Z14CT12,Bordeaux,BOUCLE,55,0.067516,0.069985,44.8675561,-0.5634319,9812,Faure - Brunet,192.3,H2
Z14CT12,Bordeaux,BOUCLE,55,0.067516,0.069985,44.8675561,-0.5634319,9822,Latule,296.7,H1;N4
Z14CT12,Bordeaux,BOUCLE,55,0.067516,0.069985,44.8675561,-0.5634319,9823,Latule,296.9,H2
Z30CT2,Mérignac,BOUCLE,55,,,44.8323384,-0.6601379,6452,Mérignac Soleil,298.7,20;26
Z30CT2,Mérignac,BOUCLE,55,,,44.8323384,-0.6601379,9090,Mérignac Soleil,291.9,F
Z30CT2,Mérignac,BOUCLE,55,,,44.8323384,-0.6601379,9091,Mérignac Soleil,297.5,F
Z30CT2,Mérignac,BOUCLE,55,,,44.8323384,-0.6601379,13156,Mérignac Soleil (Porte 4),255.8,20;34
Z30CT2,Mérignac,BOUCLE,55,,,44.8323384,-0.6601379,1747,Mérignac Soleil (Porte 4),249.2,20;33;34
Z30CT2,Mérignac,BOUCLE,55,,,44.8323384,-0.6601379,9770,Mérignac Soleil (Porte 4),255.8,33
Z30CT3,Mérignac,BOUCLE,35,,,44.832095,-0.6702818,9092,Chemin Long,235.6,F
Z30CT3,Mérignac,BOUCLE,35,,,44.832095,-0.6702818,9093,Chemin long,233.1,F
Z30CT3,Mérignac,BOUCLE,35,,,44.832095,-0.6702818,9207,Chemin Long,247.9,26;Bus F
Z30CT3,Mérignac,BOUCLE,35,,,44.832095,-0.6702818,9208,Chemin Long,223.8,26;Bus F
Z08BE,Bordeaux,SIREDO,,,,44.8533314,-0.5547203,1513,Bouthier,278.4,25;61;N2
Z08BE,Bordeaux,SIREDO,,,,44.8533314,-0.5547203,445,Bouthier,211.1,25;61;N4
Z08BE,Bordeaux,SIREDO,,,,44.8533314,-0.5547203,1146,Fabrique Pola,151.1,25;61;N2
Z08BE,Bordeaux,SIREDO,,,,44.8533314,-0.5547203,38,Fabrique Pola,92.9,25;61;N4
Z26BE,Bègles,SIREDO,,0.070724,0.075247,44.8157469,-0.5486011,3305,Capelle,93.2,S4
Z26BE,Bègles,SIREDO,,0.070724,0.075247,44.8157469,-0.5486011,3320,Capelle,204.2,20;35;54
Z26BE,Bègles,SIREDO,,0.070724,0.075247,44.8157469,-0.5486011,9826,Capelle,203.0,20;35;54;N5
Z26BE,Bègles,SIREDO,,0.070724,0.075247,44.8157469,-0.5486011,9410,Square Farge,197.5,S4
Z26BE,Bègles,SIREDO,,0.070724,0.075247,44.8157469,-0.5486011,9411,Square Farge,186.0,S4
Z26BE,Bègles,SIREDO,,0.070724,0.075247,44.8157469,-0.5486011,2591,Tandonnet,212.1,S4
Z26BE,Bègles,SIREDO,,0.070724,0.075247,44.8157469,-0.5486011,3098,Tandonnet,216.4,35;S4
Z26BE,Bègles,SIREDO,,0.070724,0.075247,44.8157469,-0.5486011,1172,Terres Neuves,184.8,20;54;H2
Z26BE,Bègles,SIREDO,,0.070724,0.075247,44.8157469,-0.5486011,5438,Terres Neuves,185.6,C;E;F
Z26BE,Bègles,SIREDO,,0.070724,0.075247,44.8157469,-0.5486011,5439,Terres Neuves,186.1,C;E;F
Z26BE,Bègles,SIREDO,,0.070724,0.075247,44.8157469,-0.5486011,2280,Terres Neuves (Tram C),237.3,H1;N5
Z26CE,Bordeaux,SIREDO,,,,44.8199804,-0.5430566,170,Cité SNCF,269.6,35;H2
Z26CE,Bordeaux,SIREDO,,,,44.8199804,-0.5430566,13189,Pont Simone Veil (Rive Gauche),91.2,35
Z26CE,Bordeaux,SIREDO,,,,44.8199804,-0.5430566,1260,Simone-Veil (Rive Gauche),97.9,H1
Z26CE,Bordeaux,SIREDO,,,,44.8199804,-0.5430566,5842,Simone-Veil (Rive Gauche),88.9,H2
Z26CE,Bordeaux,SIREDO,,,,44.8199804,-0.5430566,9730,Simone-Veil (Rive Gauche),175.0,1;54;Arena
Z26CE,Bordeaux,SIREDO,,,,44.8199804,-0.5430566,9731,Simone-Veil (Rive Gauche),182.2,1;54;Arena
Z26CS,Bordeaux,SIREDO,,,,44.8200209,-0.5431076,170,Cité SNCF,269.2,35;H2
Z26CS,Bordeaux,SIREDO,,,,44.8200209,-0.5431076,13189,Pont Simone Veil (Rive Gauche),92.7,35
Z26CS,Bordeaux,SIREDO,,,,44.8200209,-0.5431076,1260,Simone-Veil (Rive Gauche),97.8,H1
Z26CS,Bordeaux,SIREDO,,,,44.8200209,-0.5431076,5842,Simone-Veil (Rive Gauche),89.6,H2
Z26CS,Bordeaux,SIREDO,,,,44.8200209,-0.5431076,9730,Simone-Veil (Rive Gauche),174.3,1;54;Arena
Z26CS,Bordeaux,SIREDO,,,,44.8200209,-0.5431076,9731,Simone-Veil (Rive Gauche),181.4,1;54;Arena
Z09AS,Mérignac,SIREDO,,,,44.8264724,-0.6174092,5228,François Mitterrand,259.0,A;F
Z09AS,Mérignac,SIREDO,,,,44.8264724,-0.6174092,5229,François Mitterrand,266.0,A;F
Z09AS,Mérignac,SIREDO,,,,44.8264724,-0.6174092,15033,Mitterrand,276.3,Bus F
Z09AS,Mérignac,SIREDO,,,,44.8264724,-0.6174092,15034,Mitterrand,226.1,Bus F
Z09AS,Mérignac,SIREDO,,,,44.8264724,-0.6174092,5230,Peychotte,201.5,A;F
Z09AS,Mérignac,SIREDO,,,,44.8264724,-0.6174092,5231,Peychotte,195.1,A;F
Z09AS,Mérignac,SIREDO,,,,44.8264724,-0.6174092,5284,Peychotte,158.4,78
Z09AS,Mérignac,SIREDO,,,,44.8264724,-0.6174092,5815,Peychotte,129.3,Bus F
Z09AS,Mérignac,SIREDO,,,,44.8264724,-0.6174092,9128,Peychotte,220.3,74;Bus F
Z09AS,Mérignac,SIREDO,,,,44.8264724,-0.6174092,9507,Riaud,214.3,S33;S37
Z09AS,Mérignac,SIREDO,,,,44.8264724,-0.6174092,9508,Riaud,218.3,S33;S37
Z10AS,Talence,SIREDO,,0.078824,0.110354,44.816376,-0.6006425,9805,Gare de Talence Médoquine,195.1,73;8;80
Z10AS,Talence,SIREDO,,0.078824,0.110354,44.816376,-0.6006425,9806,Gare de Talence Médoquine,179.5,73;8;80
Z10AS,Talence,SIREDO,,0.078824,0.110354,44.816376,-0.6006425,1361,Place Mozart,195.1,73;8;80
Z10AS,Talence,SIREDO,,0.078824,0.110354,44.816376,-0.6006425,2432,Place Mozart,196.3,73;8;80
Z10AS,Talence,SIREDO,,0.078824,0.110354,44.816376,-0.6006425,187,Réservoir Lavardens,277.7,4
Z10AS,Talence,SIREDO,,0.078824,0.110354,44.816376,-0.6006425,693,Réservoir Lavardens,282.7,4
Z10BE,Bordeaux,SIREDO,,0.064738,0.091820,44.8222163,-0.606054,13226,Campus Carreire,237.2,55
Z10BE,Bordeaux,SIREDO,,0.064738,0.091820,44.8222163,-0.606054,8201,Campus Carreire,13.1,24;73
Z10BE,Bordeaux,SIREDO,,0.064738,0.091820,44.8222163,-0.606054,8202,Campus Carreire,3.3,24;73
Z10BE,Bordeaux,SIREDO,,0.064738,0.091820,44.8222163,-0.606054,2686,Guilbaud,93.5,S39
Z10BE,Bordeaux,SIREDO,,0.064738,0.091820,44.8222163,-0.606054,2688,Guilbaud,139.6,S39
Z16BS,Pessac,SIREDO,,0.077717,0.076427,44.8054635,-0.6504536,1153,Pape Clément (Place Sellier),294.2,24;30;77;78;S38
Z16BS,Pessac,SIREDO,,0.077717,0.076427,44.8054635,-0.6504536,2736,Pape Clément (Place Sellier),234.1,24;30;77;78;S38
Z16BS,Pessac,SIREDO,,0.077717,0.076427,44.8054635,-0.6504536,2735,Pont de l'Orient,131.4,24;34;78
Z16BS,Pessac,SIREDO,,0.077717,0.076427,44.8054635,-0.6504536,2737,Pont de l'Orient,148.5,30
Z16BS,Pessac,SIREDO,,0.077717,0.076427,44.8054635,-0.6504536,2757,Pont de l'Orient,166.9,30
Z16BS,Pessac,SIREDO,,0.077717,0.076427,44.8054635,-0.6504536,5263,Pont de l'Orient,150.4,24;34;78
Z16CS,Pessac,SIREDO,,0.083218,0.074320,44.7924126,-0.6479102,2812,AFPA Pessac,289.2,34
Z16CS,Pessac,SIREDO,,0.083218,0.074320,44.7924126,-0.6479102,326,AFPA Pessac,296.7,34
Z16CS,Pessac,SIREDO,,0.083218,0.074320,44.7924126,-0.6479102,2774,Bellevue,263.8,74
Z16CS,Pessac,SIREDO,,0.083218,0.074320,44.7924126,-0.6479102,2851,Bellevue,230.8,74
Z16CS,Pessac,SIREDO,,0.083218,0.074320,44.7924126,-0.6479102,7431,Chataigneraie,118.3,B
Z16CS,Pessac,SIREDO,,0.083218,0.074320,44.7924126,-0.6479102,7432,Chataigneraie,126.2,B
Z16CS,Pessac,SIREDO,,0.083218,0.074320,44.7924126,-0.6479102,2514,Châtaigneraie,136.6,34;74
Z16CS,Pessac,SIREDO,,0.083218,0.074320,44.7924126,-0.6479102,2615,Châtaigneraie,106.4,34;74
Z16CS,Pessac,SIREDO,,0.083218,0.074320,44.7924126,-0.6479102,9286,Châtaigneraie,110.0,55
Z16CS,Pessac,SIREDO,,0.083218,0.074320,44.7924126,-0.6479102,9287,Châtaigneraie,145.7,55
Z16CS,Pessac,SIREDO,,0.083218,0.074320,44.7924126,-0.6479102,9435,Collège F. Mitterrand,232.0,S40
Z16DS,Pessac,SIREDO,,,,44.7891491,-0.6352927,6991,Acacias,149.5,77
Z16DS,Pessac,SIREDO,,,,44.7891491,-0.6352927,9220,Acacias,126.5,77
Z16DS,Pessac,SIREDO,,,,44.7891491,-0.6352927,2807,Les Tulipes,27.2,34;77
Z16DS,Pessac,SIREDO,,,,44.7891491,-0.6352927,920,Les Tulipes,61.8,34;77
Z27CT2,Pessac,BOUCLE,23,0.088126,0.089518,44.7996042,-0.662058,1131,France Alouette,30.6,4
Z27CT2,Pessac,BOUCLE,23,0.088126,0.089518,44.7996042,-0.662058,2783,France Alouette,162.0,4
Z27CT2,Pessac,BOUCLE,23,0.088126,0.089518,44.7996042,-0.662058,2871,France Alouette,170.7,39;77
Z27CT2,Pessac,BOUCLE,23,0.088126,0.089518,44.7996042,-0.662058,2881,France Alouette,128.6,39;77
Z27CT2,Pessac,BOUCLE,23,0.088126,0.089518,44.7996042,-0.662058,7440,France Alouette,137.2,B
Z27CT2,Pessac,BOUCLE,23,0.088126,0.089518,44.7996042,-0.662058,2765,Xavier Arnozan,248.2,4
Z15CT15,Bordeaux,BOUCLE,,,,44.8506685,-0.5786026,837,Longchamps,205.8,23;82
Z15CT15,Bordeaux,BOUCLE,,,,44.8506685,-0.5786026,1649,Rue d'Aviau,124.2,23
Z15CT15,Bordeaux,BOUCLE,,,,44.8506685,-0.5786026,7726,Saint-Maur,138.4,82
Z14CT22,Bordeaux,BOUCLE,42,0.082866,0.071143,44.856487,-0.5497848,212,Lajaunie,194.3,25;27;53;61;7;H2
Z14CT22,Bordeaux,BOUCLE,42,0.082866,0.071143,44.856487,-0.5497848,702,Lajaunie,173.3,25;27;53;61;7;H1;N7
Z14CT22,Bordeaux,BOUCLE,42,0.082866,0.071143,44.856487,-0.5497848,1451,Quai de Brazza,117.3,25;61;N2
Z14CT22,Bordeaux,BOUCLE,42,0.082866,0.071143,44.856487,-0.5497848,387,Quai de Brazza,83.2,25;61;N4
Z14CT23,Bordeaux,BOUCLE,36,0.069695,0.075480,44.8555637,-0.5502598,1146,Fabrique Pola,279.4,25;61;N2
Z14CT23,Bordeaux,BOUCLE,36,0.069695,0.075480,44.8555637,-0.5502598,212,Lajaunie,280.9,25;27;53;61;7;H2
Z14CT23,Bordeaux,BOUCLE,36,0.069695,0.075480,44.8555637,-0.5502598,702,Lajaunie,254.9,25;27;53;61;7;H1;N7
Z14CT23,Bordeaux,BOUCLE,36,0.069695,0.075480,44.8555637,-0.5502598,1451,Quai de Brazza,8.6,25;61;N2
Z14CT23,Bordeaux,BOUCLE,36,0.069695,0.075480,44.8555637,-0.5502598,387,Quai de Brazza,28.2,25;61;N4
Z14CT24,Bordeaux,BOUCLE,38,0.084301,0.065609,44.8577564,-0.5465688,212,Lajaunie,98.7,25;27;53;61;7;H2
Z14CT24,Bordeaux,BOUCLE,38,0.084301,0.065609,44.8577564,-0.5465688,702,Lajaunie,125.6,25;27;53;61;7;H1;N7
Z6CT20,Bordeaux,BOUCLE,,,,44.8421526,-0.6032137,2342,Cité Administrative,293.7,70;9;H2;N3
Z6CT20,Bordeaux,BOUCLE,,,,44.8421526,-0.6032137,2420,Cité administrative,234.4,16
Z6CT20,Bordeaux,BOUCLE,,,,44.8421526,-0.6032137,2095,Moulin Rouge,247.6,1;16
Z6CT20,Bordeaux,BOUCLE,,,,44.8421526,-0.6032137,5380,Moulin Rouge,283.4,73
Z6CT20,Bordeaux,BOUCLE,,,,44.8421526,-0.6032137,2419,Stade Bel Air,265.1,16
Z7CT15,Mérignac,BOUCLE,39,0.080710,0.083953,44.84784,-0.6593093,6435,Tassigny,8.4,34
Z7CT15,Mérignac,BOUCLE,39,0.080710,0.083953,44.84784,-0.6593093,6436,Tassigny,52.6,34
Z7CT16,Mérignac,BOUCLE,22,0.076547,0.075568,44.8465713,-0.6568152,7331,Hôtel de Ville Mérignac,287.0,A
Z7CT16,Mérignac,BOUCLE,22,0.076547,0.075568,44.8465713,-0.6568152,7332,Hôtel de Ville Mérignac,292.0,A
Z7CT16,Mérignac,BOUCLE,22,0.076547,0.075568,44.8465713,-0.6568152,2457,Mairie de Mérignac,90.6,Bus F
Z7CT16,Mérignac,BOUCLE,22,0.076547,0.075568,44.8465713,-0.6568152,2465,Mairie de Mérignac,104.3,Bus F
Z7CT16,Mérignac,BOUCLE,22,0.076547,0.075568,44.8465713,-0.6568152,6435,Tassigny,239.6,34
Z7CT16,Mérignac,BOUCLE,22,0.076547,0.075568,44.8465713,-0.6568152,6436,Tassigny,189.6,34
Z26CT8,Bègles,BOUCLE,11,0.072862,0.102094,44.7993814,-0.5512679,3194,Gare de Bègles,151.7,15;23;35
Z26CT8,Bègles,BOUCLE,11,0.072862,0.102094,44.7993814,-0.5512679,3203,Gare de Bègles,155.5,15;23;35
Z26CT8,Bègles,BOUCLE,11,0.072862,0.102094,44.7993814,-0.5512679,7397,Gare de bègles,141.3,C;E;F
Z26CT8,Bègles,BOUCLE,11,0.072862,0.102094,44.7993814,-0.5512679,7398,Gare de bègles,137.7,C;E;F
Z13CT21,Bordeaux,BOUCLE,23,0.072325,0.077599,44.8501421,-0.5816531,8672,Croix de Seguey,268.9,23;82
Z13CT21,Bordeaux,BOUCLE,23,0.072325,0.077599,44.8501421,-0.5816531,837,Longchamps,41.7,23;82
Z13CT21,Bordeaux,BOUCLE,23,0.072325,0.077599,44.8501421,-0.5816531,9750,Longchamps,62.2,82
Z13CT21,Bordeaux,BOUCLE,23,0.072325,0.077599,44.8501421,-0.5816531,1803,Palais Gallien,263.5,82
Z30FSN,Mérignac,SIREDO,,0.084334,0.067788,44.8307638,-0.6888185,7051,Bellonte,252.3,S36
Z30FSN,Mérignac,SIREDO,,0.084334,0.067788,44.8307638,-0.6888185,763,Roland Garros,186.8,33
Z30FSN,Mérignac,SIREDO,,0.084334,0.067788,44.8307638,-0.6888185,8645,Roland Garros,229.6,39
Z30FSN,Mérignac,SIREDO,,0.084334,0.067788,44.8307638,-0.6888185,8646,Roland Garros,133.4,39
Z30FSN,Mérignac,SIREDO,,0.084334,0.067788,44.8307638,-0.6888185,992,Roland Garros,194.0,33
Z30FNS,Mérignac,SIREDO,,0.060003,0.095912,44.8307186,-0.6888973,7051,Bellonte,245.8,S36
Z30FNS,Mérignac,SIREDO,,0.060003,0.095912,44.8307186,-0.6888973,763,Roland Garros,187.4,33
Z30FNS,Mérignac,SIREDO,,0.060003,0.095912,44.8307186,-0.6888973,8645,Roland Garros,228.3,39
Z30FNS,Mérignac,SIREDO,,0.060003,0.095912,44.8307186,-0.6888973,8646,Roland Garros,132.4,39
Z30FNS,Mérignac,SIREDO,,0.060003,0.095912,44.8307186,-0.6888973,992,Roland Garros,194.9,33
Z13CT16,Bordeaux,BOUCLE,,0.087963,0.077778,44.8449704,-0.5914831,8181,Croix Blanche,170.5,82
Z13CT16,Bordeaux,BOUCLE,,0.087963,0.077778,44.8449704,-0.5914831,9187,Croix Blanche,192.3,2;G
Z13CT16,Bordeaux,BOUCLE,,0.087963,0.077778,44.8449704,-0.5914831,9188,Croix Blanche,134.5,2;G;N3
Z13CT16,Bordeaux,BOUCLE,,0.087963,0.077778,44.8449704,-0.5914831,696,Lachassaigne,282.2,16
Z13CT16,Bordeaux,BOUCLE,,0.087963,0.077778,44.8449704,-0.5914831,1829,Lycée Camille Jullian,232.5,82
Z13CT16,Bordeaux,BOUCLE,,0.087963,0.077778,44.8449704,-0.5914831,9189,Lycée Camille Jullian,208.9,2;82;G
Z13CT16,Bordeaux,BOUCLE,,0.087963,0.077778,44.8449704,-0.5914831,9190,Lycée Camille Jullian,189.7,2;G;N3
Z25CT22,Bordeaux,BOUCLE,15,0.039427,0.065950,44.875652,-0.545142,4429,Blanqui,255.4,75
Z25CT22,Bordeaux,BOUCLE,15,0.039427,0.065950,44.875652,-0.545142,8232,Blanqui,260.7,75
Z25CT22,Bordeaux,BOUCLE,15,0.039427,0.065950,44.875652,-0.545142,5532,Brandenburg,136.0,B
Z25CT22,Bordeaux,BOUCLE,15,0.039427,0.065950,44.875652,-0.545142,5533,Brandenburg,139.7,B
Z25CT22,Bordeaux,BOUCLE,15,0.039427,0.065950,44.875652,-0.545142,5610,Brandenburg,158.3,9
Z25CT22,Bordeaux,BOUCLE,15,0.039427,0.065950,44.875652,-0.545142,9711,Brandenburg,185.4,75;76
Z25CT22,Bordeaux,BOUCLE,15,0.039427,0.065950,44.875652,-0.545142,9712,Brandenburg,103.9,32
Z25CT22,Bordeaux,BOUCLE,15,0.039427,0.065950,44.875652,-0.545142,5534,Claveau,267.7,B
Z25CT22,Bordeaux,BOUCLE,15,0.039427,0.065950,44.875652,-0.545142,5535,Claveau,264.1,B
Z22CT7,Lormont,BOUCLE,31,0.059048,0.074921,44.8686299,-0.5127086,9728,4 Pavillons,204.9,54
Z22CT7,Lormont,BOUCLE,31,0.059048,0.074921,44.8686299,-0.5127086,9729,4 Pavillons,191.3,54
Z22CT7,Lormont,BOUCLE,31,0.059048,0.074921,44.8686299,-0.5127086,6425,Hautefort,193.0,32;S27;S28;S30
Z22CT7,Lormont,BOUCLE,31,0.059048,0.074921,44.8686299,-0.5127086,6426,Hautefort,183.3,32;S27;S28;S30
Z24CT7,Mérignac,BOUCLE,4,0.037238,0.113160,44.8568776,-0.6596163,7272,Les Pins,183.1,16;34
Z24CT7,Mérignac,BOUCLE,4,0.037238,0.113160,44.8568776,-0.6596163,7301,Les Pins,44.8,Bus F
Z24CT7,Mérignac,BOUCLE,4,0.037238,0.113160,44.8568776,-0.6596163,7335,Les Pins,18.5,A
Z24CT7,Mérignac,BOUCLE,4,0.037238,0.113160,44.8568776,-0.6596163,7336,Les Pins,14.3,A
Z24CT7,Mérignac,BOUCLE,4,0.037238,0.113160,44.8568776,-0.6596163,7403,Les Pins (arrêt de descente),93.6,16;34
Z24CT7,Mérignac,BOUCLE,4,0.037238,0.113160,44.8568776,-0.6596163,7302,Les Pins (av Magudas),46.8,71
Z24CT7,Mérignac,BOUCLE,4,0.037238,0.113160,44.8568776,-0.6596163,7303,Les Pins (av Magudas),58.5,71;Bus F
Z24CT7,Mérignac,BOUCLE,4,0.037238,0.113160,44.8568776,-0.6596163,1866,Moussard,203.3,71
Z24CT7,Mérignac,BOUCLE,4,0.037238,0.113160,44.8568776,-0.6596163,5316,Moussard,201.3,71
Z24CT7,Mérignac,BOUCLE,4,0.037238,0.113160,44.8568776,-0.6596163,7271,Vercors,241.8,16;34
Z24CT9,Mérignac,BOUCLE,93,0.076245,0.057988,44.8572262,-0.6587488,7272,Les Pins,204.9,16;34
Z24CT9,Mérignac,BOUCLE,93,0.076245,0.057988,44.8572262,-0.6587488,7301,Les Pins,95.5,Bus F
Z24CT9,Mérignac,BOUCLE,93,0.076245,0.057988,44.8572262,-0.6587488,7335,Les Pins,90.4,A
Z24CT9,Mérignac,BOUCLE,93,0.076245,0.057988,44.8572262,-0.6587488,7336,Les Pins,92.0,A
Z24CT9,Mérignac,BOUCLE,93,0.076245,0.057988,44.8572262,-0.6587488,7403,Les Pins (arrêt de descente),128.2,16;34
Z24CT9,Mérignac,BOUCLE,93,0.076245,0.057988,44.8572262,-0.6587488,7302,Les Pins (av Magudas),71.2,71
Z24CT9,Mérignac,BOUCLE,93,0.076245,0.057988,44.8572262,-0.6587488,7303,Les Pins (av Magudas),33.8,71;Bus F
Z24CT9,Mérignac,BOUCLE,93,0.076245,0.057988,44.8572262,-0.6587488,1866,Moussard,136.8,71
Z24CT9,Mérignac,BOUCLE,93,0.076245,0.057988,44.8572262,-0.6587488,5316,Moussard,137.1,71
Z24CT9,Mérignac,BOUCLE,93,0.076245,0.057988,44.8572262,-0.6587488,7271,Vercors,218.9,16;34
Z24CT8,Eysines,BOUCLE,84,0.080628,0.067842,44.8576594,-0.6615434,7301,Les Pins,211.9,Bus F
Z24CT8,Eysines,BOUCLE,84,0.080628,0.067842,44.8576594,-0.6615434,7335,Les Pins,156.6,A
Z24CT8,Eysines,BOUCLE,84,0.080628,0.067842,44.8576594,-0.6615434,7336,Les Pins,163.9,A
Z24CT8,Eysines,BOUCLE,84,0.080628,0.067842,44.8576594,-0.6615434,7403,Les Pins (arrêt de descente),256.4,16;34
Z24CT8,Eysines,BOUCLE,84,0.080628,0.067842,44.8576594,-0.6615434,7302,Les Pins (av Magudas),154.8,71
Z24CT8,Eysines,BOUCLE,84,0.080628,0.067842,44.8576594,-0.6615434,7303,Les Pins (av Magudas),191.7,71;Bus F
Z30CT20,Mérignac,BOUCLE,19,0.043261,0.124779,44.8374847,-0.6469026,2641,Croustet,53.0,20
Z30CT20,Mérignac,BOUCLE,19,0.043261,0.124779,44.8374847,-0.6469026,3315,Croustet,88.4,20
Z30CT20,Mérignac,BOUCLE,19,0.043261,0.124779,44.8374847,-0.6469026,2499,Lycée Daguin,191.6,26
Z30CT20,Mérignac,BOUCLE,19,0.043261,0.124779,44.8374847,-0.6469026,5624,Lycée Daguin,170.8,26
Z30CT20,Mérignac,BOUCLE,19,0.043261,0.124779,44.8374847,-0.6469026,5690,Lycée Daguin,290.9,1;30;33;S53;S56;S64
Z30CT20,Mérignac,BOUCLE,19,0.043261,0.124779,44.8374847,-0.6469026,3347,Lycées de Mérignac,279.5,20;26;30;33;35;Bus F
Z30CT20,Mérignac,BOUCLE,19,0.043261,0.124779,44.8374847,-0.6469026,5240,Lycées de Mérignac,279.7,A
Z30CT20,Mérignac,BOUCLE,19,0.043261,0.124779,44.8374847,-0.6469026,5241,Lycées de Mérignac,285.6,A
Z30CT20,Mérignac,BOUCLE,19,0.043261,0.124779,44.8374847,-0.6469026,830,Lycées de Mérignac,297.4,20;26;30;33;35;Bus F
Z30CT15,Mérignac,BOUCLE,3,0.058570,0.093023,44.8324738,-0.6417697,15028,Mendes France,277.3,Bus F
Z30CT15,Mérignac,BOUCLE,3,0.058570,0.093023,44.8324738,-0.6417697,5236,Pierre Mendès France,297.3,A;F
Z30CT15,Mérignac,BOUCLE,3,0.058570,0.093023,44.8324738,-0.6417697,15025,Quatre Chemins,234.7,Bus F
Z30CT15,Mérignac,BOUCLE,3,0.058570,0.093023,44.8324738,-0.6417697,5238,Quatre Chemins,250.7,A;F
Z30CT15,Mérignac,BOUCLE,3,0.058570,0.093023,44.8324738,-0.6417697,5239,Quatre Chemins,244.3,A;F
Z30CT9,Mérignac,BOUCLE,28,0.088242,0.067064,44.8327717,-0.6414768,15028,Mendes France,294.5,Bus F
Z30CT9,Mérignac,BOUCLE,28,0.088242,0.067064,44.8327717,-0.6414768,15025,Quatre Chemins,259.3,Bus F
Z30CT9,Mérignac,BOUCLE,28,0.088242,0.067064,44.8327717,-0.6414768,5238,Quatre Chemins,273.8,A;F
Z30CT9,Mérignac,BOUCLE,28,0.088242,0.067064,44.8327717,-0.6414768,5239,Quatre Chemins,267.9,A;F
Z30CT14,Mérignac,BOUCLE,0,0.075911,0.078242,44.8254007,-0.637387,9519,Frères Lumière,291.0,S33
Z30CT14,Mérignac,BOUCLE,0,0.075911,0.078242,44.8254007,-0.637387,9520,Frères Lumière,284.1,S33
Z30CT14,Mérignac,BOUCLE,0,0.075911,0.078242,44.8254007,-0.637387,4474,Parc de Luchey,10.8,35
Z30CT14,Mérignac,BOUCLE,0,0.075911,0.078242,44.8254007,-0.637387,4475,Parc de Luchey,116.1,35
Z30CT14,Mérignac,BOUCLE,0,0.075911,0.078242,44.8254007,-0.637387,9517,Émile Roux,81.2,S33
Z30CT14,Mérignac,BOUCLE,0,0.075911,0.078242,44.8254007,-0.637387,9518,Émile Roux,82.9,S33
Z21CT5,Le Bouscat,BOUCLE,,,,44.8676326,-0.6072971,334,Glen Ellyn,258.3,33
Z21CT5,Le Bouscat,BOUCLE,,,,44.8676326,-0.6072971,418,Glen Ellyn,256.1,33
Z21CT5,Le Bouscat,BOUCLE,,,,44.8676326,-0.6072971,2920,Les Ecus,167.9,33
Z21CT5,Le Bouscat,BOUCLE,,,,44.8676326,-0.6072971,2921,Les Ecus,181.3,33
Z21CT5,Le Bouscat,BOUCLE,,,,44.8676326,-0.6072971,8341,Les Ecus,190.0,D
Z21CT5,Le Bouscat,BOUCLE,,,,44.8676326,-0.6072971,8342,Les Ecus,233.9,D
Z21CT5,Le Bouscat,BOUCLE,,,,44.8676326,-0.6072971,1925,Mairie du Bouscat,248.0,82
Z21CT5,Le Bouscat,BOUCLE,,,,44.8676326,-0.6072971,2004,Mairie du Bouscat,258.5,82
Z21CT5,Le Bouscat,BOUCLE,,,,44.8676326,-0.6072971,8332,Mairie du Bouscat,278.4,D
Z21CT1,Le Bouscat,BOUCLE,17,0.079520,0.091945,44.8575471,-0.5975564,8327,Courbet,118.7,D
Z21CT1,Le Bouscat,BOUCLE,17,0.079520,0.091945,44.8575471,-0.5975564,8328,Courbet,75.3,D
Z15CT11,Bordeaux,BOUCLE,13,0.070270,0.092793,44.8610285,-0.5750774,5400,Emile Counord,262.2,C;E
Z15CT11,Bordeaux,BOUCLE,13,0.070270,0.092793,44.8610285,-0.5750774,5401,Emile Counord,267.3,C;E
Z15CT11,Bordeaux,BOUCLE,13,0.070270,0.092793,44.8610285,-0.5750774,5957,Frères Portmann,134.8,82
Z15CT11,Bordeaux,BOUCLE,13,0.070270,0.092793,44.8610285,-0.5750774,5958,Frères Portmann,110.1,82
Z15CT11,Bordeaux,BOUCLE,13,0.070270,0.092793,44.8610285,-0.5750774,5402,Grand Parc,145.6,C;E
Z15CT11,Bordeaux,BOUCLE,13,0.070270,0.092793,44.8610285,-0.5750774,5403,Grand Parc,139.0,C;E
Z15CT17,Bordeaux,BOUCLE,,,,44.8551672,-0.5833673,7727,Catros,205.1,82
Z15CT17,Bordeaux,BOUCLE,,,,44.8551672,-0.5833673,384,Parc Rivière,150.6,82
Z15CT17,Bordeaux,BOUCLE,,,,44.8551672,-0.5833673,8258,Parc Rivière,121.5,82
Z15CT6,Bordeaux,BOUCLE,0,0.067701,0.080395,44.8527806,-0.5742126,3173,Camille Godard,255.7,15
Z15CT6,Bordeaux,BOUCLE,0,0.067701,0.080395,44.8527806,-0.5742126,3177,Camille Godard,258.3,15
Z15CT6,Bordeaux,BOUCLE,0,0.067701,0.080395,44.8527806,-0.5742126,5398,Camille Godard,214.8,C;E
Z15CT6,Bordeaux,BOUCLE,0,0.067701,0.080395,44.8527806,-0.5742126,5399,Camille Godard,208.0,C;E
Z15CT6,Bordeaux,BOUCLE,0,0.067701,0.080395,44.8527806,-0.5742126,459,Martinique,230.3,15
Z15CT6,Bordeaux,BOUCLE,0,0.067701,0.080395,44.8527806,-0.5742126,1971,Paul Doumer,100.2,15;5;N7
Z15CT6,Bordeaux,BOUCLE,0,0.067701,0.080395,44.8527806,-0.5742126,2442,Paul Doumer,104.9,15;5;N5
Z15CT6,Bordeaux,BOUCLE,0,0.067701,0.080395,44.8527806,-0.5742126,5396,Paul Doumer,91.0,C;E
Z15CT6,Bordeaux,BOUCLE,0,0.067701,0.080395,44.8527806,-0.5742126,5397,Paul Doumer,98.9,C;E
Z15CT6,Bordeaux,BOUCLE,0,0.067701,0.080395,44.8527806,-0.5742126,917,Picard,281.9,15;5;N5
Z15CT10,Bordeaux,BOUCLE,,,,44.8513379,-0.5760157,1971,Paul Doumer,201.7,15;5;N7
Z15CT10,Bordeaux,BOUCLE,,,,44.8513379,-0.5760157,2442,Paul Doumer,182.2,15;5;N5
Z15CT10,Bordeaux,BOUCLE,,,,44.8513379,-0.5760157,5396,Paul Doumer,167.0,C;E
Z15CT10,Bordeaux,BOUCLE,,,,44.8513379,-0.5760157,5397,Paul Doumer,162.2,C;E
Z15CT10,Bordeaux,BOUCLE,,,,44.8513379,-0.5760157,1649,Rue d'Aviau,155.9,23
Z15CT10,Bordeaux,BOUCLE,,,,44.8513379,-0.5760157,7726,Saint-Maur,211.6,82
Z15CT3,Bordeaux,BOUCLE,36,0.064922,0.060908,44.8537214,-0.5726344,3173,Camille Godard,199.0,15
Z15CT3,Bordeaux,BOUCLE,36,0.064922,0.060908,44.8537214,-0.5726344,3177,Camille Godard,241.7,15
Z15CT3,Bordeaux,BOUCLE,36,0.064922,0.060908,44.8537214,-0.5726344,5398,Camille Godard,181.2,C;E
Z15CT3,Bordeaux,BOUCLE,36,0.064922,0.060908,44.8537214,-0.5726344,5399,Camille Godard,179.2,C;E
Z15CT3,Bordeaux,BOUCLE,36,0.064922,0.060908,44.8537214,-0.5726344,459,Martinique,79.2,15
Z15CT3,Bordeaux,BOUCLE,36,0.064922,0.060908,44.8537214,-0.5726344,1971,Paul Doumer,208.6,15;5;N7
Z15CT3,Bordeaux,BOUCLE,36,0.064922,0.060908,44.8537214,-0.5726344,2442,Paul Doumer,225.9,15;5;N5
Z15CT3,Bordeaux,BOUCLE,36,0.064922,0.060908,44.8537214,-0.5726344,5396,Paul Doumer,226.4,C;E
Z15CT3,Bordeaux,BOUCLE,36,0.064922,0.060908,44.8537214,-0.5726344,5397,Paul Doumer,234.3,C;E
Z15CT3,Bordeaux,BOUCLE,36,0.064922,0.060908,44.8537214,-0.5726344,917,Picard,127.2,15;5;N5
Z15CT3,Bordeaux,BOUCLE,36,0.064922,0.060908,44.8537214,-0.5726344,951,Picard,194.2,5;N7
Z15CT5,Bordeaux,BOUCLE,14,0.066355,0.074393,44.8545587,-0.5728318,310,Berthelot,228.3,5
Z15CT5,Bordeaux,BOUCLE,14,0.066355,0.074393,44.8545587,-0.5728318,3173,Camille Godard,127.8,15
Z15CT5,Bordeaux,BOUCLE,14,0.066355,0.074393,44.8545587,-0.5728318,3177,Camille Godard,185.7,15
Z15CT5,Bordeaux,BOUCLE,14,0.066355,0.074393,44.8545587,-0.5728318,5398,Camille Godard,130.1,C;E
Z15CT5,Bordeaux,BOUCLE,14,0.066355,0.074393,44.8545587,-0.5728318,5399,Camille Godard,132.0,C;E
Z15CT5,Bordeaux,BOUCLE,14,0.066355,0.074393,44.8545587,-0.5728318,459,Martinique,35.8,15
Z15CT5,Bordeaux,BOUCLE,14,0.066355,0.074393,44.8545587,-0.5728318,1971,Paul Doumer,293.2,15;5;N7
Z15CT5,Bordeaux,BOUCLE,14,0.066355,0.074393,44.8545587,-0.5728318,917,Picard,69.6,15;5;N5
Z15CT5,Bordeaux,BOUCLE,14,0.066355,0.074393,44.8545587,-0.5728318,951,Picard,139.4,5;N7
Z14CT8,Bordeaux,BOUCLE,0,0.063374,0.078845,44.8727927,-0.5654581,1379,Latule,258.6,9;N1;N3;N4;N5;N6;TBNight
Z14CT8,Bordeaux,BOUCLE,0,0.063374,0.078845,44.8727927,-0.5654581,581,Latule,272.4,9;TBNight
Z29CT4,Bordeaux,BOUCLE,0,0.093938,0.071056,44.848016,-0.5421929,13212,Galin,248.6,31
Z29CT4,Bordeaux,BOUCLE,0,0.093938,0.071056,44.848016,-0.5421929,3704,Galin,260.0,A;E
Z29CT4,Bordeaux,BOUCLE,0,0.093938,0.071056,44.848016,-0.5421929,3705,Galin,257.1,A;E
Z29CT4,Bordeaux,BOUCLE,0,0.093938,0.071056,44.848016,-0.5421929,5734,Galin,196.8,24;28
Z29CT4,Bordeaux,BOUCLE,0,0.093938,0.071056,44.848016,-0.5421929,6402,Galin,175.1,24;31
Z29CT4,Bordeaux,BOUCLE,0,0.093938,0.071056,44.848016,-0.5421929,4005,Galin Terminus,207.2,28;N6
Z29CT4,Bordeaux,BOUCLE,0,0.093938,0.071056,44.848016,-0.5421929,5745,Piscine Galin,14.9,24;28
Z29CT4,Bordeaux,BOUCLE,0,0.093938,0.071056,44.848016,-0.5421929,9246,Piscine Galin,124.9,24;28;31
Z29CT4,Bordeaux,BOUCLE,0,0.093938,0.071056,44.848016,-0.5421929,962,Vincent,299.7,24;31;N6
Z29CT1,Floirac,BOUCLE,0,0.103412,0.073512,44.8434916,-0.5280074,13097,Empereur,193.6,28
Z29CT1,Floirac,BOUCLE,0,0.103412,0.073512,44.8434916,-0.5280074,13098,Empereur,184.6,28
Z29CT1,Floirac,BOUCLE,0,0.103412,0.073512,44.8434916,-0.5280074,7614,Rosa Parks,292.3,24;60;H2
Z29CT2,Cenon,BOUCLE,0,0.098613,0.084092,44.8437679,-0.5276973,13097,Empereur,158.0,28
Z29CT2,Cenon,BOUCLE,0,0.098613,0.084092,44.8437679,-0.5276973,13098,Empereur,148.9,28
Z29CT13,Cenon,BOUCLE,19,0.063221,0.085906,44.8473575,-0.5101398,6829,Auditorium de Floirac,252.0,1;65
Z29CT13,Cenon,BOUCLE,19,0.063221,0.085906,44.8473575,-0.5101398,6830,Auditorium de Floirac,251.7,1;65
Z29CT13,Cenon,BOUCLE,19,0.063221,0.085906,44.8473575,-0.5101398,3611,Dubedout,112.3,28;S1;S2;S3
Z29CT13,Cenon,BOUCLE,19,0.063221,0.085906,44.8473575,-0.5101398,3612,Dubedout,173.1,28;S1;S2;S3
Z29CT13,Cenon,BOUCLE,19,0.063221,0.085906,44.8473575,-0.5101398,5217,Floirac Dravemont,163.7,A;E
Z29CT13,Cenon,BOUCLE,19,0.063221,0.085906,44.8473575,-0.5101398,5220,Floirac Dravemont,149.1,32
Z29CT13,Cenon,BOUCLE,19,0.063221,0.085906,44.8473575,-0.5101398,5226,Floirac Dravemont,148.6,1;28;54;65
Z29CT13,Cenon,BOUCLE,19,0.063221,0.085906,44.8473575,-0.5101398,6330,Floirac Dravemont,166.3,Bus A
Z29CT13,Cenon,BOUCLE,19,0.063221,0.085906,44.8473575,-0.5101398,1601,Floirac Dravemont (av Allende),157.2,1;28;32;54;65;Bus A
Z29CT13,Cenon,BOUCLE,19,0.063221,0.085906,44.8473575,-0.5101398,1562,Kergomard,188.0,32
Z29CT13,Cenon,BOUCLE,19,0.063221,0.085906,44.8473575,-0.5101398,461,Kergomard,235.1,32
Z29CT12,Cenon,BOUCLE,,,,44.8542692,-0.5151484,3465,Cassagne,169.1,27;32;S1;S2;S3
Z29CT12,Cenon,BOUCLE,,,,44.8542692,-0.5151484,3466,Cassagne,167.2,27;32;S1;S2;S3
Z29CT12,Cenon,BOUCLE,,,,44.8542692,-0.5151484,5205,Jean Zay,67.0,27;54;Bus A
Z29CT12,Cenon,BOUCLE,,,,44.8542692,-0.5151484,5206,Jean Zay,84.6,27;54;Bus A
Z29CT12,Cenon,BOUCLE,,,,44.8542692,-0.5151484,5213,Jean zay,161.3,A;E
Z29CT12,Cenon,BOUCLE,,,,44.8542692,-0.5151484,5214,Jean Zay,151.6,A;E
Z29CT12,Cenon,BOUCLE,,,,44.8542692,-0.5151484,1306,La Morlette,238.2,32;Bus A
Z29CT12,Cenon,BOUCLE,,,,44.8542692,-0.5151484,3693,La Morlette,249.1,A;E
Z29CT12,Cenon,BOUCLE,,,,44.8542692,-0.5151484,5212,La Morlette,256.3,A;E
Z29CT12,Cenon,BOUCLE,,,,44.8542692,-0.5151484,154,Rubens,265.3,32
Z29CT12,Cenon,BOUCLE,,,,44.8542692,-0.5151484,3327,Rubens,229.4,32
Z29CT11,Bordeaux,BOUCLE,0,,,44.8383479,-0.546465,9277,Joliot Curie,238.4,31
Z29CT11,Bordeaux,BOUCLE,0,,,44.8383479,-0.546465,9278,Joliot Curie,216.2,31;N6
Z29CT11,Bordeaux,BOUCLE,0,,,44.8383479,-0.546465,1333,Trégey,79.8,31;N6
Z29CT11,Bordeaux,BOUCLE,0,,,44.8383479,-0.546465,3019,Trégey,69.0,31
Z17CT1,Talence,BOUCLE,26,0.084084,0.083684,44.8136792,-0.5895382,3743,Talence Centre-Forum,222.1,B
Z17CT1,Talence,BOUCLE,26,0.084084,0.083684,44.8136792,-0.5895382,3744,Talence Centre-Forum,222.0,B
Z17CT1,Talence,BOUCLE,26,0.084084,0.083684,44.8136792,-0.5895382,1637,Talence Centre-Forum (côté Esplanade),284.5,23
Z17CT13,Talence,BOUCLE,15,0.081315,0.128893,44.8103781,-0.5860985,8911,Berteaux,116.2,73
Z17CT13,Talence,BOUCLE,15,0.081315,0.128893,44.8103781,-0.5860985,8912,Berteaux,151.8,73
Z17CT13,Talence,BOUCLE,15,0.081315,0.128893,44.8103781,-0.5860985,6505,Les Harmonies,112.2,23;31;73;S47;TBNight
Z17CT13,Talence,BOUCLE,15,0.081315,0.128893,44.8103781,-0.5860985,7701,Mairie de Talence,201.2,23;31;TBNight
Z17CT13,Talence,BOUCLE,15,0.081315,0.128893,44.8103781,-0.5860985,8101,Mairie de Talence,203.8,23;31;TBNight
Z17CT12,Talence,BOUCLE,,,,44.8077899,-0.5861693,5633,Dourout,278.1,23;31;73;S47;TBNight
Z17CT12,Talence,BOUCLE,,,,44.8077899,-0.5861693,7701,Mairie de Talence,129.4,23;31;TBNight
Z17CT12,Talence,BOUCLE,,,,44.8077899,-0.5861693,8101,Mairie de Talence,145.6,23;31;TBNight
Z17CT12,Talence,BOUCLE,,,,44.8077899,-0.5861693,7802,Médiathèque,244.3,23;31;TBNight
Z17CT12,Talence,BOUCLE,,,,44.8077899,-0.5861693,7801,Médiathèque (côté Château Margaut),254.9,23;31;TBNight
Z17CT12,Talence,BOUCLE,,,,44.8077899,-0.5861693,5899,Résidence Crespy,213.0,23
Z17CT12,Talence,BOUCLE,,,,44.8077899,-0.5861693,5900,Résidence Crespy,253.5,23
Z17CT14,Talence,BOUCLE,,,,44.8064545,-0.5919132,7802,Médiathèque,232.8,23;31;TBNight
Z17CT14,Talence,BOUCLE,,,,44.8064545,-0.5919132,7801,Médiathèque (côté Château Margaut),222.0,23;31;TBNight
Z17CT14,Talence,BOUCLE,,,,44.8064545,-0.5919132,371,Peixotto,13.2,31;34;TBNight
Z17CT14,Talence,BOUCLE,,,,44.8064545,-0.5919132,3741,Peixotto,102.8,B
Z17CT14,Talence,BOUCLE,,,,44.8064545,-0.5919132,3742,Peixotto,106.3,B
Z17CT14,Talence,BOUCLE,,,,44.8064545,-0.5919132,3551,Peixotto (côté Mairie),214.0,23
Z17CT14,Talence,BOUCLE,,,,44.8064545,-0.5919132,4112,Peixotto (côté Université),211.6,23
Z17CT14,Talence,BOUCLE,,,,44.8064545,-0.5919132,3819,Peixotto (Tram B),100.2,34
Z17CT14,Talence,BOUCLE,,,,44.8064545,-0.5919132,8791,Peixotto (Tram B),110.5,31;TBNight
Z17CT3,Talence,BOUCLE,54,0.076536,0.080534,44.8000395,-0.5969238,1671,Avenue de l'Université,226.9,31;34;35;8;87;TBNight
Z17CT3,Talence,BOUCLE,54,0.076536,0.080534,44.8000395,-0.5969238,2633,Avenue de l'Université,218.8,31;34;35;8;87;TBNight
Z17CT3,Talence,BOUCLE,54,0.076536,0.080534,44.8000395,-0.5969238,451,CREPS,175.3,31;34
Z17CT3,Talence,BOUCLE,54,0.076536,0.080534,44.8000395,-0.5969238,562,CREPS,180.4,31;34
Z17CT3,Talence,BOUCLE,54,0.076536,0.080534,44.8000395,-0.5969238,1633,Lycée Kastler,108.2,35;8;87;TBNight
Z17CT3,Talence,BOUCLE,54,0.076536,0.080534,44.8000395,-0.5969238,1656,Lycée Kastler,159.2,35;8;87;TBNight
Z17CT10,Talence,BOUCLE,67,0.070473,0.079273,44.7969561,-0.601912,475,Ecole de Management,72.4,31;34;80
Z17CT10,Talence,BOUCLE,67,0.070473,0.079273,44.7969561,-0.601912,841,Ecole de Management,59.9,31;34
Z17CT10,Talence,BOUCLE,67,0.070473,0.079273,44.7969561,-0.601912,9228,Ecole de Management,106.8,80
Z17CT10,Talence,BOUCLE,67,0.070473,0.079273,44.7969561,-0.601912,93,La Paillère,267.6,31
Z17CT4,Gradignan,BOUCLE,95,0.087249,0.069703,44.7911423,-0.6052748,9738,Compostelle,266.4,34
Z17CT4,Gradignan,BOUCLE,95,0.087249,0.069703,44.7911423,-0.6052748,1665,Ecole d'Architecture,238.0,34;80
Z17CT4,Gradignan,BOUCLE,95,0.087249,0.069703,44.7911423,-0.6052748,2868,Ecole d'Architecture,126.4,80
Z17CT8,Gradignan,BOUCLE,0,0.077279,0.085840,44.7840078,-0.6064484,555,Lange,273.0,31
Z17CT8,Gradignan,BOUCLE,0,0.077279,0.085840,44.7840078,-0.6064484,846,Lange,290.5,31
Z17CT8,Gradignan,BOUCLE,0,0.077279,0.085840,44.7840078,-0.6064484,4105,Mésanges,193.0,31
Z17CT8,Gradignan,BOUCLE,0,0.077279,0.085840,44.7840078,-0.6064484,4106,Mésanges,148.1,31
Z1704CT2,Talence,BOUCLE,0,,,44.8078412,-0.6014793,3577,Arts & Métiers,249.4,35;8;87;TBNight
Z1704CT2,Talence,BOUCLE,0,,,44.8078412,-0.6014793,3737,Arts & Métiers,216.2,B
Z1704CT2,Talence,BOUCLE,0,,,44.8078412,-0.6014793,3738,Arts & Métiers,216.0,B
Z1704CT2,Talence,BOUCLE,0,,,44.8078412,-0.6014793,6751,INRIA,140.5,73;8;80
Z1704CT2,Talence,BOUCLE,0,,,44.8078412,-0.6014793,6752,INRIA,169.4,73;8;80
Z1704CT2,Talence,BOUCLE,0,,,44.8078412,-0.6014793,2528,Village 1,167.8,35;80;87;TBNight
Z1704CT2,Talence,BOUCLE,0,,,44.8078412,-0.6014793,3294,Village 1,180.6,35;80;87;TBNight
Z1704CT8,Talence,BOUCLE,11,,,44.8078272,-0.601676,3577,Arts & Métiers,253.7,35;8;87;TBNight
Z1704CT8,Talence,BOUCLE,11,,,44.8078272,-0.601676,3737,Arts & Métiers,210.6,B
Z1704CT8,Talence,BOUCLE,11,,,44.8078272,-0.601676,3738,Arts & Métiers,210.1,B
Z1704CT8,Talence,BOUCLE,11,,,44.8078272,-0.601676,6751,INRIA,152.7,73;8;80
Z1704CT8,Talence,BOUCLE,11,,,44.8078272,-0.601676,6752,INRIA,179.7,73;8;80
Z1704CT8,Talence,BOUCLE,11,,,44.8078272,-0.601676,2528,Village 1,152.3,35;80;87;TBNight
Z1704CT8,Talence,BOUCLE,11,,,44.8078272,-0.601676,3294,Village 1,165.3,35;80;87;TBNight
Z1704CT1,Talence,BOUCLE,0,,,44.8067122,-0.6004321,3577,Arts & Métiers,108.4,35;8;87;TBNight
Z1704CT1,Talence,BOUCLE,0,,,44.8067122,-0.6004321,3578,Arts & Métiers,227.1,35;8;87;TBNight
Z1704CT1,Talence,BOUCLE,0,,,44.8067122,-0.6004321,3737,Arts & Métiers,167.1,B
Z1704CT1,Talence,BOUCLE,0,,,44.8067122,-0.6004321,3738,Arts & Métiers,170.7,B
Z1704CT1,Talence,BOUCLE,0,,,44.8067122,-0.6004321,3739,Béthanie,207.8,B
Z1704CT1,Talence,BOUCLE,0,,,44.8067122,-0.6004321,3740,Béthanie,206.5,B
Z1704CT1,Talence,BOUCLE,0,,,44.8067122,-0.6004321,6751,INRIA,227.4,73;8;80
Z1704CT1,Talence,BOUCLE,0,,,44.8067122,-0.6004321,6752,INRIA,267.1,73;8;80
Z1704CT1,Talence,BOUCLE,0,,,44.8067122,-0.6004321,2528,Village 1,280.6,35;80;87;TBNight
Z1704CT1,Talence,BOUCLE,0,,,44.8067122,-0.6004321,3294,Village 1,299.2,35;80;87;TBNight
Z1704CT6,Talence,BOUCLE,27,,,44.8077778,-0.6003299,3577,Arts & Métiers,226.9,35;8;87;TBNight
Z1704CT6,Talence,BOUCLE,27,,,44.8077778,-0.6003299,3737,Arts & Métiers,252.2,B
Z1704CT6,Talence,BOUCLE,27,,,44.8077778,-0.6003299,3738,Arts & Métiers,253.9,B
Z1704CT6,Talence,BOUCLE,27,,,44.8077778,-0.6003299,3739,Béthanie,270.7,B
Z1704CT6,Talence,BOUCLE,27,,,44.8077778,-0.6003299,3740,Béthanie,268.4,B
Z1704CT6,Talence,BOUCLE,27,,,44.8077778,-0.6003299,6751,INRIA,108.6,73;8;80
Z1704CT6,Talence,BOUCLE,27,,,44.8077778,-0.6003299,6752,INRIA,148.4,73;8;80
Z1704CT6,Talence,BOUCLE,27,,,44.8077778,-0.6003299,2528,Village 1,258.6,35;80;87;TBNight
Z1704CT6,Talence,BOUCLE,27,,,44.8077778,-0.6003299,3294,Village 1,271.5,35;80;87;TBNight
Z1704CT11,Talence,BOUCLE,4,,,44.8071588,-0.6029413,3577,Arts & Métiers,256.4,35;8;87;TBNight
Z1704CT11,Talence,BOUCLE,4,,,44.8071588,-0.6029413,3737,Arts & Métiers,140.7,B
Z1704CT11,Talence,BOUCLE,4,,,44.8071588,-0.6029413,3738,Arts & Métiers,137.2,B
Z1704CT11,Talence,BOUCLE,4,,,44.8071588,-0.6029413,6751,INRIA,276.8,73;8;80
Z1704CT11,Talence,BOUCLE,4,,,44.8071588,-0.6029413,2528,Village 1,93.1,35;80;87;TBNight
Z1704CT11,Talence,BOUCLE,4,,,44.8071588,-0.6029413,3294,Village 1,114.2,35;80;87;TBNight
Z14CT21,Bordeaux,BOUCLE,30,0.053547,0.058289,44.8709142,-0.5639288,1379,Latule,107.3,9;N1;N3;N4;N5;N6;TBNight
Z14CT21,Bordeaux,BOUCLE,30,0.053547,0.058289,44.8709142,-0.5639288,581,Latule,115.6,9;TBNight
Z14CT21,Bordeaux,BOUCLE,30,0.053547,0.058289,44.8709142,-0.5639288,9822,Latule,245.8,H1;N4
Z14CT21,Bordeaux,BOUCLE,30,0.053547,0.058289,44.8709142,-0.5639288,9823,Latule,237.4,H2
Z14CT16,Bordeaux,BOUCLE,0,0.067335,0.060530,44.8600107,-0.5542572,5260,La Cité du Vin,112.9,B
Z14CT16,Bordeaux,BOUCLE,0,0.067335,0.060530,44.8600107,-0.5542572,5261,La Cité du Vin,118.1,B
Z14CT16,Bordeaux,BOUCLE,0,0.067335,0.060530,44.8600107,-0.5542572,6433,La Cité du Vin,119.3,25
Z14CT16,Bordeaux,BOUCLE,0,0.067335,0.060530,44.8600107,-0.5542572,6825,La Cité du Vin,72.6,27;53;7;H1;H2;N1;N2
Z14CT16,Bordeaux,BOUCLE,0,0.067335,0.060530,44.8600107,-0.5542572,6827,La Cité du Vin,58.6,25;27;53;7;H1;N4;N7
Z14CT16,Bordeaux,BOUCLE,0,0.067335,0.060530,44.8600107,-0.5542572,6835,La Cité du Vin,129.5,N3;N5;N6;TBNight
Z14CT16,Bordeaux,BOUCLE,0,0.067335,0.060530,44.8600107,-0.5542572,6836,La Cité du Vin,123.7,H1;N1;TBNight
Z5CT4,Bordeaux,BOUCLE,32,0.090309,0.077242,44.8320935,-0.5471313,9740,Belvédère,235.9,953
Z5CT4,Bordeaux,BOUCLE,32,0.090309,0.077242,44.8320935,-0.5471313,1169,Mattéoti,249.7,28;60
Z5CT4,Bordeaux,BOUCLE,32,0.090309,0.077242,44.8320935,-0.5471313,1807,Mattéoti,193.0,25;28;60
Z5CT4,Bordeaux,BOUCLE,32,0.090309,0.077242,44.8320935,-0.5471313,4911,Mattéoti,281.5,25
Z5CT4,Bordeaux,BOUCLE,32,0.090309,0.077242,44.8320935,-0.5471313,1811,Sembat,227.1,25;28;60
Z5CT4,Bordeaux,BOUCLE,32,0.090309,0.077242,44.8320935,-0.5471313,2291,Sembat,254.9,25;28;60
Z5CT10,Bordeaux,BOUCLE,0,0.061850,0.066411,44.8285205,-0.5570145,3765,Gare Saint-Jean,289.8,C;D;E;F
Z5CT10,Bordeaux,BOUCLE,0,0.061850,0.066411,44.8285205,-0.5570145,5433,Gare Saint-Jean,289.8,C;D;E;F
Z5CT10,Bordeaux,BOUCLE,0,0.061850,0.066411,44.8285205,-0.5570145,9201,Gare Saint-Jean,140.7,1;Arena;G;N2;N6;TBNight
Z5CT10,Bordeaux,BOUCLE,0,0.061850,0.066411,44.8285205,-0.5570145,9202,Gare Saint-Jean,133.0,1;Arena;G;N4;TBNight
Z5CT10,Bordeaux,BOUCLE,0,0.061850,0.066411,44.8285205,-0.5570145,5619,Gare Saint-Jean (arrêt de Montée),278.8,9
Z5CT10,Bordeaux,BOUCLE,0,0.061850,0.066411,44.8285205,-0.5570145,5770,Gare Saint-Jean (rue Saint-Vincent de Paul),233.3,20;N5
Z5CT10,Bordeaux,BOUCLE,0,0.061850,0.066411,44.8285205,-0.5570145,5769,Gare Saint-Jean (sous la Halle),277.0,20;35;N1;N7
Z5CT10,Bordeaux,BOUCLE,0,0.061850,0.066411,44.8285205,-0.5570145,9249,MECA,261.8,1;Arena
Z5CT10,Bordeaux,BOUCLE,0,0.061850,0.066411,44.8285205,-0.5570145,9717,MECA (Paludate),269.0,1;Arena;G
Z5CT10,Bordeaux,BOUCLE,0,0.061850,0.066411,44.8285205,-0.5570145,9268,MECA (Terres de Borde),205.0,31
Z5CT10,Bordeaux,BOUCLE,0,0.061850,0.066411,44.8285205,-0.5570145,9269,MECA (Terres de Borde),200.0,31
Z5CT10,Bordeaux,BOUCLE,0,0.061850,0.066411,44.8285205,-0.5570145,3766,Tauzia,136.8,C;D;E;F
Z5CT10,Bordeaux,BOUCLE,0,0.061850,0.066411,44.8285205,-0.5570145,3767,Tauzia,132.9,C;D;E;F
Z5CT12,Bordeaux,BOUCLE,44,,,44.8280286,-0.5602663,9201,Gare Saint-Jean,278.7,1;Arena;G;N2;N6;TBNight
Z5CT12,Bordeaux,BOUCLE,44,,,44.8280286,-0.5602663,9202,Gare Saint-Jean,264.7,1;Arena;G;N4;TBNight
Z5CT12,Bordeaux,BOUCLE,44,,,44.8280286,-0.5602663,5770,Gare Saint-Jean (rue Saint-Vincent de Paul),278.3,20;N5
Z5CT12,Bordeaux,BOUCLE,44,,,44.8280286,-0.5602663,9199,Lycée Gustave Eiffel,238.3,1;20;G;N2;N5;N6;TBNight
Z5CT12,Bordeaux,BOUCLE,44,,,44.8280286,-0.5602663,9200,Lycée Gustave Eiffel,254.6,1;20;G;N1;N4;N7;TBNight
Z5CT12,Bordeaux,BOUCLE,44,,,44.8280286,-0.5602663,420,Peyronnet,94.8,9
Z5CT12,Bordeaux,BOUCLE,44,,,44.8280286,-0.5602663,3766,Tauzia,179.3,C;D;E;F
Z5CT12,Bordeaux,BOUCLE,44,,,44.8280286,-0.5602663,3767,Tauzia,176.5,C;D;E;F
Z5CT22,Bordeaux,BOUCLE,80,0.079347,0.067512,44.8319901,-0.5592043,3768,Sainte-Croix,22.6,C;D;E;F
Z5CT22,Bordeaux,BOUCLE,80,0.079347,0.067512,44.8319901,-0.5592043,3769,Sainte-Croix,26.5,C;D;E;F
Z5CT22,Bordeaux,BOUCLE,80,0.079347,0.067512,44.8319901,-0.5592043,8913,Sainte-Croix (Tram C/D),53.1,24;Bus F;TBNight
Z5CT22,Bordeaux,BOUCLE,80,0.079347,0.067512,44.8319901,-0.5592043,8914,Sainte-Croix (Tram C/D),23.9,24;Bus F;TBNight
Z5CT21,Bordeaux,BOUCLE,0,,,44.8307692,-0.5567075,9268,MECA (Terres de Borde),297.2,31
Z5CT21,Bordeaux,BOUCLE,0,,,44.8307692,-0.5567075,9269,MECA (Terres de Borde),294.4,31
Z5CT21,Bordeaux,BOUCLE,0,,,44.8307692,-0.5567075,3768,Sainte-Croix,247.8,C;D;E;F
Z5CT21,Bordeaux,BOUCLE,0,,,44.8307692,-0.5567075,3769,Sainte-Croix,243.3,C;D;E;F
Z5CT21,Bordeaux,BOUCLE,0,,,44.8307692,-0.5567075,8913,Sainte-Croix (Tram C/D),291.3,24;Bus F;TBNight
Z5CT21,Bordeaux,BOUCLE,0,,,44.8307692,-0.5567075,8914,Sainte-Croix (Tram C/D),263.0,24;Bus F;TBNight
Z5CT21,Bordeaux,BOUCLE,0,,,44.8307692,-0.5567075,3766,Tauzia,236.9,C;D;E;F
Z5CT21,Bordeaux,BOUCLE,0,,,44.8307692,-0.5567075,3767,Tauzia,240.8,C;D;E;F
Z5CT20,Bordeaux,BOUCLE,0,0.075170,0.071698,44.8307728,-0.5568506,3768,Sainte-Croix,237.8,C;D;E;F
Z5CT20,Bordeaux,BOUCLE,0,0.075170,0.071698,44.8307728,-0.5568506,3769,Sainte-Croix,233.2,C;D;E;F
Z5CT20,Bordeaux,BOUCLE,0,0.075170,0.071698,44.8307728,-0.5568506,8913,Sainte-Croix (Tram C/D),281.6,24;Bus F;TBNight
Z5CT20,Bordeaux,BOUCLE,0,0.075170,0.071698,44.8307728,-0.5568506,8914,Sainte-Croix (Tram C/D),253.6,24;Bus F;TBNight
Z5CT20,Bordeaux,BOUCLE,0,0.075170,0.071698,44.8307728,-0.5568506,3766,Tauzia,230.5,C;D;E;F
Z5CT20,Bordeaux,BOUCLE,0,0.075170,0.071698,44.8307728,-0.5568506,3767,Tauzia,234.5,C;D;E;F
Z3CT2,Bordeaux,BOUCLE,,,,44.8321527,-0.5784148,9123,Albret,142.5,20;24
Z3CT2,Bordeaux,BOUCLE,,,,44.8321527,-0.5784148,1606,Bourse du Travail,11.8,1;15;23;5;G;N1;N7
Z3CT2,Bordeaux,BOUCLE,,,,44.8321527,-0.5784148,823,Bourse du Travail,13.0,1;15;20;23;5;G;N5;N6
Z3CT2,Bordeaux,BOUCLE,,,,44.8321527,-0.5784148,2744,Costedoat,111.8,20;4;N4
Z3CT2,Bordeaux,BOUCLE,,,,44.8321527,-0.5784148,5857,Hôpital Saint-André,85.8,4
Z3CT2,Bordeaux,BOUCLE,,,,44.8321527,-0.5784148,8552,République,291.2,16;24;4;Bus F
Z3CT9,Bordeaux,BOUCLE,10,0.098911,0.070607,44.8325049,-0.5800242,9123,Albret,10.9,20;24
Z3CT9,Bordeaux,BOUCLE,10,0.098911,0.070607,44.8325049,-0.5800242,9244,Albret,209.9,24
Z3CT9,Bordeaux,BOUCLE,10,0.098911,0.070607,44.8325049,-0.5800242,1606,Bourse du Travail,121.0,1;15;23;5;G;N1;N7
Z3CT9,Bordeaux,BOUCLE,10,0.098911,0.070607,44.8325049,-0.5800242,823,Bourse du Travail,143.2,1;15;20;23;5;G;N5;N6
Z3CT9,Bordeaux,BOUCLE,10,0.098911,0.070607,44.8325049,-0.5800242,2744,Costedoat,208.2,20;4;N4
Z3CT9,Bordeaux,BOUCLE,10,0.098911,0.070607,44.8325049,-0.5800242,5857,Hôpital Saint-André,159.8,4
Z3CT9,Bordeaux,BOUCLE,10,0.098911,0.070607,44.8325049,-0.5800242,1067,Louis Mie,207.7,20;24
Z3CT9,Bordeaux,BOUCLE,10,0.098911,0.070607,44.8325049,-0.5800242,7461,République,287.3,55
Z3CT9,Bordeaux,BOUCLE,10,0.098911,0.070607,44.8325049,-0.5800242,7462,République,286.5,80
Z3CT9,Bordeaux,BOUCLE,10,0.098911,0.070607,44.8325049,-0.5800242,8551,République,289.4,16;Bus F;N3
Z3CT9,Bordeaux,BOUCLE,10,0.098911,0.070607,44.8325049,-0.5800242,8552,République,261.2,16;24;4;Bus F
Z3CT9,Bordeaux,BOUCLE,10,0.098911,0.070607,44.8325049,-0.5800242,9725,République,242.0,24
Z3CT4,Bordeaux,BOUCLE,,,,44.8334458,-0.584355,9244,Albret,147.4,24
Z3CT4,Bordeaux,BOUCLE,,,,44.8334458,-0.584355,6871,Bibliothèque,267.1,55;80
Z3CT4,Bordeaux,BOUCLE,,,,44.8334458,-0.584355,793,Bibliothèque,216.2,4;55;80
Z3CT4,Bordeaux,BOUCLE,,,,44.8334458,-0.584355,8311,Hôtel de Police,285.9,80;Bus F
Z3CT4,Bordeaux,BOUCLE,,,,44.8334458,-0.584355,1067,Louis Mie,214.1,20;24
Z3CT3,Bordeaux,BOUCLE,,,,44.8324809,-0.5737749,3826,Musée d'Aquitaine,285.9,16;24;Bus F;N3
Z3CT3,Bordeaux,BOUCLE,,,,44.8324809,-0.5737749,5661,Musée d'Aquitaine,275.5,16;24;Bus F
Z3CT3,Bordeaux,BOUCLE,,,,44.8324809,-0.5737749,3541,Sainte-Catherine,295.1,16;24;Bus F;N3
Z3CT3,Bordeaux,BOUCLE,,,,44.8324809,-0.5737749,3549,Victoire,151.2,1;15;20;23;5;G;N1;N4;N7
Z3CT3,Bordeaux,BOUCLE,,,,44.8324809,-0.5737749,3753,Victoire,158.0,B
Z3CT3,Bordeaux,BOUCLE,,,,44.8324809,-0.5737749,3754,Victoire,154.8,B
Z3CT3,Bordeaux,BOUCLE,,,,44.8324809,-0.5737749,3801,Victoire,160.1,1;20;G;N2
Z3CT3,Bordeaux,BOUCLE,,,,44.8324809,-0.5737749,9722,Victoire,153.3,15;23;5;N5;N6
Z3CT11,Bordeaux,BOUCLE,0,0.058292,0.060268,44.829968,-0.5686654,3191,Capucins,105.3,23;5;TBNight
Z3CT11,Bordeaux,BOUCLE,0,0.058292,0.060268,44.829968,-0.5686654,3206,Capucins,107.2,15
Z3CT11,Bordeaux,BOUCLE,0,0.058292,0.060268,44.829968,-0.5686654,8255,Capucins,114.5,15;23
Z3CT11,Bordeaux,BOUCLE,0,0.058292,0.060268,44.829968,-0.5686654,9197,Capucins,22.7,1;20;G;N2;N5;N6
Z3CT11,Bordeaux,BOUCLE,0,0.058292,0.060268,44.829968,-0.5686654,9198,Capucins,73.2,1;20;G;N1;N4;N7;TBNight
Z3CT11,Bordeaux,BOUCLE,0,0.058292,0.060268,44.829968,-0.5686654,3501,Victoire (Somme),288.3,5;TBNight
Z3CT11,Bordeaux,BOUCLE,0,0.058292,0.060268,44.829968,-0.5686654,3546,Victoire (Somme),293.6,5;TBNight
Z11CT14,Talence,BOUCLE,68,0.046166,0.068211,44.8195011,-0.5800581,3747,Barrière Saint-Genès,280.8,B
Z11CT14,Talence,BOUCLE,68,0.046166,0.068211,44.8195011,-0.5800581,4057,Barrière Saint-Genès,234.4,9;H1
Z11CT14,Talence,BOUCLE,68,0.046166,0.068211,44.8195011,-0.5800581,1594,Cité Cairon,113.3,9;H1
Z11CT14,Talence,BOUCLE,68,0.046166,0.068211,44.8195011,-0.5800581,9817,Cité Cairon,115.1,9;H2
Z20CT6,Bordeaux,BOUCLE,,,,44.8546723,-0.612732,9181,Caudéran Centre,141.6,G
Z20CT6,Bordeaux,BOUCLE,,,,44.8546723,-0.612732,9182,Caudéran Centre,115.8,G
Z20CT6,Bordeaux,BOUCLE,,,,44.8546723,-0.612732,9179,Collège Saint-André,225.1,G
Z20CT6,Bordeaux,BOUCLE,,,,44.8546723,-0.612732,9180,Collège Saint-André,252.9,G
Z20CT6,Bordeaux,BOUCLE,,,,44.8546723,-0.612732,3169,Mairie de Caudéran,289.8,2
Z20CT6,Bordeaux,BOUCLE,,,,44.8546723,-0.612732,5889,Mairie de Caudéran,241.7,33
Z20CT6,Bordeaux,BOUCLE,,,,44.8546723,-0.612732,5886,Tassigny,113.0,33
Z20CT6,Bordeaux,BOUCLE,,,,44.8546723,-0.612732,5887,Tassigny,146.2,33
Z23CT6,Eysines,BOUCLE,0,0.068937,0.067675,44.8856377,-0.6381169,2958,Cap de Haut,126.6,38;70
Z23CT6,Eysines,BOUCLE,0,0.068937,0.067675,44.8856377,-0.6381169,2959,Cap de Haut,123.0,38;70
Z23CT6,Eysines,BOUCLE,0,0.068937,0.067675,44.8856377,-0.6381169,2960,Horizons Bleus,294.7,38;70
Z23CT6,Eysines,BOUCLE,0,0.068937,0.067675,44.8856377,-0.6381169,7495,Moulin à Vent,30.7,72
Z23CT6,Eysines,BOUCLE,0,0.068937,0.067675,44.8856377,-0.6381169,8762,Moulin à Vent,71.9,72
Z23CT6,Eysines,BOUCLE,0,0.068937,0.067675,44.8856377,-0.6381169,8742,Pompe au Breteil,245.5,2
Z23CT6,Eysines,BOUCLE,0,0.068937,0.067675,44.8856377,-0.6381169,8743,Pompe au Breteil,249.9,2
Z23CT6,Eysines,BOUCLE,0,0.068937,0.067675,44.8856377,-0.6381169,2956,Route de Pauillac,287.3,38;70;72
Z23CT6,Eysines,BOUCLE,0,0.068937,0.067675,44.8856377,-0.6381169,2957,Route de Pauillac,265.3,38;70;72
Z23CT9,Le Bouscat,BOUCLE,21,0.083969,0.079962,44.8757365,-0.6241313,1764,Champ de Courses - Treulon,207.3,35;72
Z23CT9,Le Bouscat,BOUCLE,21,0.083969,0.079962,44.8757365,-0.6241313,8345,Champ de Courses - Treulon,214.2,D
Z23CT9,Le Bouscat,BOUCLE,21,0.083969,0.079962,44.8757365,-0.6241313,8346,Champ de Courses - Treulon,199.4,D
Z23CT9,Le Bouscat,BOUCLE,21,0.083969,0.079962,44.8757365,-0.6241313,8731,Champ de Courses - Treulon,214.8,35;72
Z13CT20,Le Bouscat,BOUCLE,27,0.063050,0.077780,44.8539436,-0.5970567,3869,Barrière du Médoc (av d'Eysines),184.5,23
Z13CT20,Le Bouscat,BOUCLE,27,0.063050,0.077780,44.8539436,-0.5970567,7951,Barrière du Médoc (av d'Eysines),212.1,23
Z13CT20,Le Bouscat,BOUCLE,27,0.063050,0.077780,44.8539436,-0.5970567,8991,Barrière du Médoc (Boulevards),299.4,70;9;H2;N2
Z13CT20,Le Bouscat,BOUCLE,27,0.063050,0.077780,44.8539436,-0.5970567,8327,Courbet,292.5,D
Z13CT20,Le Bouscat,BOUCLE,27,0.063050,0.077780,44.8539436,-0.5970567,382,Parc Bordelais,203.3,23
Z13CT20,Le Bouscat,BOUCLE,27,0.063050,0.077780,44.8539436,-0.5970567,691,Parc Bordelais,5.7,23
Z13CT20,Le Bouscat,BOUCLE,27,0.063050,0.077780,44.8539436,-0.5970567,2329,Parc Bordelais (Boulevards),281.7,70;9;H1
Z13CT20,Le Bouscat,BOUCLE,27,0.063050,0.077780,44.8539436,-0.5970567,9815,Parc Bordelais (Boulevards),288.8,70;9;H2
Z13CT10,Bordeaux,BOUCLE,14,0.071377,0.066599,44.8522568,-0.5989566,382,Parc Bordelais,275.8,23
Z13CT10,Bordeaux,BOUCLE,14,0.071377,0.066599,44.8522568,-0.5989566,691,Parc Bordelais,236.1,23
Z13CT11,Bordeaux,BOUCLE,27,,,44.8477137,-0.5962435,2973,Barrière Saint-Médard,157.5,2;G
Z13CT11,Bordeaux,BOUCLE,27,,,44.8477137,-0.5962435,9185,Barrière Saint-Médard,173.1,2;G
Z13CT11,Bordeaux,BOUCLE,27,,,44.8477137,-0.5962435,9808,Barrière Saint-Médard,115.1,70;9;H1
Z13CT11,Bordeaux,BOUCLE,27,,,44.8477137,-0.5962435,9816,Barrière Saint-Médard,133.9,70;9;H2;N3
Z13CT19,Bordeaux,BOUCLE,0,,,44.8465873,-0.5977932,2973,Barrière Saint-Médard,204.2,2;G
Z13CT19,Bordeaux,BOUCLE,0,,,44.8465873,-0.5977932,9185,Barrière Saint-Médard,13.5,2;G
Z13CT19,Bordeaux,BOUCLE,0,,,44.8465873,-0.5977932,9808,Barrière Saint-Médard,126.7,70;9;H1
Z13CT19,Bordeaux,BOUCLE,0,,,44.8465873,-0.5977932,9816,Barrière Saint-Médard,117.2,70;9;H2;N3
Z13CT6,Bordeaux,BOUCLE,,,,44.851894,-0.5905623,5946,Arsenal,274.2,82
Z13CT6,Bordeaux,BOUCLE,,,,44.851894,-0.5905623,8325,Barrière du Médoc,243.7,D
Z13CT6,Bordeaux,BOUCLE,,,,44.851894,-0.5905623,8326,Barrière du Médoc,286.1,D
Z13CT6,Bordeaux,BOUCLE,,,,44.851894,-0.5905623,2642,Barrière du Médoc (rue Johnston),197.7,23
Z13CT6,Bordeaux,BOUCLE,,,,44.851894,-0.5905623,1228,Ernest Renan,74.6,23
Z13CT6,Bordeaux,BOUCLE,,,,44.851894,-0.5905623,1653,Labottière,84.4,23;82
Z13CT18,Bordeaux,BOUCLE,25,0.059692,0.056528,44.8460137,-0.57922,8321,Fondaudège - Muséum,75.3,D
Z13CT18,Bordeaux,BOUCLE,25,0.059692,0.056528,44.8460137,-0.57922,8322,Fondaudège - Muséum,118.4,D
Z13CT18,Bordeaux,BOUCLE,25,0.059692,0.056528,44.8460137,-0.57922,8671,Fondaudège Muséum,198.7,23
Z13CT18,Bordeaux,BOUCLE,25,0.059692,0.056528,44.8460137,-0.57922,3559,Jardin Public,205.2,15;5;N7
Z13CT18,Bordeaux,BOUCLE,25,0.059692,0.056528,44.8460137,-0.57922,1692,Tourny,130.9,15;2;23;5;N5;N6
Z13CT18,Bordeaux,BOUCLE,25,0.059692,0.056528,44.8460137,-0.57922,7731,Tourny,202.1,15;2;23;5;N1;N7
Z13CT15,Bordeaux,BOUCLE,22,0.081591,0.083839,44.8539933,-0.5889454,5946,Arsenal,95.8,82
Z13CT15,Bordeaux,BOUCLE,22,0.081591,0.083839,44.8539933,-0.5889454,2642,Barrière du Médoc (rue Johnston),270.1,23
Z13CT15,Bordeaux,BOUCLE,22,0.081591,0.083839,44.8539933,-0.5889454,1228,Ernest Renan,294.0,23
Z13CT15,Bordeaux,BOUCLE,22,0.081591,0.083839,44.8539933,-0.5889454,1653,Labottière,181.7,23;82
Z402CT1,Bordeaux,BOUCLE,5,,,44.8358368,-0.5890411,6871,Bibliothèque,191.3,55;80
Z402CT1,Bordeaux,BOUCLE,5,,,44.8358368,-0.5890411,13111,Hôtel de Police,115.9,Bus F
Z402CT1,Bordeaux,BOUCLE,5,,,44.8358368,-0.5890411,3583,Hôtel de Police,237.2,4
Z402CT1,Bordeaux,BOUCLE,5,,,44.8358368,-0.5890411,4581,Hôtel de Police,107.5,A;F
Z402CT1,Bordeaux,BOUCLE,5,,,44.8358368,-0.5890411,4582,Hôtel de Police,102.7,A;F
Z402CT1,Bordeaux,BOUCLE,5,,,44.8358368,-0.5890411,8311,Hôtel de Police,178.3,80;Bus F
Z402CT1,Bordeaux,BOUCLE,5,,,44.8358368,-0.5890411,8821,Patinoire,97.3,82
Z402CT1,Bordeaux,BOUCLE,5,,,44.8358368,-0.5890411,3269,Préfecture,200.4,82
Z402CT1,Bordeaux,BOUCLE,5,,,44.8358368,-0.5890411,15044,Saint Bruno,179.7,Bus F
Z402CT1,Bordeaux,BOUCLE,5,,,44.8358368,-0.5890411,1508,Saint-Bruno - Hôtel de Région,291.6,70;82
Z402CT1,Bordeaux,BOUCLE,5,,,44.8358368,-0.5890411,2562,Saint-Bruno - Hôtel de Région,199.6,70;82
Z402CT1,Bordeaux,BOUCLE,5,,,44.8358368,-0.5890411,4579,Saint-Bruno - Hôtel de Région,181.8,A;F
Z402CT1,Bordeaux,BOUCLE,5,,,44.8358368,-0.5890411,4580,Saint-Bruno - Hôtel de Région,178.4,A;F
Z402CT1,Bordeaux,BOUCLE,5,,,44.8358368,-0.5890411,8714,Saint-Bruno - Hôtel de Région,171.6,Bus F
Z402CT3,Bordeaux,BOUCLE,21,,,44.8376906,-0.5882459,279,Manège,166.3,1;51
Z402CT3,Bordeaux,BOUCLE,21,,,44.8376906,-0.5882459,9129,Mériadeck,254.7,4;70;Bus F
Z402CT3,Bordeaux,BOUCLE,21,,,44.8376906,-0.5882459,9089,Mériadeck Lateulade,188.4,70
Z402CT3,Bordeaux,BOUCLE,21,,,44.8376906,-0.5882459,8821,Patinoire,189.4,82
Z402CT3,Bordeaux,BOUCLE,21,,,44.8376906,-0.5882459,3269,Préfecture,117.2,82
Z402CT3,Bordeaux,BOUCLE,21,,,44.8376906,-0.5882459,15044,Saint Bruno,109.9,Bus F
Z402CT3,Bordeaux,BOUCLE,21,,,44.8376906,-0.5882459,1508,Saint-Bruno - Hôtel de Région,93.9,70;82
Z402CT3,Bordeaux,BOUCLE,21,,,44.8376906,-0.5882459,1929,Saint-Bruno - Hôtel de Région,159.0,1;51
Z402CT3,Bordeaux,BOUCLE,21,,,44.8376906,-0.5882459,2562,Saint-Bruno - Hôtel de Région,144.5,70;82
Z402CT3,Bordeaux,BOUCLE,21,,,44.8376906,-0.5882459,4579,Saint-Bruno - Hôtel de Région,87.4,A;F
Z402CT3,Bordeaux,BOUCLE,21,,,44.8376906,-0.5882459,4580,Saint-Bruno - Hôtel de Région,79.6,A;F
Z402CT3,Bordeaux,BOUCLE,21,,,44.8376906,-0.5882459,8714,Saint-Bruno - Hôtel de Région,86.7,Bus F
Z402CT6,Bordeaux,BOUCLE,19,,,44.8378809,-0.5878793,279,Manège,139.2,1;51
Z402CT6,Bordeaux,BOUCLE,19,,,44.8378809,-0.5878793,3722,Mériadeck,282.2,A;F
Z402CT6,Bordeaux,BOUCLE,19,,,44.8378809,-0.5878793,3723,Mériadeck,287.9,A;F
Z402CT6,Bordeaux,BOUCLE,19,,,44.8378809,-0.5878793,9129,Mériadeck,222.6,4;70;Bus F
Z402CT6,Bordeaux,BOUCLE,19,,,44.8378809,-0.5878793,9089,Mériadeck Lateulade,153.9,70
Z402CT6,Bordeaux,BOUCLE,19,,,44.8378809,-0.5878793,8821,Patinoire,207.7,82
Z402CT6,Bordeaux,BOUCLE,19,,,44.8378809,-0.5878793,3269,Préfecture,114.2,82
Z402CT6,Bordeaux,BOUCLE,19,,,44.8378809,-0.5878793,15044,Saint Bruno,144.2,Bus F
Z402CT6,Bordeaux,BOUCLE,19,,,44.8378809,-0.5878793,1508,Saint-Bruno - Hôtel de Région,94.2,70;82
Z402CT6,Bordeaux,BOUCLE,19,,,44.8378809,-0.5878793,1929,Saint-Bruno - Hôtel de Région,173.7,1;51
Z402CT6,Bordeaux,BOUCLE,19,,,44.8378809,-0.5878793,2562,Saint-Bruno - Hôtel de Région,177.2,70;82
Z402CT6,Bordeaux,BOUCLE,19,,,44.8378809,-0.5878793,4579,Saint-Bruno - Hôtel de Région,121.8,A;F
Z402CT6,Bordeaux,BOUCLE,19,,,44.8378809,-0.5878793,4580,Saint-Bruno - Hôtel de Région,114.6,A;F
Z402CT6,Bordeaux,BOUCLE,19,,,44.8378809,-0.5878793,8714,Saint-Bruno - Hôtel de Région,121.9,Bus F
Z402CT4,Bordeaux,BOUCLE,11,,,44.8378184,-0.5869588,9734,Gambetta Mériadeck (Terminus),252.4,70
Z402CT4,Bordeaux,BOUCLE,11,,,44.8378184,-0.5869588,279,Manège,154.0,1;51
Z402CT4,Bordeaux,BOUCLE,11,,,44.8378184,-0.5869588,3722,Mériadeck,211.4,A;F
Z402CT4,Bordeaux,BOUCLE,11,,,44.8378184,-0.5869588,3723,Mériadeck,216.6,A;F
Z402CT4,Bordeaux,BOUCLE,11,,,44.8378184,-0.5869588,9129,Mériadeck,152.5,4;70;Bus F
Z402CT4,Bordeaux,BOUCLE,11,,,44.8378184,-0.5869588,9089,Mériadeck Lateulade,92.3,70
Z402CT4,Bordeaux,BOUCLE,11,,,44.8378184,-0.5869588,8821,Patinoire,212.3,82
Z402CT4,Bordeaux,BOUCLE,11,,,44.8378184,-0.5869588,3269,Préfecture,90.7,82
Z402CT4,Bordeaux,BOUCLE,11,,,44.8378184,-0.5869588,15044,Saint Bruno,211.8,Bus F
Z402CT4,Bordeaux,BOUCLE,11,,,44.8378184,-0.5869588,1508,Saint-Bruno - Hôtel de Région,158.6,70;82
Z402CT4,Bordeaux,BOUCLE,11,,,44.8378184,-0.5869588,1929,Saint-Bruno - Hôtel de Région,244.0,1;51
Z402CT4,Bordeaux,BOUCLE,11,,,44.8378184,-0.5869588,2562,Saint-Bruno - Hôtel de Région,247.0,70;82
Z402CT4,Bordeaux,BOUCLE,11,,,44.8378184,-0.5869588,4579,Saint-Bruno - Hôtel de Région,189.3,A;F
Z402CT4,Bordeaux,BOUCLE,11,,,44.8378184,-0.5869588,4580,Saint-Bruno - Hôtel de Région,181.0,A;F
Z402CT4,Bordeaux,BOUCLE,11,,,44.8378184,-0.5869588,8714,Saint-Bruno - Hôtel de Région,187.3,Bus F
Z4CT12,Bordeaux,BOUCLE,0,0.049577,0.067606,44.8416789,-0.5836771,2444,Gambetta,233.8,15;23;5;N5;N6
Z4CT12,Bordeaux,BOUCLE,0,0.049577,0.067606,44.8416789,-0.5836771,9030,Gambetta,252.8,2
Z4CT12,Bordeaux,BOUCLE,0,0.049577,0.067606,44.8416789,-0.5836771,4577,Gambetta Mériadeck,179.0,1
Z4CT12,Bordeaux,BOUCLE,0,0.049577,0.067606,44.8416789,-0.5836771,4860,Gambetta Mériadeck,253.8,2;51
Z4CT12,Bordeaux,BOUCLE,0,0.049577,0.067606,44.8416789,-0.5836771,9193,Gambetta Mériadeck,295.8,1;16;4;70;Bus F;G
Z4CT12,Bordeaux,BOUCLE,0,0.049577,0.067606,44.8416789,-0.5836771,9194,Gambetta Mériadeck,275.8,1;16;2;G;N3
Z4CT12,Bordeaux,BOUCLE,0,0.049577,0.067606,44.8416789,-0.5836771,9825,Gambetta Mériadeck,182.6,4
Z4CT12,Bordeaux,BOUCLE,0,0.049577,0.067606,44.8416789,-0.5836771,9734,Gambetta Mériadeck (Terminus),264.1,70
Z4CT12,Bordeaux,BOUCLE,0,0.049577,0.067606,44.8416789,-0.5836771,40,Saint-Seurin,53.9,1;16;51
Z4CT12,Bordeaux,BOUCLE,0,0.049577,0.067606,44.8416789,-0.5836771,9191,Saint-Seurin,43.1,16;2;G
Z4CT12,Bordeaux,BOUCLE,0,0.049577,0.067606,44.8416789,-0.5836771,9192,Saint-Seurin,87.5,2;G;N3
Z4CT5,Bordeaux,BOUCLE,1,0.054192,0.056237,44.8451892,-0.5771995,8321,Fondaudège - Muséum,257.8,D
Z4CT5,Bordeaux,BOUCLE,1,0.054192,0.056237,44.8451892,-0.5771995,8322,Fondaudège - Muséum,299.8,D
Z4CT5,Bordeaux,BOUCLE,1,0.054192,0.056237,44.8451892,-0.5771995,3559,Jardin Public,176.9,15;5;N7
Z4CT5,Bordeaux,BOUCLE,1,0.054192,0.056237,44.8451892,-0.5771995,3647,Quinconces,267.3,2;N1
Z4CT5,Bordeaux,BOUCLE,1,0.054192,0.056237,44.8451892,-0.5771995,3648,Quinconces,299.2,2;N6
Z4CT5,Bordeaux,BOUCLE,1,0.054192,0.056237,44.8451892,-0.5771995,3763,Quinconces,280.3,B
Z4CT5,Bordeaux,BOUCLE,1,0.054192,0.056237,44.8451892,-0.5771995,3764,Quinconces,272.8,B
Z4CT5,Bordeaux,BOUCLE,1,0.054192,0.056237,44.8451892,-0.5771995,3776,Quinconces,295.6,C;D;E
Z4CT5,Bordeaux,BOUCLE,1,0.054192,0.056237,44.8451892,-0.5771995,1692,Tourny,60.2,15;2;23;5;N5;N6
Z4CT5,Bordeaux,BOUCLE,1,0.054192,0.056237,44.8451892,-0.5771995,7731,Tourny,136.9,15;2;23;5;N1;N7
Z4CT16,Bordeaux,BOUCLE,0,,,44.8459513,-0.5775646,8321,Fondaudège - Muséum,194.8,D
Z4CT16,Bordeaux,BOUCLE,0,,,44.8459513,-0.5775646,8322,Fondaudège - Muséum,232.8,D
Z4CT16,Bordeaux,BOUCLE,0,,,44.8459513,-0.5775646,2443,Jardin Public,268.7,15;23;5;N5
Z4CT16,Bordeaux,BOUCLE,0,,,44.8459513,-0.5775646,3559,Jardin Public,106.5,15;5;N7
Z4CT16,Bordeaux,BOUCLE,0,,,44.8459513,-0.5775646,1692,Tourny,36.9,15;2;23;5;N5;N6
Z4CT16,Bordeaux,BOUCLE,0,,,44.8459513,-0.5775646,7731,Tourny,195.5,15;2;23;5;N1;N7
Z4CT21,Bordeaux,BOUCLE,0,0.064950,0.073727,44.843029,-0.5734156,3761,Grand Théâtre,183.5,B
Z4CT21,Bordeaux,BOUCLE,0,0.064950,0.073727,44.843029,-0.5734156,3762,Grand Théâtre,184.5,B
Z4CT21,Bordeaux,BOUCLE,0,0.064950,0.073727,44.843029,-0.5734156,3647,Quinconces,181.9,2;N1
Z4CT21,Bordeaux,BOUCLE,0,0.064950,0.073727,44.843029,-0.5734156,3648,Quinconces,99.4,2;N6
Z4CT21,Bordeaux,BOUCLE,0,0.064950,0.073727,44.843029,-0.5734156,3763,Quinconces,162.8,B
Z4CT21,Bordeaux,BOUCLE,0,0.064950,0.073727,44.843029,-0.5734156,3764,Quinconces,166.9,B
Z4CT21,Bordeaux,BOUCLE,0,0.064950,0.073727,44.843029,-0.5734156,3776,Quinconces,115.6,C;D;E
Z4CT21,Bordeaux,BOUCLE,0,0.064950,0.073727,44.843029,-0.5734156,5315,Quinconces,194.4,2
Z4CT21,Bordeaux,BOUCLE,0,0.064950,0.073727,44.843029,-0.5734156,5404,Quinconces,111.8,C;D;E
Z4CT21,Bordeaux,BOUCLE,0,0.064950,0.073727,44.843029,-0.5734156,8583,Quinconces,257.7,N3;TBNight
Z4CT21,Bordeaux,BOUCLE,0,0.064950,0.073727,44.843029,-0.5734156,7346,Quinconces Fleuve,268.2,B;C;D
Z27CT15,Pessac,BOUCLE,14,0.078252,0.129573,44.7867141,-0.6540008,2872,Cap Métiers,187.9,55
Z27CT15,Pessac,BOUCLE,14,0.078252,0.129573,44.7867141,-0.6540008,2909,Cap Métiers,152.5,55
Z27CT15,Pessac,BOUCLE,14,0.078252,0.129573,44.7867141,-0.6540008,1194,Hôpital Haut-Lévêque,99.8,39;74;77
Z27CT15,Pessac,BOUCLE,14,0.078252,0.129573,44.7867141,-0.6540008,219,Hôpital Haut-Lévêque,81.9,39;74;77
Z27CT15,Pessac,BOUCLE,14,0.078252,0.129573,44.7867141,-0.6540008,7435,Hôpital Haut-Lévêque,159.3,B
Z27CT15,Pessac,BOUCLE,14,0.078252,0.129573,44.7867141,-0.6540008,7436,Hôpital Haut-Lévêque,152.7,B
Z27CT16,Pessac,BOUCLE,24,0.060251,0.095374,44.7868408,-0.6545411,2872,Cap Métiers,204.8,55
Z27CT16,Pessac,BOUCLE,24,0.060251,0.095374,44.7868408,-0.6545411,2909,Cap Métiers,167.0,55
Z27CT16,Pessac,BOUCLE,24,0.060251,0.095374,44.7868408,-0.6545411,1194,Hôpital Haut-Lévêque,63.2,39;74;77
Z27CT16,Pessac,BOUCLE,24,0.060251,0.095374,44.7868408,-0.6545411,219,Hôpital Haut-Lévêque,41.1,39;74;77
Z27CT16,Pessac,BOUCLE,24,0.060251,0.095374,44.7868408,-0.6545411,7435,Hôpital Haut-Lévêque,121.2,B
Z27CT16,Pessac,BOUCLE,24,0.060251,0.095374,44.7868408,-0.6545411,7436,Hôpital Haut-Lévêque,113.7,B
Z31CT8,Bassens,BOUCLE,30,0.085661,0.069840,44.8950734,-0.5169007,2168,Bourdieu,180.3,60;7
Z31CT8,Bassens,BOUCLE,30,0.085661,0.069840,44.8950734,-0.5169007,3330,Bourdieu,217.2,60;7
Z31CT8,Bassens,BOUCLE,30,0.085661,0.069840,44.8950734,-0.5169007,1357,Jean Jaurès,187.0,S28
Z31CT8,Bassens,BOUCLE,30,0.085661,0.069840,44.8950734,-0.5169007,2134,Jean Jaurès,180.7,S28
Z31CT8,Bassens,BOUCLE,30,0.085661,0.069840,44.8950734,-0.5169007,5493,Joliot Curie,252.5,60
Z31CT8,Bassens,BOUCLE,30,0.085661,0.069840,44.8950734,-0.5169007,5494,Joliot Curie,246.3,60
Z31CT8,Bassens,BOUCLE,30,0.085661,0.069840,44.8950734,-0.5169007,2059,Toutaud,126.6,57;7;S28
Z31CT8,Bassens,BOUCLE,30,0.085661,0.069840,44.8950734,-0.5169007,788,Toutaud,149.9,57;7;S28
Z12CT3,Bordeaux,BOUCLE,33,0.063131,0.070166,44.8167011,-0.572279,2349,Barrière de Toulouse,142.1,23;5;9;TBNight
Z12CT3,Bordeaux,BOUCLE,33,0.063131,0.070166,44.8167011,-0.572279,3141,Barrière de Toulouse,241.5,31;H2
Z12CT3,Bordeaux,BOUCLE,33,0.063131,0.070166,44.8167011,-0.572279,9810,Barrière de Toulouse,179.3,31;9;H1;TBNight
Z12CT3,Bordeaux,BOUCLE,33,0.063131,0.070166,44.8167011,-0.572279,2348,Boulevard Roosevelt,208.5,31;9;H2;TBNight
Z12CT3,Bordeaux,BOUCLE,33,0.063131,0.070166,44.8167011,-0.572279,1288,Brun,107.1,23;5;9;TBNight
Z12CT3,Bordeaux,BOUCLE,33,0.063131,0.070166,44.8167011,-0.572279,421,Brun,65.6,23;5;9;TBNight
Z12CT3,Bordeaux,BOUCLE,33,0.063131,0.070166,44.8167011,-0.572279,7981,Nansouty,262.8,23;5;9;TBNight
Z12CT3,Bordeaux,BOUCLE,33,0.063131,0.070166,44.8167011,-0.572279,7982,Nansouty,249.0,23;5;9;TBNight
Z12CT4,Talence,BOUCLE,0,0.070531,0.074382,44.8123105,-0.5736763,2689,Barrière de Toulouse,198.2,23;5
Z12CT4,Talence,BOUCLE,0,0.070531,0.074382,44.8123105,-0.5736763,3141,Barrière de Toulouse,285.3,31;H2
Z12CT4,Talence,BOUCLE,0,0.070531,0.074382,44.8123105,-0.5736763,471,Taffanel,106.3,5;73
Z12CT4,Talence,BOUCLE,0,0.070531,0.074382,44.8123105,-0.5736763,862,Taffanel,54.9,5;73
Z12CT13,Bordeaux,BOUCLE,43,0.065092,0.066076,44.8140437,-0.5682382,5792,Barrière de Bègles,270.6,15;31
Z12CT13,Bordeaux,BOUCLE,43,0.065092,0.066076,44.8140437,-0.5682382,663,Barrière de Bègles,265.2,15;31
Z12CT13,Bordeaux,BOUCLE,43,0.065092,0.066076,44.8140437,-0.5682382,3141,Barrière de Toulouse,294.3,31;H2
Z12CT13,Bordeaux,BOUCLE,43,0.065092,0.066076,44.8140437,-0.5682382,1224,Bertin,298.3,15;31
Z12CT13,Bordeaux,BOUCLE,43,0.065092,0.066076,44.8140437,-0.5682382,7,Bertin,290.9,15;31
Z12CT13,Bordeaux,BOUCLE,43,0.065092,0.066076,44.8140437,-0.5682382,2238,Jardin des Barrières,60.2,31;H1
Z12CT13,Bordeaux,BOUCLE,43,0.065092,0.066076,44.8140437,-0.5682382,3140,Jardin des Barrières,163.8,H2
Z12CT11,Bordeaux,BOUCLE,54,0.064093,0.077727,44.8133303,-0.5643599,3139,Barrière de Bègles,105.0,H1
Z12CT11,Bordeaux,BOUCLE,54,0.064093,0.077727,44.8133303,-0.5643599,5792,Barrière de Bègles,77.0,15;31
Z12CT11,Bordeaux,BOUCLE,54,0.064093,0.077727,44.8133303,-0.5643599,663,Barrière de Bègles,85.5,15;31
Z12CT11,Bordeaux,BOUCLE,54,0.064093,0.077727,44.8133303,-0.5643599,9818,Barrière de Bègles,89.6,H2
Z12CT11,Bordeaux,BOUCLE,54,0.064093,0.077727,44.8133303,-0.5643599,3183,Fellonneau,209.8,15
Z12CT11,Bordeaux,BOUCLE,54,0.064093,0.077727,44.8133303,-0.5643599,721,Fellonneau,192.5,15
Z12CT11,Bordeaux,BOUCLE,54,0.064093,0.077727,44.8133303,-0.5643599,2238,Jardin des Barrières,256.3,31;H1
Z12CT11,Bordeaux,BOUCLE,54,0.064093,0.077727,44.8133303,-0.5643599,3140,Jardin des Barrières,152.4,H2
Z12CT11,Bordeaux,BOUCLE,54,0.064093,0.077727,44.8133303,-0.5643599,5875,Victor Hugo,229.5,S4
Z18CT1,Gradignan,BOUCLE,28,0.063303,0.086762,44.7762187,-0.6112155,1525,Cimetière de Gradignan,282.8,80;S54
Z18CT1,Gradignan,BOUCLE,28,0.063303,0.086762,44.7762187,-0.6112155,9239,Cimetière de Gradignan,278.4,80;S54
Z18CT1,Gradignan,BOUCLE,28,0.063303,0.086762,44.7762187,-0.6112155,1615,Rochefort,33.9,31
Z18CT1,Gradignan,BOUCLE,28,0.063303,0.086762,44.7762187,-0.6112155,916,Rochefort,7.8,31
Z18CT4,Gradignan,BOUCLE,26,0.090960,0.077204,44.7721693,-0.6144475,1618,Eglise de Gradignan,11.9,31
Z18CT4,Gradignan,BOUCLE,26,0.090960,0.077204,44.7721693,-0.6144475,1673,Eglise de Gradignan,23.6,31
Z18CT4,Gradignan,BOUCLE,26,0.090960,0.077204,44.7721693,-0.6144475,481,Prof. Bernard,280.0,31
Z18CT4,Gradignan,BOUCLE,26,0.090960,0.077204,44.7721693,-0.6144475,488,Prof. Bernard,289.9,31
Z18CT10,Gradignan,BOUCLE,31,0.085135,0.083262,44.7766522,-0.6109242,1525,Cimetière de Gradignan,231.7,80;S54
Z18CT10,Gradignan,BOUCLE,31,0.085135,0.083262,44.7766522,-0.6109242,1621,Cimetière de Gradignan,280.3,31
Z18CT10,Gradignan,BOUCLE,31,0.085135,0.083262,44.7766522,-0.6109242,9239,Cimetière de Gradignan,227.6,80;S54
Z18CT10,Gradignan,BOUCLE,31,0.085135,0.083262,44.7766522,-0.6109242,1615,Rochefort,87.3,31
Z18CT10,Gradignan,BOUCLE,31,0.085135,0.083262,44.7766522,-0.6109242,916,Rochefort,60.1,31
Z23DS,Bruges,SIREDO,,,,44.8862756,-0.5945167,9069,Bacchus,185.3,72
Z23DS,Bruges,SIREDO,,,,44.8862756,-0.5945167,9070,Bacchus,173.8,72
Z23DS,Bruges,SIREDO,,,,44.8862756,-0.5945167,7292,Stade Daugère,230.4,15;72;75
Z23DS,Bruges,SIREDO,,,,44.8862756,-0.5945167,7293,Stade Daugère,219.7,15;72;75
Z23DE,Bruges,SIREDO,,,,44.8862482,-0.5945388,9069,Bacchus,184.9,72
Z23DE,Bruges,SIREDO,,,,44.8862482,-0.5945388,9070,Bacchus,173.6,72
Z23DE,Bruges,SIREDO,,,,44.8862482,-0.5945388,7292,Stade Daugère,229.4,15;72;75
Z23DE,Bruges,SIREDO,,,,44.8862482,-0.5945388,7293,Stade Daugère,218.8,15;72;75
Z29DE,Cenon,SIREDO,,,,44.8533032,-0.5067724,5207,Goya,172.6,27;54
Z29DE,Cenon,SIREDO,,,,44.8533032,-0.5067724,5208,Goya,162.6,27;54
Z29DE,Cenon,SIREDO,,,,44.8533032,-0.5067724,5221,La Marègue,272.8,32;54;Bus A
Z29DE,Cenon,SIREDO,,,,44.8533032,-0.5067724,5222,La Marègue,295.5,32;54;Bus A
Z29CS,Cenon,SIREDO,,0.043258,0.104817,44.8459469,-0.5349044,2386,Anatole France,88.7,24;28;65;H2
Z29CS,Cenon,SIREDO,,0.043258,0.104817,44.8459469,-0.5349044,424,Anatole France,65.6,24;28;65;H1
Z29CS,Cenon,SIREDO,,0.043258,0.104817,44.8459469,-0.5349044,1437,Emile Combes,137.6,60
Z29CS,Cenon,SIREDO,,0.043258,0.104817,44.8459469,-0.5349044,2048,Emile Combes,178.0,60
Z29CS,Cenon,SIREDO,,0.043258,0.104817,44.8459469,-0.5349044,2385,Entre-Deux-Mers,167.9,24;28;60;65;H2
Z29CS,Cenon,SIREDO,,0.043258,0.104817,44.8459469,-0.5349044,1195,Jules Ferry,235.4,24;28;60;65;H1
Z29BE,Bordeaux,SIREDO,,0.089673,0.077638,44.8435638,-0.5409774,2198,Dorgelès,197.8,24;31
Z29BE,Bordeaux,SIREDO,,0.089673,0.077638,44.8435638,-0.5409774,3273,Dorgelès,195.8,24;31;N6
Z29BE,Bordeaux,SIREDO,,0.089673,0.077638,44.8435638,-0.5409774,8161,Jean Dauguet,284.8,24;31;65;N6
Z29BE,Bordeaux,SIREDO,,0.089673,0.077638,44.8435638,-0.5409774,8162,Jean Dauguet,276.2,24;31;65
Z29BE,Bordeaux,SIREDO,,0.089673,0.077638,44.8435638,-0.5409774,1205,Vincent,285.6,24;31
Z20BS,Bordeaux,SIREDO,,,,44.8456557,-0.6119545,2417,Place Lopès,11.8,16
Z20BS,Bordeaux,SIREDO,,,,44.8456557,-0.6119545,3317,Place Lopès,90.7,16
Z20BS,Bordeaux,SIREDO,,,,44.8456557,-0.6119545,2418,Place Moscou,233.4,16
Z20BS,Bordeaux,SIREDO,,,,44.8456557,-0.6119545,565,Place Moscou,240.8,16
Z22AS,Lormont,SIREDO,,,,44.8739639,-0.5367267,1805,Quai Dupeyron,244.1,27;31;60;61;7;S7
Z22AS,Lormont,SIREDO,,,,44.8739639,-0.5367267,2195,Quai Dupeyron,180.1,27;31;60;61;7;S7
Z22AS,Lormont,SIREDO,,,,44.8739639,-0.5367267,1512,Quai Numa Sensine,165.5,27;31;60;61;7;S7
Z22AS,Lormont,SIREDO,,,,44.8739639,-0.5367267,244,Quai Numa Sensine,150.0,27;31;60;61;7;S7
Z22AE,Lormont,SIREDO,,,,44.8739806,-0.5367812,1805,Quai Dupeyron,244.8,27;31;60;61;7;S7
Z22AE,Lormont,SIREDO,,,,44.8739806,-0.5367812,2195,Quai Dupeyron,180.7,27;31;60;61;7;S7
Z22AE,Lormont,SIREDO,,,,44.8739806,-0.5367812,1512,Quai Numa Sensine,165.7,27;31;60;61;7;S7
Z22AE,Lormont,SIREDO,,,,44.8739806,-0.5367812,244,Quai Numa Sensine,150.4,27;31;60;61;7;S7
Z22BS,Lormont,SIREDO,,0.045951,0.095730,44.8709105,-0.5120443,5986,Avenue de Paris,63.4,32;54;S27;S28;S30
Z22BS,Lormont,SIREDO,,0.045951,0.095730,44.8709105,-0.5120443,5987,Avenue de Paris,88.1,32;54;S27;S28;S30
Z22BS,Lormont,SIREDO,,0.045951,0.095730,44.8709105,-0.5120443,6424,Du Bellay,297.1,32;54
Z22BS,Lormont,SIREDO,,0.045951,0.095730,44.8709105,-0.5120443,6425,Hautefort,103.3,32;S27;S28;S30
Z22BS,Lormont,SIREDO,,0.045951,0.095730,44.8709105,-0.5120443,6426,Hautefort,101.8,32;S27;S28;S30
Z22BS,Lormont,SIREDO,,0.045951,0.095730,44.8709105,-0.5120443,5984,Montaigne,286.3,32;S27;S28;S30
Z22BS,Lormont,SIREDO,,0.045951,0.095730,44.8709105,-0.5120443,5985,Montaigne,265.5,32;S27;S28;S30
Z22BE,Lormont,SIREDO,,0.048476,0.080850,44.8709175,-0.5121138,5986,Avenue de Paris,63.2,32;54;S27;S28;S30
Z22BE,Lormont,SIREDO,,0.048476,0.080850,44.8709175,-0.5121138,5987,Avenue de Paris,88.5,32;54;S27;S28;S30
Z22BE,Lormont,SIREDO,,0.048476,0.080850,44.8709175,-0.5121138,6424,Du Bellay,294.0,32;54
Z22BE,Lormont,SIREDO,,0.048476,0.080850,44.8709175,-0.5121138,6425,Hautefort,99.5,32;S27;S28;S30
Z22BE,Lormont,SIREDO,,0.048476,0.080850,44.8709175,-0.5121138,6426,Hautefort,98.6,32;S27;S28;S30
Z22BE,Lormont,SIREDO,,0.048476,0.080850,44.8709175,-0.5121138,5984,Montaigne,280.8,32;S27;S28;S30
Z22BE,Lormont,SIREDO,,0.048476,0.080850,44.8709175,-0.5121138,5985,Montaigne,260.0,32;S27;S28;S30
Z22DE,Lormont,SIREDO,,,,44.8815628,-0.517048,3684,Lauriers,280.6,A
Z22DE,Lormont,SIREDO,,,,44.8815628,-0.517048,4040,Lauriers,235.3,54;66;Bus A
Z22DE,Lormont,SIREDO,,,,44.8815628,-0.517048,5488,Lauriers,281.7,A
Z21CE,Le Bouscat,SIREDO,,0.072318,0.075578,44.8596079,-0.592366,2047,Boulevard Pierre 1er,271.5,15
Z21CE,Le Bouscat,SIREDO,,0.072318,0.075578,44.8596079,-0.592366,2060,Boulevard Pierre 1er,233.2,15
Z21CE,Le Bouscat,SIREDO,,0.072318,0.075578,44.8596079,-0.592366,1459,Castillon,63.2,70
Z21CE,Le Bouscat,SIREDO,,0.072318,0.075578,44.8596079,-0.592366,2215,Castillon,23.3,70
Z21CE,Le Bouscat,SIREDO,,0.072318,0.075578,44.8596079,-0.592366,1959,Mandron,261.1,9;H1
Z21CE,Le Bouscat,SIREDO,,0.072318,0.075578,44.8596079,-0.592366,604,Mandron,288.3,9;H2;N2
Z21CE,Le Bouscat,SIREDO,,0.072318,0.075578,44.8596079,-0.592366,2126,Marronniers,297.4,15
Z21CE,Le Bouscat,SIREDO,,0.072318,0.075578,44.8596079,-0.592366,2216,Poincaré,270.5,70
Z21CE,Le Bouscat,SIREDO,,0.072318,0.075578,44.8596079,-0.592366,69,Poincaré,254.3,70
Z21CE,Le Bouscat,SIREDO,,0.072318,0.075578,44.8596079,-0.592366,1290,Tivoli,260.0,9;H1
Z21CE,Le Bouscat,SIREDO,,0.072318,0.075578,44.8596079,-0.592366,7925,Tivoli,207.5,70
Z21CE,Le Bouscat,SIREDO,,0.072318,0.075578,44.8596079,-0.592366,9814,Tivoli,263.7,9;H2;N2
Z21CE,Le Bouscat,SIREDO,,0.072318,0.075578,44.8596079,-0.592366,9827,Tivoli,194.9,70
Z21DE,Le Bouscat,SIREDO,,,,44.8662583,-0.5904316,337,Chanzy,53.9,15
Z21DE,Le Bouscat,SIREDO,,,,44.8662583,-0.5904316,440,Chanzy,12.3,15
Z21DE,Le Bouscat,SIREDO,,,,44.8662583,-0.5904316,1109,Ducourneau,275.0,15;82
Z21DE,Le Bouscat,SIREDO,,,,44.8662583,-0.5904316,1784,Ducourneau,298.6,15;82
Z21DE,Le Bouscat,SIREDO,,,,44.8662583,-0.5904316,6351,R.P.A Mieux Vivre,239.3,82
Z21DE,Le Bouscat,SIREDO,,,,44.8662583,-0.5904316,6352,R.P.A Mieux Vivre,219.5,82
Z21DE,Le Bouscat,SIREDO,,,,44.8662583,-0.5904316,2139,Sadi Carnot,234.7,15
Z25CT16,Bordeaux,BOUCLE,3,0.044610,0.098513,44.8764029,-0.5714706,7132,Berges du Lac,289.2,C
Z25CT16,Bordeaux,BOUCLE,3,0.044610,0.098513,44.8764029,-0.5714706,5460,Laroque,246.8,7
Z25CT16,Bordeaux,BOUCLE,3,0.044610,0.098513,44.8764029,-0.5714706,760,Laroque,237.3,7;N1
Z25CT16,Bordeaux,BOUCLE,3,0.044610,0.098513,44.8764029,-0.5714706,5458,Reinson,282.3,32
Z25CT16,Bordeaux,BOUCLE,3,0.044610,0.098513,44.8764029,-0.5714706,5480,Reinson,166.3,7
Z25CT16,Bordeaux,BOUCLE,3,0.044610,0.098513,44.8764029,-0.5714706,5481,Reinson,153.1,7
Z25CT19,Bordeaux,BOUCLE,23,0.121212,0.069576,44.8970393,-0.5658184,7338,Parc des Expositions,183.3,75
Z25CT19,Bordeaux,BOUCLE,23,0.121212,0.069576,44.8970393,-0.5658184,7211,Parc des Expositions Porte D,214.1,75
Z25CT19,Bordeaux,BOUCLE,23,0.121212,0.069576,44.8970393,-0.5658184,7282,Parc des Expositions Porte D,219.4,37
Z5CT19,Bordeaux,BOUCLE,20,0.081881,0.066740,44.8310596,-0.5590718,3768,Sainte-Croix,94.8,C;D;E;F
Z5CT19,Bordeaux,BOUCLE,20,0.081881,0.066740,44.8310596,-0.5590718,3769,Sainte-Croix,87.8,C;D;E;F
Z5CT19,Bordeaux,BOUCLE,20,0.081881,0.066740,44.8310596,-0.5590718,8913,Sainte-Croix (Tram C/D),137.5,24;Bus F;TBNight
Z5CT19,Bordeaux,BOUCLE,20,0.081881,0.066740,44.8310596,-0.5590718,8914,Sainte-Croix (Tram C/D),121.9,24;Bus F;TBNight
Z5CT19,Bordeaux,BOUCLE,20,0.081881,0.066740,44.8310596,-0.5590718,3766,Tauzia,223.0,C;D;E;F
Z5CT19,Bordeaux,BOUCLE,20,0.081881,0.066740,44.8310596,-0.5590718,3767,Tauzia,229.1,C;D;E;F
Z19CT24,Villenave-d'Ornon,BOUCLE,19,,,44.787185,-0.5681314,5683,Lycée Vaclav Havel,68.9,23
Z19CT24,Villenave-d'Ornon,BOUCLE,19,,,44.787185,-0.5681314,5684,Lycée Vaclav Havel,40.9,23
Z19CT24,Villenave-d'Ornon,BOUCLE,19,,,44.787185,-0.5681314,7401,Lycée Vaclav Havel,162.4,C
Z19CT24,Villenave-d'Ornon,BOUCLE,19,,,44.787185,-0.5681314,7402,Lycée Vaclav Havel,162.5,C
Z19CT24,Villenave-d'Ornon,BOUCLE,19,,,44.787185,-0.5681314,5735,Lycée Václav Havel (Tram C),148.2,5;85
Z19CT24,Villenave-d'Ornon,BOUCLE,19,,,44.787185,-0.5681314,974,Lycée Václav Havel (Tram C),121.4,5;85
Z19CT24,Villenave-d'Ornon,BOUCLE,19,,,44.787185,-0.5681314,2693,Mallet,298.8,5;85;89
Z19CT24,Villenave-d'Ornon,BOUCLE,19,,,44.787185,-0.5681314,2713,Mallet,260.8,5;85;89
Z28AE,Saint-Médard-en-Jalles,SIREDO,,0.000000,0.069822,44.8655621,-0.7138188,1780,Julien,29.6,71;S14
Z28AE,Saint-Médard-en-Jalles,SIREDO,,0.000000,0.069822,44.8655621,-0.7138188,897,Julien,76.7,71;S14
Z27CT8,Pessac,BOUCLE,25,0.112464,0.070599,44.8027867,-0.6647268,1367,Le Trinquet,134.6,24;39;77;78
Z27CT8,Pessac,BOUCLE,25,0.112464,0.070599,44.8027867,-0.6647268,2884,Le Trinquet,114.3,24;39;77;78
Z27CT8,Pessac,BOUCLE,25,0.112464,0.070599,44.8027867,-0.6647268,2478,Monbalon 2,205.8,24;77;78
Z27CT8,Pessac,BOUCLE,25,0.112464,0.070599,44.8027867,-0.6647268,26,Monbalon 2,172.6,24;77;78
Z24CT16,Le Haillan,BOUCLE,31,,,44.8755927,-0.6794661,3000,Clemenceau,195.1,72
Z24CT16,Le Haillan,BOUCLE,31,,,44.8755927,-0.6794661,417,Clemenceau,193.8,84
Z24CT16,Le Haillan,BOUCLE,31,,,44.8755927,-0.6794661,2999,Le Haillan Centre,251.3,84
Z24CT16,Le Haillan,BOUCLE,31,,,44.8755927,-0.6794661,9155,Rue du Médoc,286.0,G
Z24CT16,Le Haillan,BOUCLE,31,,,44.8755927,-0.6794661,9156,Rue du Médoc,228.3,G
Z24CT16,Le Haillan,BOUCLE,31,,,44.8755927,-0.6794661,9330,Rue du Médoc,250.5,39 Est;71;84
Z24CT16,Le Haillan,BOUCLE,31,,,44.8755927,-0.6794661,9331,Rue du Médoc,172.6,39 Est;71
Z24CT15,Eysines,BOUCLE,30,,,44.8636186,-0.6585592,2991,Saint-Exupéry,157.2,72
Z24CT15,Eysines,BOUCLE,30,,,44.8636186,-0.6585592,9165,Saint-Exupéry,160.3,G
Z24CT15,Eysines,BOUCLE,30,,,44.8636186,-0.6585592,9166,Saint-Exupéry,183.3,G
Z24CT15,Eysines,BOUCLE,30,,,44.8636186,-0.6585592,981,Saint-Exupéry,183.9,72
Z24CT15,Eysines,BOUCLE,30,,,44.8636186,-0.6585592,6380,Tilleuls,240.5,72
Z24CT15,Eysines,BOUCLE,30,,,44.8636186,-0.6585592,9724,Tilleuls,185.0,72
Z5CT2,Bordeaux,BOUCLE,72,,,44.8297048,-0.5532541,9249,MECA,121.6,1;Arena
Z5CT2,Bordeaux,BOUCLE,72,,,44.8297048,-0.5532541,9717,MECA (Paludate),114.6,1;Arena;G
Z5CT2,Bordeaux,BOUCLE,72,,,44.8297048,-0.5532541,9268,MECA (Terres de Borde),149.6,31
Z5CT2,Bordeaux,BOUCLE,72,,,44.8297048,-0.5532541,9269,MECA (Terres de Borde),152.9,31
Z5CT6,Bordeaux,BOUCLE,20,0.097165,0.075165,44.8222082,-0.541773,5840,Jardin de l'Ars,193.6,1;54;Arena
Z5CT6,Bordeaux,BOUCLE,20,0.097165,0.075165,44.8222082,-0.541773,5841,Jardin de l'Ars,160.2,1;54;Arena
Z5CT6,Bordeaux,BOUCLE,20,0.097165,0.075165,44.8222082,-0.541773,13189,Pont Simone Veil (Rive Gauche),204.5,35
Z5CT6,Bordeaux,BOUCLE,20,0.097165,0.075165,44.8222082,-0.541773,1260,Simone-Veil (Rive Gauche),181.6,H1
Z5CT6,Bordeaux,BOUCLE,20,0.097165,0.075165,44.8222082,-0.541773,5842,Simone-Veil (Rive Gauche),197.0,H2
Z5CT6,Bordeaux,BOUCLE,20,0.097165,0.075165,44.8222082,-0.541773,9730,Simone-Veil (Rive Gauche),115.3,1;54;Arena
Z5CT6,Bordeaux,BOUCLE,20,0.097165,0.075165,44.8222082,-0.541773,9731,Simone-Veil (Rive Gauche),108.6,1;54;Arena
Z5CT1,Bordeaux,BOUCLE,50,,,44.8208243,-0.5415316,5841,Jardin de l'Ars,296.7,1;54;Arena
Z5CT1,Bordeaux,BOUCLE,50,,,44.8208243,-0.5415316,13189,Pont Simone Veil (Rive Gauche),64.0,35
Z5CT1,Bordeaux,BOUCLE,50,,,44.8208243,-0.5415316,1260,Simone-Veil (Rive Gauche),56.5,H1
Z5CT1,Bordeaux,BOUCLE,50,,,44.8208243,-0.5415316,5842,Simone-Veil (Rive Gauche),63.7,H2
Z5CT1,Bordeaux,BOUCLE,50,,,44.8208243,-0.5415316,9730,Simone-Veil (Rive Gauche),39.8,1;54;Arena
Z5CT1,Bordeaux,BOUCLE,50,,,44.8208243,-0.5415316,9731,Simone-Veil (Rive Gauche),46.5,1;54;Arena
Z24CT3,Le Haillan,BOUCLE,19,0.080599,0.093723,44.8697519,-0.6735089,1051,Collège Emile Zola,81.0,71;S11;S17
Z24CT3,Le Haillan,BOUCLE,19,0.080599,0.093723,44.8697519,-0.6735089,2998,Collège Emile Zola,85.6,71;S11;S17
Z24CT3,Le Haillan,BOUCLE,19,0.080599,0.093723,44.8697519,-0.6735089,7871,Collège Emile Zola,186.8,72
Z24CT3,Le Haillan,BOUCLE,19,0.080599,0.093723,44.8697519,-0.6735089,8271,Collège Emile Zola,133.3,72
Z24CT3,Le Haillan,BOUCLE,19,0.080599,0.093723,44.8697519,-0.6735089,9159,Collège Emile Zola,214.2,G
Z24CT3,Le Haillan,BOUCLE,19,0.080599,0.093723,44.8697519,-0.6735089,9160,Collège Emile Zola,214.4,G
Z24CT1,Eysines,BOUCLE,24,0.088745,0.091697,44.8608559,-0.6391191,3319,Le Grand Louis,224.2,2;35
Z24CT1,Eysines,BOUCLE,24,0.088745,0.091697,44.8608559,-0.6391191,833,Le Grand Louis,272.6,2;35
Z24CT1,Eysines,BOUCLE,24,0.088745,0.091697,44.8608559,-0.6391191,9169,Le Grand Louis,204.2,G
Z24CT1,Eysines,BOUCLE,24,0.088745,0.091697,44.8608559,-0.6391191,9170,Le Grand Louis,221.0,G
Z6CT1,Bordeaux,BOUCLE,83,,,44.8444604,-0.5991384,9185,Barrière Saint-Médard,257.2,2;G
Z6CT1,Bordeaux,BOUCLE,83,,,44.8444604,-0.5991384,641,Cité Administrative,170.6,70;9;H1
Z6CT16,Bordeaux,BOUCLE,0,0.062840,0.067328,44.8411116,-0.5876603,696,Lachassaigne,255.2,16
Z6CT16,Bordeaux,BOUCLE,0,0.062840,0.067328,44.8411116,-0.5876603,279,Manège,221.5,1;51
Z6CT16,Bordeaux,BOUCLE,0,0.062840,0.067328,44.8411116,-0.5876603,1410,Marionneau,16.9,1;16;51
Z6CT16,Bordeaux,BOUCLE,0,0.062840,0.067328,44.8411116,-0.5876603,735,Piscine Judaïque,250.1,1;16;51
Z6CT16,Bordeaux,BOUCLE,0,0.062840,0.067328,44.8411116,-0.5876603,915,Piscine Judaïque,208.8,82
Z6CT16,Bordeaux,BOUCLE,0,0.062840,0.067328,44.8411116,-0.5876603,40,Saint-Seurin,271.8,1;16;51
Z6CT16,Bordeaux,BOUCLE,0,0.062840,0.067328,44.8411116,-0.5876603,9191,Saint-Seurin,284.8,16;2;G
Z6CT16,Bordeaux,BOUCLE,0,0.062840,0.067328,44.8411116,-0.5876603,9192,Saint-Seurin,258.4,2;G;N3
Z6CT14,Bordeaux,BOUCLE,31,0.083333,0.080429,44.8424901,-0.5897733,856,Dutertre,277.0,82
Z6CT14,Bordeaux,BOUCLE,31,0.083333,0.080429,44.8424901,-0.5897733,696,Lachassaigne,29.1,16
Z6CT14,Bordeaux,BOUCLE,31,0.083333,0.080429,44.8424901,-0.5897733,1829,Lycée Camille Jullian,131.4,82
Z6CT14,Bordeaux,BOUCLE,31,0.083333,0.080429,44.8424901,-0.5897733,9189,Lycée Camille Jullian,193.9,2;82;G
Z6CT14,Bordeaux,BOUCLE,31,0.083333,0.080429,44.8424901,-0.5897733,9190,Lycée Camille Jullian,202.2,2;G;N3
Z6CT14,Bordeaux,BOUCLE,31,0.083333,0.080429,44.8424901,-0.5897733,1410,Marionneau,236.5,1;16;51
Z6CT14,Bordeaux,BOUCLE,31,0.083333,0.080429,44.8424901,-0.5897733,735,Piscine Judaïque,195.9,1;16;51
Z6CT14,Bordeaux,BOUCLE,31,0.083333,0.080429,44.8424901,-0.5897733,915,Piscine Judaïque,194.7,82
Z6CT11,Bordeaux,BOUCLE,0,0.079603,0.069874,44.8367677,-0.6062594,694,Clinique Saint-Augustin,91.1,73
Z6CT11,Bordeaux,BOUCLE,0,0.079603,0.069874,44.8367677,-0.6062594,722,Clinique Saint-Augustin,26.3,1;73
Z6CT11,Bordeaux,BOUCLE,0,0.079603,0.069874,44.8367677,-0.6062594,1170,Courteault,228.0,73
Z6CT18,Bordeaux,BOUCLE,0,0.093043,0.072144,44.8384321,-0.600481,2468,Allée des Pins,253.9,1
Z6CT18,Bordeaux,BOUCLE,0,0.093043,0.072144,44.8384321,-0.600481,1323,Barrière d'Arès,288.6,9;H2
Z6CT18,Bordeaux,BOUCLE,0,0.093043,0.072144,44.8384321,-0.600481,2469,Barrière d'Arès,270.7,1;51;70
Z6CT18,Bordeaux,BOUCLE,0,0.093043,0.072144,44.8384321,-0.600481,1610,Barrière Judaïque,190.2,1;16;51;N3
Z6CT18,Bordeaux,BOUCLE,0,0.093043,0.072144,44.8384321,-0.600481,2328,Barrière Judaïque,269.0,70;9;H1
Z6CT18,Bordeaux,BOUCLE,0,0.093043,0.072144,44.8384321,-0.600481,2341,Barrière Judaïque,154.5,70;9;H2
Z6CT18,Bordeaux,BOUCLE,0,0.093043,0.072144,44.8384321,-0.600481,2095,Moulin Rouge,250.0,1;16
Z6CT18,Bordeaux,BOUCLE,0,0.093043,0.072144,44.8384321,-0.600481,5380,Moulin Rouge,265.7,73
Z27CT10,Pessac,BOUCLE,,,,44.7961955,-0.6608505,2871,France Alouette,291.6,39;77
Z27CT4,Pessac,BOUCLE,49,0.057395,0.081674,44.7948634,-0.668817,2766,Castaing,84.3,4;77
Z27CT4,Pessac,BOUCLE,49,0.057395,0.081674,44.7948634,-0.668817,2782,Castaing,145.2,4;77
Z27CT4,Pessac,BOUCLE,49,0.057395,0.081674,44.7948634,-0.668817,9461,France,285.2,S40
Z27CT4,Pessac,BOUCLE,49,0.057395,0.081674,44.7948634,-0.668817,9462,France,275.0,S40
Z27CT4,Pessac,BOUCLE,49,0.057395,0.081674,44.7948634,-0.668817,109,France-Les Castors,131.4,4;77
Z27CT4,Pessac,BOUCLE,49,0.057395,0.081674,44.7948634,-0.668817,180,France-Les Castors,162.1,24;4
Z27CT4,Pessac,BOUCLE,49,0.057395,0.081674,44.7948634,-0.668817,2670,France-Les Castors,208.3,24;77
Z27CT4,Pessac,BOUCLE,49,0.057395,0.081674,44.7948634,-0.668817,9464,Place Navarre,292.0,S40
Z22CT10,Lormont,BOUCLE,11,0.063953,0.089753,44.8797593,-0.5239218,5443,Carriet,269.9,A
Z22CT10,Lormont,BOUCLE,11,0.063953,0.089753,44.8797593,-0.5239218,5444,Carriet,271.2,A
Z22CT10,Lormont,BOUCLE,11,0.063953,0.089753,44.8797593,-0.5239218,3015,Cimetière de Lormont,294.5,32
Z22CT10,Lormont,BOUCLE,11,0.063953,0.089753,44.8797593,-0.5239218,5457,Cimetière de Lormont,295.8,32
Z22CT10,Lormont,BOUCLE,11,0.063953,0.089753,44.8797593,-0.5239218,1403,Magendie,293.5,53;7;Bus A;S7
Z22CT10,Lormont,BOUCLE,11,0.063953,0.089753,44.8797593,-0.5239218,5523,Magendie,237.8,60;Bus A
Z22CT10,Lormont,BOUCLE,11,0.063953,0.089753,44.8797593,-0.5239218,3303,Mairie de Lormont,53.3,32;Bus A
Z22CT10,Lormont,BOUCLE,11,0.063953,0.089753,44.8797593,-0.5239218,3510,Mairie de Lormont,57.7,32;53;7
Z22CT10,Lormont,BOUCLE,11,0.063953,0.089753,44.8797593,-0.5239218,5441,Mairie de Lormont,32.1,A
Z22CT10,Lormont,BOUCLE,11,0.063953,0.089753,44.8797593,-0.5239218,5442,Mairie de Lormont,35.0,A
Z22CT10,Lormont,BOUCLE,11,0.063953,0.089753,44.8797593,-0.5239218,5858,Mairie de Lormont,47.6,Bus A
Z22CT8,Lormont,BOUCLE,0,0.088253,0.061170,44.8651928,-0.5158591,9728,4 Pavillons,277.9,54
Z22CT8,Lormont,BOUCLE,0,0.088253,0.061170,44.8651928,-0.5158591,9729,4 Pavillons,295.7,54
Z22CT8,Lormont,BOUCLE,0,0.088253,0.061170,44.8651928,-0.5158591,4880,4 Pavillons (vers Buttinière),119.5,27;64;66;67;Artigues
Z22CT8,Lormont,BOUCLE,0,0.088253,0.061170,44.8651928,-0.5158591,1934,4 Pavillons (vers Rocade),58.6,27;64;66;67;Artigues
Z22CT8,Lormont,BOUCLE,0,0.088253,0.061170,44.8651928,-0.5158591,3630,Collège Jean Jaurès,294.3,54
Z22CT8,Lormont,BOUCLE,0,0.088253,0.061170,44.8651928,-0.5158591,9673,Collège Jean Jaurès,256.6,S1;S2;S3
Z22CT2,Lormont,BOUCLE,28,0.060324,0.086018,44.8674405,-0.5129006,9728,4 Pavillons,72.6,54
Z22CT2,Lormont,BOUCLE,28,0.060324,0.086018,44.8674405,-0.5129006,9729,4 Pavillons,58.2,54
Z22CT2,Lormont,BOUCLE,28,0.060324,0.086018,44.8674405,-0.5129006,4880,4 Pavillons (vers Buttinière),238.1,27;64;66;67;Artigues
Z22CT2,Lormont,BOUCLE,28,0.060324,0.086018,44.8674405,-0.5129006,1934,4 Pavillons (vers Rocade),298.3,27;64;66;67;Artigues
Z2201CT3,Lormont,BOUCLE,46,,,44.8781007,-0.5184823,1527,Bois Fleuri,221.4,32;54
Z2201CT3,Lormont,BOUCLE,46,,,44.8781007,-0.5184823,1922,Bois Fleuri,180.9,32;54
Z2201CT3,Lormont,BOUCLE,46,,,44.8781007,-0.5184823,3685,Bois Fleuri,244.6,A
Z2201CT3,Lormont,BOUCLE,46,,,44.8781007,-0.5184823,3686,Bois Fleuri,236.2,A
Z2201CT3,Lormont,BOUCLE,46,,,44.8781007,-0.5184823,5832,Bois Fleuri,236.6,Bus A
Z2201CT3,Lormont,BOUCLE,46,,,44.8781007,-0.5184823,5833,Bois Fleuri,242.5,Bus A
Z2201CT3,Lormont,BOUCLE,46,,,44.8781007,-0.5184823,3015,Cimetière de Lormont,187.7,32
Z2201CT3,Lormont,BOUCLE,46,,,44.8781007,-0.5184823,5457,Cimetière de Lormont,200.1,32
Z2201CT3,Lormont,BOUCLE,46,,,44.8781007,-0.5184823,3684,Lauriers,121.9,A
Z2201CT3,Lormont,BOUCLE,46,,,44.8781007,-0.5184823,4040,Lauriers,168.5,54;66;Bus A
Z2201CT3,Lormont,BOUCLE,46,,,44.8781007,-0.5184823,5488,Lauriers,120.2,A
Z2201CT3,Lormont,BOUCLE,46,,,44.8781007,-0.5184823,5836,Lauriers,29.5,66
Z2201CT3,Lormont,BOUCLE,46,,,44.8781007,-0.5184823,4039,Lauriers (Tram A),95.4,54;66;Bus A
Z2201CT3,Lormont,BOUCLE,46,,,44.8781007,-0.5184823,1127,Lavergne,235.0,32
Z2201CT3,Lormont,BOUCLE,46,,,44.8781007,-0.5184823,1255,Lavergne,240.1,32
Z2201CT6,Lormont,BOUCLE,30,,,44.8665095,-0.5240393,1582,Allende,204.7,32;S27
Z2201CT6,Lormont,BOUCLE,30,,,44.8665095,-0.5240393,805,Allende,160.1,32;S27
Z2201CT6,Lormont,BOUCLE,30,,,44.8665095,-0.5240393,13090,Buttinière,256.2,67
Z2201CT6,Lormont,BOUCLE,30,,,44.8665095,-0.5240393,13203,Buttinière,247.2,66
Z2201CT6,Lormont,BOUCLE,30,,,44.8665095,-0.5240393,3606,Buttinière,269.2,32
Z2201CT6,Lormont,BOUCLE,30,,,44.8665095,-0.5240393,3634,Buttinière,257.2,64
Z2201CT6,Lormont,BOUCLE,30,,,44.8665095,-0.5240393,3691,Buttinière,277.1,A;E
Z2201CT6,Lormont,BOUCLE,30,,,44.8665095,-0.5240393,3692,Buttinière,280.2,A;E
Z2201CT6,Lormont,BOUCLE,30,,,44.8665095,-0.5240393,4680,Buttinière,268.3,27;Bus A
Z2201CT6,Lormont,BOUCLE,30,,,44.8665095,-0.5240393,7571,Buttinière,257.2,67;Artigues
Z2201CT6,Lormont,BOUCLE,30,,,44.8665095,-0.5240393,9714,Buttinière,258.1,32
Z2201CT6,Lormont,BOUCLE,30,,,44.8665095,-0.5240393,9831,Buttinière,257.1,Artigues
Z2201CT6,Lormont,BOUCLE,30,,,44.8665095,-0.5240393,9866,Buttinière,264.6,32
Z2201CT6,Lormont,BOUCLE,30,,,44.8665095,-0.5240393,9867,Buttinière,267.0,27
Z2201CT6,Lormont,BOUCLE,30,,,44.8665095,-0.5240393,9868,Buttinière,198.5,64;66;67;Artigues
Z2201CT6,Lormont,BOUCLE,30,,,44.8665095,-0.5240393,9869,Buttinière,198.5,67;Artigues
Z2201CT6,Lormont,BOUCLE,30,,,44.8665095,-0.5240393,15057,Iris,273.4,Bus A
Z2201CT6,Lormont,BOUCLE,30,,,44.8665095,-0.5240393,15058,Iris,231.3,Bus A
Z2201CT6,Lormont,BOUCLE,30,,,44.8665095,-0.5240393,3689,Iris,246.8,A
Z2201CT6,Lormont,BOUCLE,30,,,44.8665095,-0.5240393,3690,Iris,251.4,A
Z2201CT6,Lormont,BOUCLE,30,,,44.8665095,-0.5240393,7281,Iris,271.3,S28;S30
Z2201CT2,Cenon,BOUCLE,16,,,44.8577014,-0.5192962,1723,La Morlette,263.8,32;Bus A
Z2201CT2,Cenon,BOUCLE,16,,,44.8577014,-0.5192962,1927,Lagorgette,290.1,54
Z2201CT2,Cenon,BOUCLE,16,,,44.8577014,-0.5192962,15053,Pelletan,91.7,Bus A
Z2201CT2,Cenon,BOUCLE,16,,,44.8577014,-0.5192962,15054,Pelletan,150.2,Bus A
Z2201CT2,Cenon,BOUCLE,16,,,44.8577014,-0.5192962,3694,Pelletan,116.7,A;E
Z2201CT2,Cenon,BOUCLE,16,,,44.8577014,-0.5192962,3695,Pelletan,110.2,A;E
Z4CT6,Bordeaux,BOUCLE,33,0.070628,0.063414,44.8398968,-0.58598,4577,Gambetta Mériadeck,186.0,1
Z4CT6,Bordeaux,BOUCLE,33,0.070628,0.063414,44.8398968,-0.58598,9193,Gambetta Mériadeck,245.0,1;16;4;70;Bus F;G
Z4CT6,Bordeaux,BOUCLE,33,0.070628,0.063414,44.8398968,-0.58598,9194,Gambetta Mériadeck,244.3,1;16;2;G;N3
Z4CT6,Bordeaux,BOUCLE,33,0.070628,0.063414,44.8398968,-0.58598,9825,Gambetta Mériadeck,166.0,4
Z4CT6,Bordeaux,BOUCLE,33,0.070628,0.063414,44.8398968,-0.58598,9734,Gambetta Mériadeck (Terminus),115.7,70
Z4CT6,Bordeaux,BOUCLE,33,0.070628,0.063414,44.8398968,-0.58598,279,Manège,155.9,1;51
Z4CT6,Bordeaux,BOUCLE,33,0.070628,0.063414,44.8398968,-0.58598,1410,Marionneau,180.8,1;16;51
Z4CT6,Bordeaux,BOUCLE,33,0.070628,0.063414,44.8398968,-0.58598,3722,Mériadeck,232.9,A;F
Z4CT6,Bordeaux,BOUCLE,33,0.070628,0.063414,44.8398968,-0.58598,3723,Mériadeck,241.1,A;F
Z4CT6,Bordeaux,BOUCLE,33,0.070628,0.063414,44.8398968,-0.58598,9129,Mériadeck,207.0,4;70;Bus F
Z4CT6,Bordeaux,BOUCLE,33,0.070628,0.063414,44.8398968,-0.58598,9089,Mériadeck Lateulade,174.9,70
Z4CT6,Bordeaux,BOUCLE,33,0.070628,0.063414,44.8398968,-0.58598,1508,Saint-Bruno - Hôtel de Région,271.8,70;82
Z4CT6,Bordeaux,BOUCLE,33,0.070628,0.063414,44.8398968,-0.58598,40,Saint-Seurin,216.5,1;16;51
Z4CT6,Bordeaux,BOUCLE,33,0.070628,0.063414,44.8398968,-0.58598,9191,Saint-Seurin,256.1,16;2;G
Z4CT6,Bordeaux,BOUCLE,33,0.070628,0.063414,44.8398968,-0.58598,9192,Saint-Seurin,260.7,2;G;N3
Z13CT1,Le Bouscat,BOUCLE,53,0.051295,0.057418,44.8608605,-0.5881391,983,Ampère-Grand Parc,275.4,9;H2;N2
Z13CT1,Le Bouscat,BOUCLE,53,0.051295,0.057418,44.8608605,-0.5881391,2047,Boulevard Pierre 1er,223.5,15
Z13CT1,Le Bouscat,BOUCLE,53,0.051295,0.057418,44.8608605,-0.5881391,2060,Boulevard Pierre 1er,142.6,15
Z13CT1,Le Bouscat,BOUCLE,53,0.051295,0.057418,44.8608605,-0.5881391,1959,Mandron,149.2,9;H1
Z13CT1,Le Bouscat,BOUCLE,53,0.051295,0.057418,44.8608605,-0.5881391,604,Mandron,89.1,9;H2;N2
Z13CT1,Le Bouscat,BOUCLE,53,0.051295,0.057418,44.8608605,-0.5881391,2070,Marronniers,175.9,15
Z13CT1,Le Bouscat,BOUCLE,53,0.051295,0.057418,44.8608605,-0.5881391,2126,Marronniers,164.7,15
Z5CT17,Bordeaux,BOUCLE,0,0.087796,0.078515,44.8309281,-0.5555509,9249,MECA,291.6,1;Arena
Z5CT17,Bordeaux,BOUCLE,0,0.087796,0.078515,44.8309281,-0.5555509,9717,MECA (Paludate),290.5,1;Arena;G
Z5CT17,Bordeaux,BOUCLE,0,0.087796,0.078515,44.8309281,-0.5555509,9268,MECA (Terres de Borde),269.2,31
Z5CT17,Bordeaux,BOUCLE,0,0.087796,0.078515,44.8309281,-0.5555509,9269,MECA (Terres de Borde),267.8,31
Z8CT15,Bordeaux,BOUCLE,24,0.069745,0.093691,44.839406,-0.5601731,9741,Benauge,200.0,953
Z8CT15,Bordeaux,BOUCLE,24,0.069745,0.093691,44.839406,-0.5601731,3710,Stalingrad,105.5,A;E
Z8CT15,Bordeaux,BOUCLE,24,0.069745,0.093691,44.839406,-0.5601731,3711,Stalingrad,107.3,A;E
Z8CT15,Bordeaux,BOUCLE,24,0.069745,0.093691,44.839406,-0.5601731,5801,Stalingrad,102.2,24;25;65
Z8CT15,Bordeaux,BOUCLE,24,0.069745,0.093691,44.839406,-0.5601731,8142,Stalingrad,84.4,65;Bus F;N2
Z8CT15,Bordeaux,BOUCLE,24,0.069745,0.093691,44.839406,-0.5601731,9834,Stalingrad,108.9,28;N4
Z8CT15,Bordeaux,BOUCLE,24,0.069745,0.093691,44.839406,-0.5601731,9835,Stalingrad,109.9,60
Z8CT15,Bordeaux,BOUCLE,24,0.069745,0.093691,44.839406,-0.5601731,7191,Stalingrad (rue de la Benauge),107.1,24;25
Z8CT15,Bordeaux,BOUCLE,24,0.069745,0.093691,44.839406,-0.5601731,5854,Stalingrad (Sem),80.1,Arena
Z8CT15,Bordeaux,BOUCLE,24,0.069745,0.093691,44.839406,-0.5601731,8132,Stalingrad (Tram A),131.8,Arena;Bus F
Z8CT13,Bordeaux,BOUCLE,0,0.061538,0.080128,44.8407537,-0.5588785,3710,Stalingrad,86.5,A;E
Z8CT13,Bordeaux,BOUCLE,0,0.061538,0.080128,44.8407537,-0.5588785,3711,Stalingrad,82.3,A;E
Z8CT13,Bordeaux,BOUCLE,0,0.061538,0.080128,44.8407537,-0.5588785,5801,Stalingrad,140.9,24;25;65
Z8CT13,Bordeaux,BOUCLE,0,0.061538,0.080128,44.8407537,-0.5588785,8142,Stalingrad,97.1,65;Bus F;N2
Z8CT13,Bordeaux,BOUCLE,0,0.061538,0.080128,44.8407537,-0.5588785,9834,Stalingrad,123.9,28;N4
Z8CT13,Bordeaux,BOUCLE,0,0.061538,0.080128,44.8407537,-0.5588785,9835,Stalingrad,122.6,60
Z8CT13,Bordeaux,BOUCLE,0,0.061538,0.080128,44.8407537,-0.5588785,7191,Stalingrad (rue de la Benauge),146.7,24;25
Z8CT13,Bordeaux,BOUCLE,0,0.061538,0.080128,44.8407537,-0.5588785,5854,Stalingrad (Sem),218.6,Arena
Z8CT13,Bordeaux,BOUCLE,0,0.061538,0.080128,44.8407537,-0.5588785,8132,Stalingrad (Tram A),91.6,Arena;Bus F
Z8CT12,Bordeaux,BOUCLE,11,,,44.8470602,-0.5486054,3706,Thiers-Benauge,228.2,A;E
Z8CT12,Bordeaux,BOUCLE,11,,,44.8470602,-0.5486054,3707,Thiers-Benauge,221.3,A;E
Z8CT4,Bordeaux,BOUCLE,19,0.074924,0.067197,44.8490958,-0.5456037,13212,Galin,127.8,31
Z8CT4,Bordeaux,BOUCLE,19,0.074924,0.067197,44.8490958,-0.5456037,3704,Galin,120.4,A;E
Z8CT4,Bordeaux,BOUCLE,19,0.074924,0.067197,44.8490958,-0.5456037,3705,Galin,127.3,A;E
Z8CT4,Bordeaux,BOUCLE,19,0.074924,0.067197,44.8490958,-0.5456037,5734,Galin,115.6,24;28
Z8CT4,Bordeaux,BOUCLE,19,0.074924,0.067197,44.8490958,-0.5456037,6402,Galin,130.9,24;31
Z8CT4,Bordeaux,BOUCLE,19,0.074924,0.067197,44.8490958,-0.5456037,4005,Galin Terminus,99.7,28;N6
Z8CT5,Bordeaux,BOUCLE,18,0.086064,0.064121,44.8522146,-0.5405147,3702,Jean Jaurès,272.9,A;E
Z8CT5,Bordeaux,BOUCLE,18,0.086064,0.064121,44.8522146,-0.5405147,3703,Jean Jaurès,280.3,A;E
Z8CT5,Bordeaux,BOUCLE,18,0.086064,0.064121,44.8522146,-0.5405147,8541,Jean Jaurès,268.4,31;H2
Z8CT5,Bordeaux,BOUCLE,18,0.086064,0.064121,44.8522146,-0.5405147,8542,Jean Jaurès,290.0,31;H1
Z8CT6,Cenon,BOUCLE,18,0.077251,0.059632,44.854952,-0.5360485,5130,Cenon Gare,157.3,A;E
Z8CT6,Cenon,BOUCLE,18,0.077251,0.059632,44.854952,-0.5360485,5131,Cenon Gare,169.5,A;E
Z8CT6,Cenon,BOUCLE,18,0.077251,0.059632,44.854952,-0.5360485,8543,Cenon Gare (Guesde),123.0,25;27;31;H2
Z8CT6,Cenon,BOUCLE,18,0.077251,0.059632,44.854952,-0.5360485,9821,Cenon Gare (Guesde),123.0,31;H2
Z8CT6,Cenon,BOUCLE,18,0.077251,0.059632,44.854952,-0.5360485,6854,Cenon Gare (Tram A),238.3,25;27;H1
Z8CT6,Cenon,BOUCLE,18,0.077251,0.059632,44.854952,-0.5360485,9749,Cenon Gare (Tram A),266.0,27;31;H2
Z8CT6,Cenon,BOUCLE,18,0.077251,0.059632,44.854952,-0.5360485,9813,Cenon Gare (Tram A),233.0,H1;H2;N7
Z8CT6,Cenon,BOUCLE,18,0.077251,0.059632,44.854952,-0.5360485,3702,Jean Jaurès,192.6,A;E
Z8CT6,Cenon,BOUCLE,18,0.077251,0.059632,44.854952,-0.5360485,3703,Jean Jaurès,185.7,A;E
Z8CT6,Cenon,BOUCLE,18,0.077251,0.059632,44.854952,-0.5360485,8541,Jean Jaurès,198.3,31;H2
Z8CT6,Cenon,BOUCLE,18,0.077251,0.059632,44.854952,-0.5360485,8542,Jean Jaurès,175.4,31;H1
Z8CT6,Cenon,BOUCLE,18,0.077251,0.059632,44.854952,-0.5360485,2997,Maréchal Foch,179.6,27
Z8CT9,Cenon,BOUCLE,36,0.062290,0.081692,44.8536719,-0.5378068,8543,Cenon Gare (Guesde),285.7,25;27;31;H2
Z8CT9,Cenon,BOUCLE,36,0.062290,0.081692,44.8536719,-0.5378068,9821,Cenon Gare (Guesde),285.7,31;H2
Z8CT9,Cenon,BOUCLE,36,0.062290,0.081692,44.8536719,-0.5378068,3702,Jean Jaurès,13.4,A;E
Z8CT9,Cenon,BOUCLE,36,0.062290,0.081692,44.8536719,-0.5378068,3703,Jean Jaurès,13.7,A;E
Z8CT9,Cenon,BOUCLE,36,0.062290,0.081692,44.8536719,-0.5378068,8541,Jean Jaurès,0.6,31;H2
Z8CT9,Cenon,BOUCLE,36,0.062290,0.081692,44.8536719,-0.5378068,8542,Jean Jaurès,28.8,31;H1
Z8CT8,Cenon,BOUCLE,,,,44.858624,-0.5301829,3698,Carnot - Mairie de Cenon,146.6,A;E
Z8CT8,Cenon,BOUCLE,,,,44.858624,-0.5301829,3699,Carnot - Mairie de Cenon,140.7,A;E
Z8CT8,Cenon,BOUCLE,,,,44.858624,-0.5301829,5799,Cenon Gare,298.8,27
Z8CT8,Cenon,BOUCLE,,,,44.858624,-0.5301829,3626,Jean Jaurès,210.6,60
Z8CT8,Cenon,BOUCLE,,,,44.858624,-0.5301829,3627,Jean Jaurès,209.0,60
Z8CT10,Cenon,BOUCLE,15,0.073584,0.082679,44.8519235,-0.538022,3702,Jean Jaurès,207.6,A;E
Z8CT10,Cenon,BOUCLE,15,0.073584,0.082679,44.8519235,-0.538022,3703,Jean Jaurès,207.9,A;E
Z8CT10,Cenon,BOUCLE,15,0.073584,0.082679,44.8519235,-0.538022,8541,Jean Jaurès,195.1,31;H2
Z8CT10,Cenon,BOUCLE,15,0.073584,0.082679,44.8519235,-0.538022,8542,Jean Jaurès,223.8,31;H1
Z8CT11,Cenon,BOUCLE,0,,,44.8510566,-0.5379822,8541,Jean Jaurès,291.1,31;H2
Z25CT14,Bruges,BOUCLE,26,0.085991,0.080321,44.8733679,-0.5767226,3125,Claudeville,137.6,33;35
Z25CT14,Bruges,BOUCLE,26,0.085991,0.080321,44.8733679,-0.5767226,3277,Claudeville,76.9,33;35
Z25CT14,Bruges,BOUCLE,26,0.085991,0.080321,44.8733679,-0.5767226,7343,Cracovie,263.6,C;E
Z25CT14,Bruges,BOUCLE,26,0.085991,0.080321,44.8733679,-0.5767226,7344,Cracovie,273.3,C;E
Z25CT14,Bruges,BOUCLE,26,0.085991,0.080321,44.8733679,-0.5767226,9259,Cracovie,111.2,53
Z25CT14,Bruges,BOUCLE,26,0.085991,0.080321,44.8733679,-0.5767226,3006,Les Aubiers,205.3,7;N1
Z25CT14,Bruges,BOUCLE,26,0.085991,0.080321,44.8733679,-0.5767226,378,Les Aubiers,113.4,7
Z25CT14,Bruges,BOUCLE,26,0.085991,0.080321,44.8733679,-0.5767226,5414,Les Aubiers,210.3,C
Z25CT14,Bruges,BOUCLE,26,0.085991,0.080321,44.8733679,-0.5767226,5415,Les Aubiers,201.7,C;E
Z25CT14,Bruges,BOUCLE,26,0.085991,0.080321,44.8733679,-0.5767226,6683,Les Aubiers,12.0,33;35
Z25CT14,Bruges,BOUCLE,26,0.085991,0.080321,44.8733679,-0.5767226,6684,Les Aubiers,45.2,33;35
Z25CT11,Bruges,BOUCLE,26,0.092563,0.092126,44.8747258,-0.5767856,8062,Bordeaux Plage,297.9,15
Z25CT11,Bruges,BOUCLE,26,0.092563,0.092126,44.8747258,-0.5767856,3125,Claudeville,151.2,33;35
Z25CT11,Bruges,BOUCLE,26,0.092563,0.092126,44.8747258,-0.5767856,3277,Claudeville,103.6,33;35
Z25CT11,Bruges,BOUCLE,26,0.092563,0.092126,44.8747258,-0.5767856,9259,Cracovie,262.2,53
Z25CT11,Bruges,BOUCLE,26,0.092563,0.092126,44.8747258,-0.5767856,3006,Les Aubiers,203.0,7;N1
Z25CT11,Bruges,BOUCLE,26,0.092563,0.092126,44.8747258,-0.5767856,378,Les Aubiers,125.1,7
Z25CT11,Bruges,BOUCLE,26,0.092563,0.092126,44.8747258,-0.5767856,5414,Les Aubiers,219.4,C
Z25CT11,Bruges,BOUCLE,26,0.092563,0.092126,44.8747258,-0.5767856,5415,Les Aubiers,209.1,C;E
Z25CT11,Bruges,BOUCLE,26,0.092563,0.092126,44.8747258,-0.5767856,6683,Les Aubiers,163.1,33;35
Z25CT11,Bruges,BOUCLE,26,0.092563,0.092126,44.8747258,-0.5767856,6684,Les Aubiers,186.3,33;35
Z25CT11,Bruges,BOUCLE,26,0.092563,0.092126,44.8747258,-0.5767856,2635,URSSAF,235.2,33;35
Z25CT11,Bruges,BOUCLE,26,0.092563,0.092126,44.8747258,-0.5767856,3124,URSSAF,222.8,33;35
Z25CT8,Bordeaux,BOUCLE,,,,44.8833449,-0.5714202,3980,Dassault,66.5,15
Z25CT8,Bordeaux,BOUCLE,,,,44.8833449,-0.5714202,3981,Dassault,63.9,15
Z25CT8,Bordeaux,BOUCLE,,,,44.8833449,-0.5714202,7323,Quarante Journaux,79.9,C
Z25CT8,Bordeaux,BOUCLE,,,,44.8833449,-0.5714202,7324,Quarante Journaux,90.4,C
Z25CT8,Bordeaux,BOUCLE,,,,44.8833449,-0.5714202,1247,Quarante Journaux (côté Ginko),66.9,15;32
Z25CT8,Bordeaux,BOUCLE,,,,44.8833449,-0.5714202,574,Quarante Journaux (côté Parc Entreprises),84.0,15;32
Z25CT5,Bordeaux,BOUCLE,10,0.161037,0.087001,44.8903701,-0.5619807,4700,Richaud,137.6,32
Z25CT5,Bordeaux,BOUCLE,10,0.161037,0.087001,44.8903701,-0.5619807,4800,Richaud,190.9,32
Z25CT5,Bordeaux,BOUCLE,10,0.161037,0.087001,44.8903701,-0.5619807,5743,Rond Point Marie Fel,235.1,32;75
Z25CT5,Bordeaux,BOUCLE,10,0.161037,0.087001,44.8903701,-0.5619807,5744,Rond Point Marie Fel,222.7,32;75
Z25CT5,Bordeaux,BOUCLE,10,0.161037,0.087001,44.8903701,-0.5619807,3652,Vergne-Bricaud,126.9,75
Z25CT5,Bordeaux,BOUCLE,10,0.161037,0.087001,44.8903701,-0.5619807,3653,Vergne-Bricaud,88.4,75
Z16CT1,Pessac,BOUCLE,0,0.092538,0.083060,44.8124608,-0.6152683,1358,Mozart,132.0,4
Z16CT1,Pessac,BOUCLE,0,0.092538,0.083060,44.8124608,-0.6152683,309,Mozart,73.1,4
Z16CT1,Pessac,BOUCLE,0,0.092538,0.083060,44.8124608,-0.6152683,2791,Parc Haut Brion,120.1,4
Z16CT1,Pessac,BOUCLE,0,0.092538,0.083060,44.8124608,-0.6152683,5070,Parc Haut Brion,233.1,4
Z16CT7,Pessac,BOUCLE,18,0.067552,0.089681,44.8081266,-0.6253713,2761,Avenue Jean Jaurès,237.0,4
Z16CT7,Pessac,BOUCLE,18,0.067552,0.089681,44.8081266,-0.6253713,2789,Avenue Jean Jaurès,176.4,4
Z16CT7,Pessac,BOUCLE,18,0.067552,0.089681,44.8081266,-0.6253713,2738,Cimetière,299.9,24;S39
Z16CT7,Pessac,BOUCLE,18,0.067552,0.089681,44.8081266,-0.6253713,2756,Cimetière,297.4,24;S39
Z16CT7,Pessac,BOUCLE,18,0.067552,0.089681,44.8081266,-0.6253713,1309,Jaubert,119.7,4
Z16CT7,Pessac,BOUCLE,18,0.067552,0.089681,44.8081266,-0.6253713,2762,Jaubert,145.7,4
Z16CT7,Pessac,BOUCLE,18,0.067552,0.089681,44.8081266,-0.6253713,353,Le Poujeau,292.7,24
Z16CT3,Pessac,BOUCLE,30,0.063585,0.082963,44.8068402,-0.6282953,3143,Cardinal,229.4,35;77;87
Z16CT3,Pessac,BOUCLE,30,0.063585,0.082963,44.8068402,-0.6282953,8961,Cardinal,253.1,35;77;87
Z16CT3,Pessac,BOUCLE,30,0.063585,0.082963,44.8068402,-0.6282953,1309,Jaubert,151.9,4
Z16CT3,Pessac,BOUCLE,30,0.063585,0.082963,44.8068402,-0.6282953,2762,Jaubert,125.7,4
Z16CT3,Pessac,BOUCLE,30,0.063585,0.082963,44.8068402,-0.6282953,1150,Le Poujeau,259.9,24
Z16CT3,Pessac,BOUCLE,30,0.063585,0.082963,44.8068402,-0.6282953,353,Le Poujeau,231.4,24
Z16CT3,Pessac,BOUCLE,30,0.063585,0.082963,44.8068402,-0.6282953,2763,Pessac Centre,291.6,35;4;77;87
Z16CT3,Pessac,BOUCLE,30,0.063585,0.082963,44.8068402,-0.6282953,2788,Pessac Centre,199.7,35;4
Z16CT3,Pessac,BOUCLE,30,0.063585,0.082963,44.8068402,-0.6282953,425,Rosa Bonheur,106.5,24;30
Z16CT5,Pessac,BOUCLE,32,0.080964,0.093768,44.8026125,-0.6420863,2816,La Forge (Cité Le Corbusier),271.9,34;74
Z16CT5,Pessac,BOUCLE,32,0.080964,0.093768,44.8026125,-0.6420863,2825,La Forge (Cité Le Corbusier),279.0,34;74
Z16CT5,Pessac,BOUCLE,32,0.080964,0.093768,44.8026125,-0.6420863,1040,Ronsard,21.3,24;4;74;78
Z16CT5,Pessac,BOUCLE,32,0.080964,0.093768,44.8026125,-0.6420863,1339,Ronsard,63.1,24;4;74;78
Z16CT5,Pessac,BOUCLE,32,0.080964,0.093768,44.8026125,-0.6420863,5291,Sainte-Marie,274.0,24;34;78
Z16CT5,Pessac,BOUCLE,32,0.080964,0.093768,44.8026125,-0.6420863,5292,Sainte-Marie,281.7,24;34;78
Z16CT5,Pessac,BOUCLE,32,0.080964,0.093768,44.8026125,-0.6420863,5524,Stade Nautique,143.6,24;4;55;74;78
Z16CT5,Pessac,BOUCLE,32,0.080964,0.093768,44.8026125,-0.6420863,5525,Stade Nautique,134.5,24;4;55;74;78
Z16CT13,Pessac,BOUCLE,14,0.085362,0.092178,44.8079654,-0.6323673,1150,Le Poujeau,288.6,24
Z16CT13,Pessac,BOUCLE,14,0.085362,0.092178,44.8079654,-0.6323673,353,Le Poujeau,289.3,24
Z16CT13,Pessac,BOUCLE,14,0.085362,0.092178,44.8079654,-0.6323673,1064,Nancel Pénard,181.7,30
Z16CT13,Pessac,BOUCLE,14,0.085362,0.092178,44.8079654,-0.6323673,1569,Nancel Pénard,207.6,35;74;77;78
Z16CT13,Pessac,BOUCLE,14,0.085362,0.092178,44.8079654,-0.6323673,3252,Nancel Pénard,63.7,24;30;35;74;77;78
Z16CT13,Pessac,BOUCLE,14,0.085362,0.092178,44.8079654,-0.6323673,2763,Pessac Centre,219.8,35;4;77;87
Z16CT13,Pessac,BOUCLE,14,0.085362,0.092178,44.8079654,-0.6323673,2788,Pessac Centre,238.9,35;4
Z16CT13,Pessac,BOUCLE,14,0.085362,0.092178,44.8079654,-0.6323673,5285,Pessac Centre (Trendel),228.2,24;30;35;55;74;77;78
Z16CT13,Pessac,BOUCLE,14,0.085362,0.092178,44.8079654,-0.6323673,5286,Pessac Centre (Trendel),233.7,74;78
Z16CT13,Pessac,BOUCLE,14,0.085362,0.092178,44.8079654,-0.6323673,425,Rosa Bonheur,251.2,24;30
Z10CT1,Bordeaux,BOUCLE,0,0.065227,0.065457,44.8295103,-0.5956811,13223,Campeyraut,195.6,20
Z10CT1,Bordeaux,BOUCLE,0,0.065227,0.065457,44.8295103,-0.5956811,1749,Stade Chaban Delmas,242.9,80;9;H2
Z10CT1,Bordeaux,BOUCLE,0,0.065227,0.065457,44.8295103,-0.5956811,4585,Stade Chaban Delmas,291.2,A;F
Z10CT1,Bordeaux,BOUCLE,0,0.065227,0.065457,44.8295103,-0.5956811,1804,Xaintrailles,299.9,20;9;H2
Z10CT1,Bordeaux,BOUCLE,0,0.065227,0.065457,44.8295103,-0.5956811,620,Xaintrailles,280.3,24
Z10CT1,Bordeaux,BOUCLE,0,0.065227,0.065457,44.8295103,-0.5956811,647,Xaintrailles,217.9,20;80;9;H1
Z10CT7,Talence,BOUCLE,33,0.082983,0.078125,44.8244206,-0.5909672,1077,14 Juillet,275.0,4
Z10CT7,Talence,BOUCLE,33,0.082983,0.078125,44.8244206,-0.5909672,775,14 Juillet,287.1,4
Z10CT7,Talence,BOUCLE,33,0.082983,0.078125,44.8244206,-0.5909672,2740,Barrière de Pessac,260.2,20;4
Z10CT7,Talence,BOUCLE,33,0.082983,0.078125,44.8244206,-0.5909672,2752,Barrière de Pessac,246.8,20;4
Z10CT7,Talence,BOUCLE,33,0.082983,0.078125,44.8244206,-0.5909672,1757,Barrière de Pessac (Boulevards),182.2,20;9;H1;N4
Z10CT7,Talence,BOUCLE,33,0.082983,0.078125,44.8244206,-0.5909672,9820,Barrière de Pessac (Boulevards),164.2,9;H2
Z10CT7,Talence,BOUCLE,33,0.082983,0.078125,44.8244206,-0.5909672,1266,Jeanne d'Arc,128.8,4
Z10CT7,Talence,BOUCLE,33,0.082983,0.078125,44.8244206,-0.5909672,2830,Jeanne d'Arc,101.0,4
Z10CT17,Talence,BOUCLE,17,0.089617,0.090047,44.8151757,-0.6005876,9805,Gare de Talence Médoquine,196.5,73;8;80
Z10CT17,Talence,BOUCLE,17,0.089617,0.090047,44.8151757,-0.6005876,9806,Gare de Talence Médoquine,191.2,73;8;80
Z10CT17,Talence,BOUCLE,17,0.089617,0.090047,44.8151757,-0.6005876,1361,Place Mozart,76.7,73;8;80
Z10CT17,Talence,BOUCLE,17,0.089617,0.090047,44.8151757,-0.6005876,2432,Place Mozart,72.9,73;8;80
Z10CT6,Bordeaux,BOUCLE,0,0.089950,0.076870,44.8272679,-0.5864661,316,Alphonse Dupeux,223.6,24
Z10CT6,Bordeaux,BOUCLE,0,0.089950,0.076870,44.8272679,-0.5864661,2740,Barrière de Pessac,216.7,20;4
Z10CT6,Bordeaux,BOUCLE,0,0.089950,0.076870,44.8272679,-0.5864661,2752,Barrière de Pessac,229.6,20;4
Z10CT6,Bordeaux,BOUCLE,0,0.089950,0.076870,44.8272679,-0.5864661,2751,Caserne Boudet,3.9,20;4
Z10CT6,Bordeaux,BOUCLE,0,0.089950,0.076870,44.8272679,-0.5864661,3568,Caserne Boudet,104.7,20;4
Z10CT24,Bordeaux,BOUCLE,0,,,44.8279048,-0.586062,2121,Alphonse Dupeux,288.2,4
Z10CT24,Bordeaux,BOUCLE,0,,,44.8279048,-0.586062,316,Alphonse Dupeux,167.7,24
Z10CT24,Bordeaux,BOUCLE,0,,,44.8279048,-0.586062,2740,Barrière de Pessac,291.1,20;4
Z10CT24,Bordeaux,BOUCLE,0,,,44.8279048,-0.586062,2751,Caserne Boudet,74.3,20;4
Z10CT24,Bordeaux,BOUCLE,0,,,44.8279048,-0.586062,3568,Caserne Boudet,33.2,20;4
Z10CT24,Bordeaux,BOUCLE,0,,,44.8279048,-0.586062,1080,Landiras,263.3,20;24
Z10CT22,Bordeaux,BOUCLE,,,,44.8296951,-0.5867506,2121,Alphonse Dupeux,81.8,4
Z10CT22,Bordeaux,BOUCLE,,,,44.8296951,-0.5867506,316,Alphonse Dupeux,57.2,24
Z10CT22,Bordeaux,BOUCLE,,,,44.8296951,-0.5867506,3207,Alphonse Dupeux,167.5,24
Z10CT22,Bordeaux,BOUCLE,,,,44.8296951,-0.5867506,2751,Caserne Boudet,268.8,20;4
Z10CT22,Bordeaux,BOUCLE,,,,44.8296951,-0.5867506,3568,Caserne Boudet,173.1,20;4
Z10CT22,Bordeaux,BOUCLE,,,,44.8296951,-0.5867506,1080,Landiras,157.9,20;24
Z10CT22,Bordeaux,BOUCLE,,,,44.8296951,-0.5867506,199,Livran,250.5,24
Z10CT5,Bordeaux,BOUCLE,,,,44.8309749,-0.5872776,2121,Alphonse Dupeux,66.5,4
Z10CT5,Bordeaux,BOUCLE,,,,44.8309749,-0.5872776,316,Alphonse Dupeux,194.4,24
Z10CT5,Bordeaux,BOUCLE,,,,44.8309749,-0.5872776,3207,Alphonse Dupeux,104.2,24
Z10CT5,Bordeaux,BOUCLE,,,,44.8309749,-0.5872776,1080,Landiras,215.5,20;24
Z10CT5,Bordeaux,BOUCLE,,,,44.8309749,-0.5872776,199,Livran,249.8,24
Z10CT11,Bordeaux,BOUCLE,0,0.092005,0.086612,44.8304541,-0.5886214,2121,Alphonse Dupeux,126.5,4
Z10CT11,Bordeaux,BOUCLE,0,0.092005,0.086612,44.8304541,-0.5886214,316,Alphonse Dupeux,182.8,24
Z10CT11,Bordeaux,BOUCLE,0,0.092005,0.086612,44.8304541,-0.5886214,3207,Alphonse Dupeux,17.9,24
Z10CT11,Bordeaux,BOUCLE,0,0.092005,0.086612,44.8304541,-0.5886214,199,Livran,129.8,24
Z06AS,Bordeaux,SIREDO,,,,44.83862,-0.6229248,146,Mac Carthy,106.4,1;73
Z06AS,Bordeaux,SIREDO,,,,44.83862,-0.6229248,601,Mac Carthy,111.9,1;73
Z06AS,Bordeaux,SIREDO,,,,44.83862,-0.6229248,1253,Monrabeau,103.0,1;73
Z06AS,Bordeaux,SIREDO,,,,44.83862,-0.6229248,90,Monrabeau,154.8,1;73
Z06AE,Mérignac,SIREDO,,,,44.8385785,-0.6229289,146,Mac Carthy,106.6,1;73
Z06AE,Mérignac,SIREDO,,,,44.8385785,-0.6229289,601,Mac Carthy,111.9,1;73
Z06AE,Mérignac,SIREDO,,,,44.8385785,-0.6229289,1253,Monrabeau,102.9,1;73
Z06AE,Mérignac,SIREDO,,,,44.8385785,-0.6229289,90,Monrabeau,154.9,1;73
Z12AS,Bègles,SIREDO,,0.042870,0.093950,44.8099092,-0.5626524,5874,Ecole La Ferrade,235.0,S4
Z12AS,Bègles,SIREDO,,0.042870,0.093950,44.8099092,-0.5626524,3183,Fellonneau,200.5,15
Z12AS,Bègles,SIREDO,,0.042870,0.093950,44.8099092,-0.5626524,721,Fellonneau,217.5,15
Z12AS,Bègles,SIREDO,,0.042870,0.093950,44.8099092,-0.5626524,1147,Nouzarède,69.1,15
Z12AS,Bègles,SIREDO,,0.042870,0.093950,44.8099092,-0.5626524,754,Nouzarède,19.6,15
Z12AS,Bègles,SIREDO,,0.042870,0.093950,44.8099092,-0.5626524,5875,Victor Hugo,184.5,S4
Z30AE,Mérignac,SIREDO,,,,44.8326318,-0.6623322,5622,ZI Chemin Long,263.7,34
Z30AE,Mérignac,SIREDO,,,,44.8326318,-0.6623322,5623,ZI Chemin Long,281.7,34
Z30AS,Mérignac,SIREDO,,,,44.8324481,-0.6610523,13156,Mérignac Soleil (Porte 4),297.6,20;34
Z30AS,Mérignac,SIREDO,,,,44.8324481,-0.6610523,1747,Mérignac Soleil (Porte 4),290.9,20;33;34
Z30AS,Mérignac,SIREDO,,,,44.8324481,-0.6610523,9770,Mérignac Soleil (Porte 4),297.6,33
Z30AS,Mérignac,SIREDO,,,,44.8324481,-0.6610523,5622,ZI Chemin Long,272.1,34
Z30CS,Mérignac,SIREDO,,,,44.828074,-0.6701619,1702,Château Rouquey,138.4,20;33
Z30CS,Mérignac,SIREDO,,,,44.828074,-0.6701619,32,Château Rouquey,33.5,20;33
Z30CS,Mérignac,SIREDO,,,,44.828074,-0.6701619,1781,Ecole Arnaud Lafon,205.6,20;33
Z30CS,Mérignac,SIREDO,,,,44.828074,-0.6701619,1795,Ecole Arnaud Lafon,253.8,20;33;S34
Z30DNS,Mérignac,SIREDO,,,,44.8283244,-0.6388064,9521,Chappé,185.4,S33
Z30DNS,Mérignac,SIREDO,,,,44.8283244,-0.6388064,9522,Chappé,179.6,S33
Z30DNS,Mérignac,SIREDO,,,,44.8283244,-0.6388064,15027,Mendes France,203.8,Bus F
Z30DNS,Mérignac,SIREDO,,,,44.8283244,-0.6388064,15028,Mendes France,244.0,Bus F
Z30DNS,Mérignac,SIREDO,,,,44.8283244,-0.6388064,4475,Parc de Luchey,227.7,35
Z30DNS,Mérignac,SIREDO,,,,44.8283244,-0.6388064,1027,Pierre Mendès France,187.7,35
Z30DNS,Mérignac,SIREDO,,,,44.8283244,-0.6388064,5236,Pierre Mendès France,221.7,A;F
Z30DNS,Mérignac,SIREDO,,,,44.8283244,-0.6388064,5237,Pierre Mendès France,218.0,A;F
Z30DNS,Mérignac,SIREDO,,,,44.8283244,-0.6388064,865,Pierre Mendès France,187.3,35
Z30ESN,Mérignac,SIREDO,,,,44.818024,-0.6486507,5304,Stade Cruchon,85.9,34
Z30ESN,Mérignac,SIREDO,,,,44.818024,-0.6486507,5305,Stade Cruchon,132.5,34
Z07BE,Mérignac,SIREDO,,0.085308,0.083121,44.8482381,-0.66027,918,Avenue du Chut,252.4,30;34
Z07BE,Mérignac,SIREDO,,0.085308,0.083121,44.8482381,-0.66027,6435,Tassigny,91.3,34
Z07BE,Mérignac,SIREDO,,0.085308,0.083121,44.8482381,-0.66027,6436,Tassigny,139.9,34
Z07BS,Mérignac,SIREDO,,0.065355,0.083069,44.8482655,-0.6602583,918,Avenue du Chut,252.6,30;34
Z07BS,Mérignac,SIREDO,,0.065355,0.083069,44.8482655,-0.6602583,6435,Tassigny,91.9,34
Z07BS,Mérignac,SIREDO,,0.065355,0.083069,44.8482655,-0.6602583,6436,Tassigny,140.8,34
Z19AE,Bègles,SIREDO,,0.067350,0.068977,44.8018269,-0.57093,227,Farvarque,259.8,5
Z19AE,Bègles,SIREDO,,0.067350,0.068977,44.8018269,-0.57093,2716,Farvarque,205.1,5
Z19AE,Bègles,SIREDO,,0.067350,0.068977,44.8018269,-0.57093,1647,Hôpital Robert Picqué,231.0,5
Z19AE,Bègles,SIREDO,,0.067350,0.068977,44.8018269,-0.57093,2691,Hôpital Robert Picqué,211.5,5
Z19AE,Bègles,SIREDO,,0.067350,0.068977,44.8018269,-0.57093,692,Jouhaux,38.3,5
Z19AE,Bègles,SIREDO,,0.067350,0.068977,44.8018269,-0.57093,881,Jouhaux,24.3,5
Z19AS,Villenave-d'Ornon,SIREDO,,0.052457,0.079046,44.8018224,-0.5709667,227,Farvarque,259.3,5
Z19AS,Villenave-d'Ornon,SIREDO,,0.052457,0.079046,44.8018224,-0.5709667,2716,Farvarque,204.7,5
Z19AS,Villenave-d'Ornon,SIREDO,,0.052457,0.079046,44.8018224,-0.5709667,1647,Hôpital Robert Picqué,231.6,5
Z19AS,Villenave-d'Ornon,SIREDO,,0.052457,0.079046,44.8018224,-0.5709667,2691,Hôpital Robert Picqué,211.9,5
Z19AS,Villenave-d'Ornon,SIREDO,,0.052457,0.079046,44.8018224,-0.5709667,692,Jouhaux,38.9,5
Z19AS,Villenave-d'Ornon,SIREDO,,0.052457,0.079046,44.8018224,-0.5709667,881,Jouhaux,24.1,5
Z19BE,Bègles,SIREDO,,0.061656,0.069003,44.78612,-0.5663888,5683,Lycée Vaclav Havel,163.5,23
Z19BE,Bègles,SIREDO,,0.061656,0.069003,44.78612,-0.5663888,5684,Lycée Vaclav Havel,171.9,23
Z19BE,Bègles,SIREDO,,0.061656,0.069003,44.78612,-0.5663888,7401,Lycée Vaclav Havel,51.3,C
Z19BE,Bègles,SIREDO,,0.061656,0.069003,44.78612,-0.5663888,7402,Lycée Vaclav Havel,57.9,C
Z19BE,Bègles,SIREDO,,0.061656,0.069003,44.78612,-0.5663888,6661,Lycée Václav Havel,184.5,89
Z19BE,Bègles,SIREDO,,0.061656,0.069003,44.78612,-0.5663888,5735,Lycée Václav Havel (Tram C),53.9,5;85
Z19BE,Bègles,SIREDO,,0.061656,0.069003,44.78612,-0.5663888,974,Lycée Václav Havel (Tram C),119.4,5;85
Z19BE,Bègles,SIREDO,,0.061656,0.069003,44.78612,-0.5663888,2693,Mallet,145.5,5;85;89
Z19BE,Bègles,SIREDO,,0.061656,0.069003,44.78612,-0.5663888,2713,Mallet,97.4,5;85;89
Z19BE,Bègles,SIREDO,,0.061656,0.069003,44.78612,-0.5663888,2712,Villenave Centre (Pont de la Maye),271.7,5;85;89
Z19BS,Villenave-d'Ornon,SIREDO,,0.054727,0.069527,44.7861174,-0.5664326,5683,Lycée Vaclav Havel,162.2,23
Z19BS,Villenave-d'Ornon,SIREDO,,0.054727,0.069527,44.7861174,-0.5664326,5684,Lycée Vaclav Havel,170.1,23
Z19BS,Villenave-d'Ornon,SIREDO,,0.054727,0.069527,44.7861174,-0.5664326,7401,Lycée Vaclav Havel,52.4,C
Z19BS,Villenave-d'Ornon,SIREDO,,0.054727,0.069527,44.7861174,-0.5664326,7402,Lycée Vaclav Havel,59.0,C
Z19BS,Villenave-d'Ornon,SIREDO,,0.054727,0.069527,44.7861174,-0.5664326,6661,Lycée Václav Havel,188.0,89
Z19BS,Villenave-d'Ornon,SIREDO,,0.054727,0.069527,44.7861174,-0.5664326,5735,Lycée Václav Havel (Tram C),54.0,5;85
Z19BS,Villenave-d'Ornon,SIREDO,,0.054727,0.069527,44.7861174,-0.5664326,974,Lycée Václav Havel (Tram C),119.3,5;85
Z19BS,Villenave-d'Ornon,SIREDO,,0.054727,0.069527,44.7861174,-0.5664326,2693,Mallet,145.3,5;85;89
Z19BS,Villenave-d'Ornon,SIREDO,,0.054727,0.069527,44.7861174,-0.5664326,2713,Mallet,97.6,5;85;89
Z19BS,Villenave-d'Ornon,SIREDO,,0.054727,0.069527,44.7861174,-0.5664326,2712,Villenave Centre (Pont de la Maye),271.7,5;85;89
Z19DE,Villenave-d'Ornon,SIREDO,,,,44.7986736,-0.577359,2617,L'Orée du Bois,276.6,35
Z19DE,Villenave-d'Ornon,SIREDO,,,,44.7986736,-0.577359,3022,L'Orée du Bois,273.8,35;5
Z19DE,Villenave-d'Ornon,SIREDO,,,,44.7986736,-0.577359,1022,Pacaris,280.4,35;87
Z19DE,Villenave-d'Ornon,SIREDO,,,,44.7986736,-0.577359,1372,Pacaris,213.5,5
Z19DS,Talence,SIREDO,,,,44.7987032,-0.5774178,2617,L'Orée du Bois,280.7,35
Z19DS,Talence,SIREDO,,,,44.7987032,-0.5774178,3022,L'Orée du Bois,277.2,35;5
Z19DS,Talence,SIREDO,,,,44.7987032,-0.5774178,1022,Pacaris,278.7,35;87
Z19DS,Talence,SIREDO,,,,44.7987032,-0.5774178,1372,Pacaris,213.5,5
Z19CE,Villenave-d'Ornon,SIREDO,,,,44.787943,-0.586807,3792,Allende,87.7,23
Z19CE,Villenave-d'Ornon,SIREDO,,,,44.787943,-0.586807,3793,Allende,150.5,23
Z19CE,Villenave-d'Ornon,SIREDO,,,,44.787943,-0.586807,3794,Thouars,293.3,23
Z19CE,Villenave-d'Ornon,SIREDO,,,,44.787943,-0.586807,3882,Thouars,286.3,23
Z19CS,Villenave-d'Ornon,SIREDO,,,,44.7879374,-0.5868473,3792,Allende,87.7,23
Z19CS,Villenave-d'Ornon,SIREDO,,,,44.7879374,-0.5868473,3793,Allende,150.7,23
Z19CS,Villenave-d'Ornon,SIREDO,,,,44.7879374,-0.5868473,3794,Thouars,293.4,23
Z19CS,Villenave-d'Ornon,SIREDO,,,,44.7879374,-0.5868473,3882,Thouars,286.1,23
Z25AE,Bruges,SIREDO,,,,44.8694639,-0.5762093,6354,Boutaut,168.0,82
Z25AE,Bruges,SIREDO,,,,44.8694639,-0.5762093,835,Boutaut,137.1,82
Z25AE,Bruges,SIREDO,,,,44.8694639,-0.5762093,1962,Cracovie,6.2,33
Z25AE,Bruges,SIREDO,,,,44.8694639,-0.5762093,7343,Cracovie,173.4,C;E
Z25AE,Bruges,SIREDO,,,,44.8694639,-0.5762093,7344,Cracovie,163.3,C;E
Z25AE,Bruges,SIREDO,,,,44.8694639,-0.5762093,9110,Cracovie,45.7,33;35;53;7
Z25AE,Bruges,SIREDO,,,,44.8694639,-0.5762093,7265,Cracovie (Tram C et E),105.3,33;35;53;7
Z25AE,Bruges,SIREDO,,,,44.8694639,-0.5762093,6685,Place Ravezies,275.8,27;53;7;82
Z25AE,Bruges,SIREDO,,,,44.8694639,-0.5762093,6943,Place Ravezies,161.7,27
Z25AE,Bruges,SIREDO,,,,44.8694639,-0.5762093,6832,Place Ravezies (côté Parc Relais),257.4,27;53;7;82
Z25AE,Bruges,SIREDO,,,,44.8694639,-0.5762093,5412,Place Ravezies - le Bouscat,261.9,C;E
Z25AE,Bruges,SIREDO,,,,44.8694639,-0.5762093,5413,Place Ravezies - le Bouscat,267.7,C;E
Z25AS,Bordeaux,SIREDO,,,,44.8694648,-0.5759597,6354,Boutaut,172.5,82
Z25AS,Bordeaux,SIREDO,,,,44.8694648,-0.5759597,835,Boutaut,151.5,82
Z25AS,Bordeaux,SIREDO,,,,44.8694648,-0.5759597,1962,Cracovie,22.1,33
Z25AS,Bordeaux,SIREDO,,,,44.8694648,-0.5759597,7343,Cracovie,174.6,C;E
Z25AS,Bordeaux,SIREDO,,,,44.8694648,-0.5759597,7344,Cracovie,164.9,C;E
Z25AS,Bordeaux,SIREDO,,,,44.8694648,-0.5759597,9110,Cracovie,41.9,33;35;53;7
Z25AS,Bordeaux,SIREDO,,,,44.8694648,-0.5759597,7265,Cracovie (Tram C et E),108.8,33;35;53;7
Z25AS,Bordeaux,SIREDO,,,,44.8694648,-0.5759597,6685,Place Ravezies,273.6,27;53;7;82
Z25AS,Bordeaux,SIREDO,,,,44.8694648,-0.5759597,6943,Place Ravezies,158.6,27
Z25AS,Bordeaux,SIREDO,,,,44.8694648,-0.5759597,6832,Place Ravezies (côté Parc Relais),256.8,27;53;7;82
Z25AS,Bordeaux,SIREDO,,,,44.8694648,-0.5759597,5412,Place Ravezies - le Bouscat,260.4,C;E
Z25AS,Bordeaux,SIREDO,,,,44.8694648,-0.5759597,5413,Place Ravezies - le Bouscat,266.4,C;E
Z05CS,Bordeaux,SIREDO,,,,44.8310564,-0.5552862,9249,MECA,294.6,1;Arena
Z05CS,Bordeaux,SIREDO,,,,44.8310564,-0.5552862,9717,MECA (Paludate),292.7,1;Arena;G
Z05CS,Bordeaux,SIREDO,,,,44.8310564,-0.5552862,9268,MECA (Terres de Borde),276.8,31
Z05CS,Bordeaux,SIREDO,,,,44.8310564,-0.5552862,9269,MECA (Terres de Borde),275.8,31
Z05CE,Bordeaux,SIREDO,,,,44.8310991,-0.5553676,9717,MECA (Paludate),299.9,1;Arena;G
Z05CE,Bordeaux,SIREDO,,,,44.8310991,-0.5553676,9268,MECA (Terres de Borde),283.0,31
Z05CE,Bordeaux,SIREDO,,,,44.8310991,-0.5553676,9269,MECA (Terres de Borde),282.0,31
Z17BE,Talence,SIREDO,,,,44.7974534,-0.6011167,451,CREPS,263.3,31;34
Z17BE,Talence,SIREDO,,,,44.7974534,-0.6011167,562,CREPS,258.1,31;34
Z17BE,Talence,SIREDO,,,,44.7974534,-0.6011167,475,Ecole de Management,155.9,31;34;80
Z17BE,Talence,SIREDO,,,,44.7974534,-0.6011167,841,Ecole de Management,143.2,31;34
Z17BE,Talence,SIREDO,,,,44.7974534,-0.6011167,9228,Ecole de Management,151.1,80
Z17ES,Talence,SIREDO,,0.075875,0.089494,44.8132352,-0.5865979,6505,Les Harmonies,294.0,23;31;73;S47;TBNight
Z23AS,Eysines,SIREDO,,,,44.8782685,-0.6446846,7933,19 Mars 1962,149.1,38
Z23AS,Eysines,SIREDO,,,,44.8782685,-0.6446846,7934,19 Mars 1962,244.1,2;38
Z23AS,Eysines,SIREDO,,,,44.8782685,-0.6446846,7932,Biblanque,171.5,38
Z23AS,Eysines,SIREDO,,,,44.8782685,-0.6446846,8111,Biblanque,214.4,38
Z23BS,Bruges,SIREDO,,,,44.8875495,-0.6101782,7715,Gare de Bruges,33.2,E
Z23BS,Bruges,SIREDO,,,,44.8875495,-0.6101782,7716,Gare de Bruges,39.3,E
Z23BS,Bruges,SIREDO,,,,44.8875495,-0.6101782,9837,Gare de Bruges,99.1,70;72
Z23BS,Bruges,SIREDO,,,,44.8875495,-0.6101782,716,Gare de Bruges (rue Louis Fleurenceau),286.0,35;72
Z23BS,Bruges,SIREDO,,,,44.8875495,-0.6101782,749,Gare de Bruges (rue Louis Fleurenceau),235.1,35;72
Z23BS,Bruges,SIREDO,,,,44.8875495,-0.6101782,9838,Gare de Bruges (Terminus),35.9,72
Z23BS,Bruges,SIREDO,,,,44.8875495,-0.6101782,9836,Gare de Bruges (tram E),11.1,70
Z23BS,Bruges,SIREDO,,,,44.8875495,-0.6101782,9842,Terrefort,238.9,70
Z23BS,Bruges,SIREDO,,,,44.8875495,-0.6101782,9843,Terrefort,228.2,70;72
Z23BE,Bruges,SIREDO,,,,44.887541,-0.6102266,7715,Gare de Bruges,36.7,E
Z23BE,Bruges,SIREDO,,,,44.887541,-0.6102266,7716,Gare de Bruges,42.0,E
Z23BE,Bruges,SIREDO,,,,44.887541,-0.6102266,9837,Gare de Bruges,97.4,70;72
Z23BE,Bruges,SIREDO,,,,44.887541,-0.6102266,716,Gare de Bruges (rue Louis Fleurenceau),287.2,35;72
Z23BE,Bruges,SIREDO,,,,44.887541,-0.6102266,749,Gare de Bruges (rue Louis Fleurenceau),234.4,35;72
Z23BE,Bruges,SIREDO,,,,44.887541,-0.6102266,9838,Gare de Bruges (Terminus),35.7,72
Z23BE,Bruges,SIREDO,,,,44.887541,-0.6102266,9836,Gare de Bruges (tram E),12.9,70
Z23BE,Bruges,SIREDO,,,,44.887541,-0.6102266,9842,Terrefort,235.4,70
Z23BE,Bruges,SIREDO,,,,44.887541,-0.6102266,9843,Terrefort,224.7,70;72
Z28CT2,Saint-Médard-en-Jalles,BOUCLE,30,0.037584,0.111666,44.8890165,-0.7051607,9149,Bords de Jalles,164.9,G
Z28CT2,Saint-Médard-en-Jalles,BOUCLE,30,0.037584,0.111666,44.8890165,-0.7051607,9150,Bords de Jalles,138.6,G
Z28CT2,Saint-Médard-en-Jalles,BOUCLE,30,0.037584,0.111666,44.8890165,-0.7051607,3037,Gadret,247.3,S15;S16
Z28CT2,Saint-Médard-en-Jalles,BOUCLE,30,0.037584,0.111666,44.8890165,-0.7051607,3038,Gadret,207.0,S15;S16
Z28CT2,Saint-Médard-en-Jalles,BOUCLE,30,0.037584,0.111666,44.8890165,-0.7051607,3061,Gadret,183.2,39
Z28CT2,Saint-Médard-en-Jalles,BOUCLE,30,0.037584,0.111666,44.8890165,-0.7051607,3062,Gadret,203.4,39
Z28CT2,Saint-Médard-en-Jalles,BOUCLE,30,0.037584,0.111666,44.8890165,-0.7051607,3039,Moulin de Gajac,70.0,S15;S16
Z28CT2,Saint-Médard-en-Jalles,BOUCLE,30,0.037584,0.111666,44.8890165,-0.7051607,3040,Moulin de Gajac,125.1,S15;S16
Z28CT3,Saint-Médard-en-Jalles,BOUCLE,26,0.038886,0.089047,44.8930275,-0.7109042,9623,Collège F. Mauriac,180.6,S15;S16
Z28CT3,Saint-Médard-en-Jalles,BOUCLE,26,0.038886,0.089047,44.8930275,-0.7109042,9147,Montaigne,118.0,39;G
Z28CT3,Saint-Médard-en-Jalles,BOUCLE,26,0.038886,0.089047,44.8930275,-0.7109042,9148,Montaigne,169.4,39;G
Z28CT3,Saint-Médard-en-Jalles,BOUCLE,26,0.038886,0.089047,44.8930275,-0.7109042,3041,Route de Corbiac,170.4,S15;S16
Z28CT3,Saint-Médard-en-Jalles,BOUCLE,26,0.038886,0.089047,44.8930275,-0.7109042,3042,Route de Corbiac,164.4,S15;S16
Z28CT6,Saint-Médard-en-Jalles,BOUCLE,,,,44.8938252,-0.7121225,4215,Collège F. Mauriac,265.7,37;71;84;S15;S16
Z28CT6,Saint-Médard-en-Jalles,BOUCLE,,,,44.8938252,-0.7121225,9623,Collège F. Mauriac,235.4,S15;S16
Z28CT6,Saint-Médard-en-Jalles,BOUCLE,,,,44.8938252,-0.7121225,9147,Montaigne,248.5,39;G
Z28CT6,Saint-Médard-en-Jalles,BOUCLE,,,,44.8938252,-0.7121225,9148,Montaigne,300.0,39;G
Z28CT6,Saint-Médard-en-Jalles,BOUCLE,,,,44.8938252,-0.7121225,3042,Route de Corbiac,295.0,S15;S16
Z28CT6,Saint-Médard-en-Jalles,BOUCLE,,,,44.8938252,-0.7121225,9145,République,222.5,37;39;71;84;G
Z28CT6,Saint-Médard-en-Jalles,BOUCLE,,,,44.8938252,-0.7121225,9146,République,249.0,37;39;71;84;G
Z28CT5,Saint-Médard-en-Jalles,BOUCLE,7,,,44.8956445,-0.7236396,2032,Cimetière Balanguey,219.6,G
Z28CT5,Saint-Médard-en-Jalles,BOUCLE,7,,,44.8956445,-0.7236396,3356,Cimetière Balanguey,200.1,G
Z28CT5,Saint-Médard-en-Jalles,BOUCLE,7,,,44.8956445,-0.7236396,2848,Gare Routière (av du Gal de Gaulle),186.5,39;71
Z28CT5,Saint-Médard-en-Jalles,BOUCLE,7,,,44.8956445,-0.7236396,31,Gare Routière (av du Gal de Gaulle),176.3,39;71
Z9CT1,Bordeaux,BOUCLE,58,0.071160,0.059237,44.8356721,-0.5989345,2468,Allée des Pins,237.0,1
Z9CT1,Bordeaux,BOUCLE,58,0.071160,0.059237,44.8356721,-0.5989345,1323,Barrière d'Arès,43.1,9;H2
Z9CT1,Bordeaux,BOUCLE,58,0.071160,0.059237,44.8356721,-0.5989345,2327,Barrière d'Arès,23.2,9;H1
Z9CT1,Bordeaux,BOUCLE,58,0.071160,0.059237,44.8356721,-0.5989345,2469,Barrière d'Arès,115.3,1;51;70
Z9CT1,Bordeaux,BOUCLE,58,0.071160,0.059237,44.8356721,-0.5989345,1094,Barrière Saint-Augustin,150.3,9;H2
Z9CT1,Bordeaux,BOUCLE,58,0.071160,0.059237,44.8356721,-0.5989345,1758,Barrière Saint-Augustin,217.8,9;H1
Z9CT1,Bordeaux,BOUCLE,58,0.071160,0.059237,44.8356721,-0.5989345,9240,Barrière Saint-Augustin,269.6,55;80;Bus F
Z9CT1,Bordeaux,BOUCLE,58,0.071160,0.059237,44.8356721,-0.5989345,9241,Barrière Saint-Augustin,286.7,55;80;Bus F
Z9CT8,Bordeaux,BOUCLE,18,0.059932,0.071477,44.8343362,-0.5890553,6871,Bibliothèque,187.1,55;80
Z9CT8,Bordeaux,BOUCLE,18,0.059932,0.071477,44.8343362,-0.5890553,13111,Hôtel de Police,60.6,Bus F
Z9CT8,Bordeaux,BOUCLE,18,0.059932,0.071477,44.8343362,-0.5890553,3583,Hôtel de Police,84.9,4
Z9CT8,Bordeaux,BOUCLE,18,0.059932,0.071477,44.8343362,-0.5890553,4581,Hôtel de Police,62.6,A;F
Z9CT8,Bordeaux,BOUCLE,18,0.059932,0.071477,44.8343362,-0.5890553,4582,Hôtel de Police,68.4,A;F
Z9CT8,Bordeaux,BOUCLE,18,0.059932,0.071477,44.8343362,-0.5890553,8311,Hôtel de Police,119.3,80;Bus F
Z9CT8,Bordeaux,BOUCLE,18,0.059932,0.071477,44.8343362,-0.5890553,8821,Patinoire,209.9,82
Z9CT9,Bordeaux,BOUCLE,31,0.059947,0.077253,44.8333594,-0.5968623,1094,Barrière Saint-Augustin,192.0,9;H2
Z9CT9,Bordeaux,BOUCLE,31,0.059947,0.077253,44.8333594,-0.5968623,1758,Barrière Saint-Augustin,145.2,9;H1
Z9CT9,Bordeaux,BOUCLE,31,0.059947,0.077253,44.8333594,-0.5968623,9240,Barrière Saint-Augustin,85.5,55;80;Bus F
Z9CT9,Bordeaux,BOUCLE,31,0.059947,0.077253,44.8333594,-0.5968623,9241,Barrière Saint-Augustin,76.5,55;80;Bus F
Z9CT9,Bordeaux,BOUCLE,31,0.059947,0.077253,44.8333594,-0.5968623,15040,Gaviniès,141.0,Bus F
Z9CT9,Bordeaux,BOUCLE,31,0.059947,0.077253,44.8333594,-0.5968623,4583,Gaviniès,293.7,A;F
Z9CT9,Bordeaux,BOUCLE,31,0.059947,0.077253,44.8333594,-0.5968623,4584,Gaviniès,298.7,A;F
Z9CT9,Bordeaux,BOUCLE,31,0.059947,0.077253,44.8333594,-0.5968623,1595,Stade Chaban Delmas,187.3,20;80;9;H1
Z9CT9,Bordeaux,BOUCLE,31,0.059947,0.077253,44.8333594,-0.5968623,1749,Stade Chaban Delmas,281.0,80;9;H2
Z9CT9,Bordeaux,BOUCLE,31,0.059947,0.077253,44.8333594,-0.5968623,4585,Stade Chaban Delmas,211.6,A;F
Z9CT9,Bordeaux,BOUCLE,31,0.059947,0.077253,44.8333594,-0.5968623,4586,Stade Chaban Delmas,295.2,A;F
Z9CT3,Bordeaux,BOUCLE,0,0.068398,0.074026,44.8305887,-0.5971173,9241,Barrière Saint-Augustin,297.7,55;80;Bus F
Z9CT3,Bordeaux,BOUCLE,0,0.068398,0.074026,44.8305887,-0.5971173,13223,Campeyraut,292.9,20
Z9CT3,Bordeaux,BOUCLE,0,0.068398,0.074026,44.8305887,-0.5971173,1595,Stade Chaban Delmas,193.6,20;80;9;H1
Z9CT3,Bordeaux,BOUCLE,0,0.068398,0.074026,44.8305887,-0.5971173,1749,Stade Chaban Delmas,79.9,80;9;H2
Z9CT3,Bordeaux,BOUCLE,0,0.068398,0.074026,44.8305887,-0.5971173,4585,Stade Chaban Delmas,128.6,A;F
Z9CT3,Bordeaux,BOUCLE,0,0.068398,0.074026,44.8305887,-0.5971173,4586,Stade Chaban Delmas,173.5,A;F
Z7CT12,Mérignac,BOUCLE,0,0.086648,0.072618,44.8400676,-0.6399421,9784,Ballion,294.8,33
Z7CT12,Mérignac,BOUCLE,0,0.086648,0.072618,44.8400676,-0.6399421,162,Dupuy-Verdun,236.4,1;33
Z7CT12,Mérignac,BOUCLE,0,0.086648,0.072618,44.8400676,-0.6399421,1456,Jard-Verdun,74.6,1;33
Z7CT12,Mérignac,BOUCLE,0,0.086648,0.072618,44.8400676,-0.6399421,159,Jard-Verdun,102.8,1
Z7CT12,Mérignac,BOUCLE,0,0.086648,0.072618,44.8400676,-0.6399421,9788,Jard-Verdun,113.2,33
Z7CT7,Mérignac,BOUCLE,15,0.102517,0.073642,44.8440794,-0.6453064,1978,Avenue du Truc,41.3,30;35
Z7CT7,Mérignac,BOUCLE,15,0.102517,0.073642,44.8440794,-0.6453064,3111,Avenue du Truc,14.8,30;35
Z7CT8,Mérignac,BOUCLE,22,0.052564,0.097756,44.8407884,-0.6469625,1234,Dupuy-Verdun,229.6,1;33
Z7CT8,Mérignac,BOUCLE,22,0.052564,0.097756,44.8407884,-0.6469625,1663,Mérignac Centre,74.3,30;35;Bus F
Z7CT8,Mérignac,BOUCLE,22,0.052564,0.097756,44.8407884,-0.6469625,5225,Mérignac Centre,70.6,1;30;33;35;Bus F
Z7CT8,Mérignac,BOUCLE,22,0.052564,0.097756,44.8407884,-0.6469625,5242,Mérignac Centre,68.6,A
Z7CT8,Mérignac,BOUCLE,22,0.052564,0.097756,44.8407884,-0.6469625,5243,Mérignac Centre,76.0,A
Z7CT8,Mérignac,BOUCLE,22,0.052564,0.097756,44.8407884,-0.6469625,2273,Mérignac Centre (Médiathèque),142.1,1;51
Z7CT8,Mérignac,BOUCLE,22,0.052564,0.097756,44.8407884,-0.6469625,2456,Mérignac Centre (Médiathèque),147.4,1;33;51
Z2CT1,Bordeaux,BOUCLE,13,0.050349,0.067811,44.8353441,-0.5751057,3718,Hôtel de Ville,275.2,A;F
Z2CT1,Bordeaux,BOUCLE,13,0.050349,0.067811,44.8353441,-0.5751057,3719,Hôtel de Ville,270.5,A;F
Z2CT1,Bordeaux,BOUCLE,13,0.050349,0.067811,44.8353441,-0.5751057,3757,Hôtel de Ville,277.1,B
Z2CT1,Bordeaux,BOUCLE,13,0.050349,0.067811,44.8353441,-0.5751057,3758,Hôtel de Ville,275.3,B
Z2CT1,Bordeaux,BOUCLE,13,0.050349,0.067811,44.8353441,-0.5751057,3755,Musée d'Aquitaine,28.1,B
Z2CT1,Bordeaux,BOUCLE,13,0.050349,0.067811,44.8353441,-0.5751057,3756,Musée d'Aquitaine,24.3,B
Z2CT1,Bordeaux,BOUCLE,13,0.050349,0.067811,44.8353441,-0.5751057,3826,Musée d'Aquitaine,73.2,16;24;Bus F;N3
Z2CT1,Bordeaux,BOUCLE,13,0.050349,0.067811,44.8353441,-0.5751057,5661,Musée d'Aquitaine,83.7,16;24;Bus F
Z2CT1,Bordeaux,BOUCLE,13,0.050349,0.067811,44.8353441,-0.5751057,3541,Sainte-Catherine,207.0,16;24;Bus F;N3
Z2CT1,Bordeaux,BOUCLE,13,0.050349,0.067811,44.8353441,-0.5751057,3542,Sainte-Catherine,285.8,16;24;Bus F
Z2CT1,Bordeaux,BOUCLE,13,0.050349,0.067811,44.8353441,-0.5751057,3716,Sainte-Catherine,290.6,A;F
Z2CT1,Bordeaux,BOUCLE,13,0.050349,0.067811,44.8353441,-0.5751057,3717,Sainte-Catherine,290.1,A;F
Z2CT9,Bordeaux,BOUCLE,0,0.067038,0.061350,44.8349387,-0.573224,3755,Musée d'Aquitaine,178.9,B
Z2CT9,Bordeaux,BOUCLE,0,0.067038,0.061350,44.8349387,-0.573224,3756,Musée d'Aquitaine,177.9,B
Z2CT9,Bordeaux,BOUCLE,0,0.067038,0.061350,44.8349387,-0.573224,3826,Musée d'Aquitaine,84.9,16;24;Bus F;N3
Z2CT9,Bordeaux,BOUCLE,0,0.067038,0.061350,44.8349387,-0.573224,5661,Musée d'Aquitaine,77.8,16;24;Bus F
Z2CT9,Bordeaux,BOUCLE,0,0.067038,0.061350,44.8349387,-0.573224,3541,Sainte-Catherine,55.0,16;24;Bus F;N3
Z2CT9,Bordeaux,BOUCLE,0,0.067038,0.061350,44.8349387,-0.573224,3542,Sainte-Catherine,133.9,16;24;Bus F
Z2CT9,Bordeaux,BOUCLE,0,0.067038,0.061350,44.8349387,-0.573224,3716,Sainte-Catherine,299.9,A;F
Z2CT9,Bordeaux,BOUCLE,0,0.067038,0.061350,44.8349387,-0.573224,3717,Sainte-Catherine,297.0,A;F
Z2CT19,Bordeaux,BOUCLE,8,,,44.8345263,-0.5783005,9123,Albret,270.2,20;24
Z2CT19,Bordeaux,BOUCLE,8,,,44.8345263,-0.5783005,1606,Bourse du Travail,261.1,1;15;23;5;G;N1;N7
Z2CT19,Bordeaux,BOUCLE,8,,,44.8345263,-0.5783005,823,Bourse du Travail,274.6,1;15;20;23;5;G;N5;N6
Z2CT19,Bordeaux,BOUCLE,8,,,44.8345263,-0.5783005,5857,Hôpital Saint-André,183.4,4
Z2CT19,Bordeaux,BOUCLE,8,,,44.8345263,-0.5783005,3755,Musée d'Aquitaine,260.4,B
Z2CT19,Bordeaux,BOUCLE,8,,,44.8345263,-0.5783005,3756,Musée d'Aquitaine,255.8,B
Z2CT19,Bordeaux,BOUCLE,8,,,44.8345263,-0.5783005,9195,Palais de Justice,296.0,1;55;80;G
Z2CT19,Bordeaux,BOUCLE,8,,,44.8345263,-0.5783005,7461,République,93.1,55
Z2CT19,Bordeaux,BOUCLE,8,,,44.8345263,-0.5783005,7462,République,159.1,80
Z2CT19,Bordeaux,BOUCLE,8,,,44.8345263,-0.5783005,8551,République,87.1,16;Bus F;N3
Z2CT19,Bordeaux,BOUCLE,8,,,44.8345263,-0.5783005,8552,République,59.9,16;24;4;Bus F
Z2CT19,Bordeaux,BOUCLE,8,,,44.8345263,-0.5783005,9725,République,132.8,24
Z2CT2,Bordeaux,BOUCLE,0,,,44.8371982,-0.564751,13150,Porte de Bourgogne,92.8,24;Bus F;TBNight
Z2CT2,Bordeaux,BOUCLE,0,,,44.8371982,-0.564751,3712,Porte de Bourgogne,121.5,A;C;D;E;F
Z2CT2,Bordeaux,BOUCLE,0,,,44.8371982,-0.564751,3713,Porte de Bourgogne,120.0,A;C;D;E;F
Z2CT2,Bordeaux,BOUCLE,0,,,44.8371982,-0.564751,3772,Porte de Bourgogne,130.0,C;D;E;F
Z2CT2,Bordeaux,BOUCLE,0,,,44.8371982,-0.564751,3773,Porte de Bourgogne,128.9,C;D;E;F
Z2CT2,Bordeaux,BOUCLE,0,,,44.8371982,-0.564751,3825,Porte de Bourgogne,132.0,16;N3;TBNight
Z2CT2,Bordeaux,BOUCLE,0,,,44.8371982,-0.564751,8581,Porte de Bourgogne,65.1,24;Bus F;TBNight
Z2CT2,Bordeaux,BOUCLE,0,,,44.8371982,-0.564751,8801,Porte de Bourgogne,118.8,16
Z2CT2,Bordeaux,BOUCLE,0,,,44.8371982,-0.564751,2247,Salinières,261.5,16;24;Bus F;N3
Z2CT2,Bordeaux,BOUCLE,0,,,44.8371982,-0.564751,3540,Salinières,222.8,16;24;Bus F
Z2CT22,Bordeaux,BOUCLE,7,0.059965,0.058789,44.8372521,-0.5657687,3714,Place du Palais,291.9,A;F
Z2CT22,Bordeaux,BOUCLE,7,0.059965,0.058789,44.8372521,-0.5657687,3715,Place du Palais,284.4,A;F
Z2CT22,Bordeaux,BOUCLE,7,0.059965,0.058789,44.8372521,-0.5657687,13150,Porte de Bourgogne,107.8,24;Bus F;TBNight
Z2CT22,Bordeaux,BOUCLE,7,0.059965,0.058789,44.8372521,-0.5657687,3712,Porte de Bourgogne,41.1,A;C;D;E;F
Z2CT22,Bordeaux,BOUCLE,7,0.059965,0.058789,44.8372521,-0.5657687,3713,Porte de Bourgogne,40.4,A;C;D;E;F
Z2CT22,Bordeaux,BOUCLE,7,0.059965,0.058789,44.8372521,-0.5657687,3772,Porte de Bourgogne,50.2,C;D;E;F
Z2CT22,Bordeaux,BOUCLE,7,0.059965,0.058789,44.8372521,-0.5657687,3773,Porte de Bourgogne,50.2,C;D;E;F
Z2CT22,Bordeaux,BOUCLE,7,0.059965,0.058789,44.8372521,-0.5657687,3825,Porte de Bourgogne,81.1,16;N3;TBNight
Z2CT22,Bordeaux,BOUCLE,7,0.059965,0.058789,44.8372521,-0.5657687,8581,Porte de Bourgogne,88.5,24;Bus F;TBNight
Z2CT22,Bordeaux,BOUCLE,7,0.059965,0.058789,44.8372521,-0.5657687,8801,Porte de Bourgogne,92.8,16
Z2CT22,Bordeaux,BOUCLE,7,0.059965,0.058789,44.8372521,-0.5657687,2247,Salinières,204.7,16;24;Bus F;N3
Z2CT22,Bordeaux,BOUCLE,7,0.059965,0.058789,44.8372521,-0.5657687,3540,Salinières,172.4,16;24;Bus F
Z2CT20,Bordeaux,BOUCLE,17,0.038194,0.056424,44.8375771,-0.5665184,3714,Place du Palais,226.4,A;F
Z2CT20,Bordeaux,BOUCLE,17,0.038194,0.056424,44.8375771,-0.5665184,3715,Place du Palais,218.9,A;F
Z2CT20,Bordeaux,BOUCLE,17,0.038194,0.056424,44.8375771,-0.5665184,13150,Porte de Bourgogne,171.4,24;Bus F;TBNight
Z2CT20,Bordeaux,BOUCLE,17,0.038194,0.056424,44.8375771,-0.5665184,3712,Porte de Bourgogne,40.8,A;C;D;E;F
Z2CT20,Bordeaux,BOUCLE,17,0.038194,0.056424,44.8375771,-0.5665184,3713,Porte de Bourgogne,47.6,A;C;D;E;F
Z2CT20,Bordeaux,BOUCLE,17,0.038194,0.056424,44.8375771,-0.5665184,3772,Porte de Bourgogne,43.9,C;D;E;F
Z2CT20,Bordeaux,BOUCLE,17,0.038194,0.056424,44.8375771,-0.5665184,3773,Porte de Bourgogne,50.1,C;D;E;F
Z2CT20,Bordeaux,BOUCLE,17,0.038194,0.056424,44.8375771,-0.5665184,3825,Porte de Bourgogne,113.4,16;N3;TBNight
Z2CT20,Bordeaux,BOUCLE,17,0.038194,0.056424,44.8375771,-0.5665184,8581,Porte de Bourgogne,155.9,24;Bus F;TBNight
Z2CT20,Bordeaux,BOUCLE,17,0.038194,0.056424,44.8375771,-0.5665184,8801,Porte de Bourgogne,141.4,16
Z2CT20,Bordeaux,BOUCLE,17,0.038194,0.056424,44.8375771,-0.5665184,2247,Salinières,204.2,16;24;Bus F;N3
Z2CT20,Bordeaux,BOUCLE,17,0.038194,0.056424,44.8375771,-0.5665184,3540,Salinières,183.7,16;24;Bus F
Z2CT24,Bordeaux,BOUCLE,8,0.038251,0.063967,44.8374369,-0.5753423,3718,Hôtel de Ville,146.0,A;F
Z2CT24,Bordeaux,BOUCLE,8,0.038251,0.063967,44.8374369,-0.5753423,3719,Hôtel de Ville,142.2,A;F
Z2CT24,Bordeaux,BOUCLE,8,0.038251,0.063967,44.8374369,-0.5753423,3757,Hôtel de Ville,84.5,B
Z2CT24,Bordeaux,BOUCLE,8,0.038251,0.063967,44.8374369,-0.5753423,3758,Hôtel de Ville,86.4,B
Z2CT24,Bordeaux,BOUCLE,8,0.038251,0.063967,44.8374369,-0.5753423,3755,Musée d'Aquitaine,210.6,B
Z2CT24,Bordeaux,BOUCLE,8,0.038251,0.063967,44.8374369,-0.5753423,3756,Musée d'Aquitaine,217.7,B
Z2CT24,Bordeaux,BOUCLE,8,0.038251,0.063967,44.8374369,-0.5753423,3826,Musée d'Aquitaine,280.6,16;24;Bus F;N3
Z2CT24,Bordeaux,BOUCLE,8,0.038251,0.063967,44.8374369,-0.5753423,5661,Musée d'Aquitaine,291.7,16;24;Bus F
Z2CT24,Bordeaux,BOUCLE,8,0.038251,0.063967,44.8374369,-0.5753423,3716,Sainte-Catherine,160.0,A;F
Z2CT24,Bordeaux,BOUCLE,8,0.038251,0.063967,44.8374369,-0.5753423,3717,Sainte-Catherine,163.8,A;F
Z2CT14,Bordeaux,BOUCLE,2,0.057203,0.090042,44.836255,-0.5786243,3718,Hôtel de Ville,164.7,A;F
Z2CT14,Bordeaux,BOUCLE,2,0.057203,0.090042,44.836255,-0.5786243,3719,Hôtel de Ville,165.5,A;F
Z2CT14,Bordeaux,BOUCLE,2,0.057203,0.090042,44.836255,-0.5786243,3757,Hôtel de Ville,238.1,B
Z2CT14,Bordeaux,BOUCLE,2,0.057203,0.090042,44.836255,-0.5786243,3758,Hôtel de Ville,233.8,B
Z2CT14,Bordeaux,BOUCLE,2,0.057203,0.090042,44.836255,-0.5786243,3755,Musée d'Aquitaine,271.9,B
Z2CT14,Bordeaux,BOUCLE,2,0.057203,0.090042,44.836255,-0.5786243,3756,Musée d'Aquitaine,272.4,B
Z2CT14,Bordeaux,BOUCLE,2,0.057203,0.090042,44.836255,-0.5786243,3720,Palais de Justice,226.2,A;F
Z2CT14,Bordeaux,BOUCLE,2,0.057203,0.090042,44.836255,-0.5786243,3721,Palais de Justice,228.9,A;F
Z2CT14,Bordeaux,BOUCLE,2,0.057203,0.090042,44.836255,-0.5786243,3823,Palais de Justice,209.9,4;G
Z2CT14,Bordeaux,BOUCLE,2,0.057203,0.090042,44.836255,-0.5786243,4031,Palais de Justice,199.9,15;16;23;4;5;Bus F;N5;N6
Z2CT14,Bordeaux,BOUCLE,2,0.057203,0.090042,44.836255,-0.5786243,9195,Palais de Justice,204.8,1;55;80;G
Z2CT14,Bordeaux,BOUCLE,2,0.057203,0.090042,44.836255,-0.5786243,9196,Palais de Justice,222.3,1;15;16;23;5;Bus F;G;N1;N3;N7
Z2CT14,Bordeaux,BOUCLE,2,0.057203,0.090042,44.836255,-0.5786243,9289,Palais de Justice,264.1,55;80
Z2CT14,Bordeaux,BOUCLE,2,0.057203,0.090042,44.836255,-0.5786243,7461,République,144.8,55
Z2CT14,Bordeaux,BOUCLE,2,0.057203,0.090042,44.836255,-0.5786243,7462,République,178.2,80
Z2CT14,Bordeaux,BOUCLE,2,0.057203,0.090042,44.836255,-0.5786243,8551,République,142.0,16;Bus F;N3
Z2CT14,Bordeaux,BOUCLE,2,0.057203,0.090042,44.836255,-0.5786243,8552,République,171.1,16;24;4;Bus F
Z2CT14,Bordeaux,BOUCLE,2,0.057203,0.090042,44.836255,-0.5786243,9725,République,204.7,24
Z201CT2,Bordeaux,BOUCLE,2420,,,44.8371741,-0.5782184,3718,Hôtel de Ville,83.1,A;F
Z201CT2,Bordeaux,BOUCLE,2420,,,44.8371741,-0.5782184,3719,Hôtel de Ville,86.6,A;F
Z201CT2,Bordeaux,BOUCLE,2420,,,44.8371741,-0.5782184,3757,Hôtel de Ville,156.6,B
Z201CT2,Bordeaux,BOUCLE,2420,,,44.8371741,-0.5782184,3758,Hôtel de Ville,152.8,B
Z201CT2,Bordeaux,BOUCLE,2420,,,44.8371741,-0.5782184,3755,Musée d'Aquitaine,291.4,B
Z201CT2,Bordeaux,BOUCLE,2420,,,44.8371741,-0.5782184,3756,Musée d'Aquitaine,294.5,B
Z201CT2,Bordeaux,BOUCLE,2420,,,44.8371741,-0.5782184,3720,Palais de Justice,275.9,A;F
Z201CT2,Bordeaux,BOUCLE,2420,,,44.8371741,-0.5782184,3721,Palais de Justice,280.3,A;F
Z201CT2,Bordeaux,BOUCLE,2420,,,44.8371741,-0.5782184,3823,Palais de Justice,263.5,4;G
Z201CT2,Bordeaux,BOUCLE,2420,,,44.8371741,-0.5782184,4031,Palais de Justice,236.0,15;16;23;4;5;Bus F;N5;N6
Z201CT2,Bordeaux,BOUCLE,2420,,,44.8371741,-0.5782184,9195,Palais de Justice,260.3,1;55;80;G
Z201CT2,Bordeaux,BOUCLE,2420,,,44.8371741,-0.5782184,9196,Palais de Justice,232.4,1;15;16;23;5;Bus F;G;N1;N3;N7
Z201CT2,Bordeaux,BOUCLE,2420,,,44.8371741,-0.5782184,7461,République,251.9,55
Z201CT2,Bordeaux,BOUCLE,2420,,,44.8371741,-0.5782184,7462,République,278.7,80
Z201CT2,Bordeaux,BOUCLE,2420,,,44.8371741,-0.5782184,8551,République,249.1,16;Bus F;N3
Z201CT2,Bordeaux,BOUCLE,2420,,,44.8371741,-0.5782184,8552,République,277.7,16;24;4;Bus F
Z31CT2,Lormont,BOUCLE,0,0.057047,0.090012,44.886753,-0.5193922,5495,La Gardette (Bassens - Carbon Blanc),182.6,57;7;Bus A
Z31CT2,Lormont,BOUCLE,0,0.057047,0.090012,44.886753,-0.5193922,5504,La Gardette (Bassens - Carbon Blanc),200.3,27;60
Z31CT2,Lormont,BOUCLE,0,0.057047,0.090012,44.886753,-0.5193922,5511,La Gardette (Bassens - Carbon Blanc),191.8,29
Z31CT2,Lormont,BOUCLE,0,0.057047,0.090012,44.886753,-0.5193922,6853,La Gardette (Bassens - Carbon Blanc),206.8,54
Z31CT2,Lormont,BOUCLE,0,0.057047,0.090012,44.886753,-0.5193922,7091,La Gardette - Bassens - Carbon-Blanc,192.8,A
Z31CT2,Lormont,BOUCLE,0,0.057047,0.090012,44.886753,-0.5193922,1722,Professeur Vincent,171.3,27;7
Z31CT2,Lormont,BOUCLE,0,0.057047,0.090012,44.886753,-0.5193922,3298,Professeur Vincent,182.7,27;7
Z31CT2,Lormont,BOUCLE,0,0.057047,0.090012,44.886753,-0.5193922,6455,Rue du Manoir,35.6,27;60;7;Bus A
Z31CT2,Lormont,BOUCLE,0,0.057047,0.090012,44.886753,-0.5193922,6456,Rue du Manoir,34.1,27;60;7;Bus A
Z1CT13,Bordeaux,BOUCLE,72,0.079240,0.066961,44.835321,-0.5637112,13150,Porte de Bourgogne,163.2,24;Bus F;TBNight
Z1CT13,Bordeaux,BOUCLE,72,0.079240,0.066961,44.835321,-0.5637112,3712,Porte de Bourgogne,295.4,A;C;D;E;F
Z1CT13,Bordeaux,BOUCLE,72,0.079240,0.066961,44.835321,-0.5637112,3713,Porte de Bourgogne,289.5,A;C;D;E;F
Z1CT13,Bordeaux,BOUCLE,72,0.079240,0.066961,44.835321,-0.5637112,3772,Porte de Bourgogne,297.0,C;D;E;F
Z1CT13,Bordeaux,BOUCLE,72,0.079240,0.066961,44.835321,-0.5637112,3773,Porte de Bourgogne,291.9,C;D;E;F
Z1CT13,Bordeaux,BOUCLE,72,0.079240,0.066961,44.835321,-0.5637112,3825,Porte de Bourgogne,240.4,16;N3;TBNight
Z1CT13,Bordeaux,BOUCLE,72,0.079240,0.066961,44.835321,-0.5637112,8581,Porte de Bourgogne,180.9,24;Bus F;TBNight
Z1CT13,Bordeaux,BOUCLE,72,0.079240,0.066961,44.835321,-0.5637112,8801,Porte de Bourgogne,203.8,16
Z1CT13,Bordeaux,BOUCLE,72,0.079240,0.066961,44.835321,-0.5637112,13145,Saint Michel,109.7,24;Bus F;TBNight
Z1CT13,Bordeaux,BOUCLE,72,0.079240,0.066961,44.835321,-0.5637112,13146,Saint Michel,123.2,24;Bus F;TBNight
Z1CT13,Bordeaux,BOUCLE,72,0.079240,0.066961,44.835321,-0.5637112,3770,Saint-Michel,95.6,C;D;E;F
Z1CT13,Bordeaux,BOUCLE,72,0.079240,0.066961,44.835321,-0.5637112,3771,Saint-Michel,99.3,C;D;E;F
Z1CT13,Bordeaux,BOUCLE,72,0.079240,0.066961,44.835321,-0.5637112,3540,Salinières,266.3,16;24;Bus F
Z1CT6,Bordeaux,BOUCLE,,0.069158,0.062994,44.836033,-0.5642885,13150,Porte de Bourgogne,76.7,24;Bus F;TBNight
Z1CT6,Bordeaux,BOUCLE,,0.069158,0.062994,44.836033,-0.5642885,3712,Porte de Bourgogne,207.7,A;C;D;E;F
Z1CT6,Bordeaux,BOUCLE,,0.069158,0.062994,44.836033,-0.5642885,3713,Porte de Bourgogne,202.3,A;C;D;E;F
Z1CT6,Bordeaux,BOUCLE,,0.069158,0.062994,44.836033,-0.5642885,3772,Porte de Bourgogne,210.5,C;D;E;F
Z1CT6,Bordeaux,BOUCLE,,0.069158,0.062994,44.836033,-0.5642885,3773,Porte de Bourgogne,205.8,C;D;E;F
Z1CT6,Bordeaux,BOUCLE,,0.069158,0.062994,44.836033,-0.5642885,3825,Porte de Bourgogne,161.6,16;N3;TBNight
Z1CT6,Bordeaux,BOUCLE,,0.069158,0.062994,44.836033,-0.5642885,8581,Porte de Bourgogne,90.4,24;Bus F;TBNight
Z1CT6,Bordeaux,BOUCLE,,0.069158,0.062994,44.836033,-0.5642885,8801,Porte de Bourgogne,125.2,16
Z1CT6,Bordeaux,BOUCLE,,0.069158,0.062994,44.836033,-0.5642885,13145,Saint Michel,201.0,24;Bus F;TBNight
Z1CT6,Bordeaux,BOUCLE,,0.069158,0.062994,44.836033,-0.5642885,13146,Saint Michel,214.3,24;Bus F;TBNight
Z1CT6,Bordeaux,BOUCLE,,0.069158,0.062994,44.836033,-0.5642885,3770,Saint-Michel,185.5,C;D;E;F
Z1CT6,Bordeaux,BOUCLE,,0.069158,0.062994,44.836033,-0.5642885,3771,Saint-Michel,188.9,C;D;E;F
Z1CT6,Bordeaux,BOUCLE,,0.069158,0.062994,44.836033,-0.5642885,2247,Salinières,253.4,16;24;Bus F;N3
Z1CT6,Bordeaux,BOUCLE,,0.069158,0.062994,44.836033,-0.5642885,3540,Salinières,211.5,16;24;Bus F
Z1CT1,Bordeaux,BOUCLE,33,0.069986,0.067919,44.8479412,-0.5707219,5252,CAPC Musée d'Art Contemporain,127.1,B
Z1CT1,Bordeaux,BOUCLE,33,0.069986,0.067919,44.8479412,-0.5707219,5253,CAPC Musée d'Art Contemporain,134.1,B
Z1CT1,Bordeaux,BOUCLE,33,0.069986,0.067919,44.8479412,-0.5707219,8582,Quinconces,251.9,N1;TBNight
Z1CT10,Bordeaux,BOUCLE,32,0.069382,0.065540,44.8492229,-0.5702856,5252,CAPC Musée d'Art Contemporain,23.7,B
Z1CT10,Bordeaux,BOUCLE,32,0.069382,0.065540,44.8492229,-0.5702856,5253,CAPC Musée d'Art Contemporain,15.3,B
Z1CT11,Bordeaux,BOUCLE,22,0.069834,0.070047,44.85043,-0.5694998,5252,CAPC Musée d'Art Contemporain,170.3,B
Z1CT11,Bordeaux,BOUCLE,22,0.069834,0.070047,44.85043,-0.5694998,5253,CAPC Musée d'Art Contemporain,162.1,B
Z1CT11,Bordeaux,BOUCLE,22,0.069834,0.070047,44.85043,-0.5694998,5254,Chartrons,299.7,B
Z19CT16,Bègles,BOUCLE,25,0.065841,0.067927,44.8087482,-0.5738578,231,Bagatelle,90.6,5;73
Z19CT16,Bègles,BOUCLE,25,0.065841,0.067927,44.8087482,-0.5738578,2718,Bagatelle,16.2,5;73
Z19CT16,Bègles,BOUCLE,25,0.065841,0.067927,44.8087482,-0.5738578,2690,Croix de Leysotte,259.8,5;73
Z19CT16,Bègles,BOUCLE,25,0.065841,0.067927,44.8087482,-0.5738578,2717,Croix de Leysotte,211.8,5;73
Z19CT16,Bègles,BOUCLE,25,0.065841,0.067927,44.8087482,-0.5738578,471,Taffanel,291.7,5;73
Z19CT4,Bègles,BOUCLE,19,0.093047,0.069027,44.7882556,-0.5655128,5683,Lycée Vaclav Havel,170.3,23
Z19CT4,Bègles,BOUCLE,19,0.093047,0.069027,44.7882556,-0.5655128,5684,Lycée Vaclav Havel,197.6,23
Z19CT4,Bègles,BOUCLE,19,0.093047,0.069027,44.7882556,-0.5655128,7401,Lycée Vaclav Havel,196.2,C
Z19CT4,Bègles,BOUCLE,19,0.093047,0.069027,44.7882556,-0.5655128,7402,Lycée Vaclav Havel,189.6,C
Z19CT4,Bègles,BOUCLE,19,0.093047,0.069027,44.7882556,-0.5655128,6661,Lycée Václav Havel,271.1,89
Z19CT4,Bègles,BOUCLE,19,0.093047,0.069027,44.7882556,-0.5655128,5735,Lycée Václav Havel (Tram C),197.9,5;85
Z19CT4,Bègles,BOUCLE,19,0.093047,0.069027,44.7882556,-0.5655128,974,Lycée Václav Havel (Tram C),146.5,5;85
Z26CT2,Bordeaux,BOUCLE,52,,,44.8204665,-0.5422826,13189,Pont Simone Veil (Rive Gauche),21.0,35
Z26CT2,Bordeaux,BOUCLE,52,,,44.8204665,-0.5422826,1260,Simone-Veil (Rive Gauche),17.1,H1
Z26CT2,Bordeaux,BOUCLE,52,,,44.8204665,-0.5422826,5842,Simone-Veil (Rive Gauche),10.4,H2
Z26CT2,Bordeaux,BOUCLE,52,,,44.8204665,-0.5422826,9730,Simone-Veil (Rive Gauche),94.9,1;54;Arena
Z26CT2,Bordeaux,BOUCLE,52,,,44.8204665,-0.5422826,9731,Simone-Veil (Rive Gauche),102.4,1;54;Arena
Z26CT5,Bordeaux,BOUCLE,13,0.072455,0.068481,44.8194975,-0.5494181,3320,Capelle,222.3,20;35;54
Z26CT5,Bordeaux,BOUCLE,13,0.072455,0.068481,44.8194975,-0.5494181,9826,Capelle,221.9,20;35;54;N5
Z26CT5,Bordeaux,BOUCLE,13,0.072455,0.068481,44.8194975,-0.5494181,5436,Carle Vernet,90.4,C;E;F
Z26CT5,Bordeaux,BOUCLE,13,0.072455,0.068481,44.8194975,-0.5494181,5437,Carle Vernet,86.5,C;E;F
Z26CT5,Bordeaux,BOUCLE,13,0.072455,0.068481,44.8194975,-0.5494181,7351,Carle Vernet,95.2,C;D
Z26CT5,Bordeaux,BOUCLE,13,0.072455,0.068481,44.8194975,-0.5494181,9280,Carle Vernet,53.0,20;35;54;N5
Z26CT5,Bordeaux,BOUCLE,13,0.072455,0.068481,44.8194975,-0.5494181,9281,Carle Vernet,36.4,20;35;54
Z26CT5,Bordeaux,BOUCLE,13,0.072455,0.068481,44.8194975,-0.5494181,729,Cité SNCF,279.4,H1
Z26CT4,Bordeaux,BOUCLE,25,,,44.8211644,-0.5484255,5436,Carle Vernet,215.6,C;E;F
Z26CT4,Bordeaux,BOUCLE,25,,,44.8211644,-0.5484255,5437,Carle Vernet,213.2,C;E;F
Z26CT4,Bordeaux,BOUCLE,25,,,44.8211644,-0.5484255,7351,Carle Vernet,213.4,C;D
Z26CT4,Bordeaux,BOUCLE,25,,,44.8211644,-0.5484255,9280,Carle Vernet,165.9,20;35;54;N5
Z26CT4,Bordeaux,BOUCLE,25,,,44.8211644,-0.5484255,9281,Carle Vernet,173.6,20;35;54
Z26CT4,Bordeaux,BOUCLE,25,,,44.8211644,-0.5484255,2568,Les Charrettes,252.7,54
Z14CT2,Bordeaux,BOUCLE,0,0.069267,0.052604,44.8637315,-0.5812467,998,Ampère-Grand Parc,259.0,9;H1
Z14CT2,Bordeaux,BOUCLE,0,0.069267,0.052604,44.8637315,-0.5812467,100,Polyclinique Bordeaux Nord,167.2,9;H2;N2
Z14CT2,Bordeaux,BOUCLE,0,0.069267,0.052604,44.8637315,-0.5812467,209,Polyclinique Bordeaux Nord,287.1,9;H1
Z14CT5,Bordeaux,BOUCLE,30,0.073659,0.077917,44.8664314,-0.5756295,6354,Boutaut,186.9,82
Z14CT5,Bordeaux,BOUCLE,30,0.073659,0.077917,44.8664314,-0.5756295,835,Boutaut,277.2,82
Z14CT5,Bordeaux,BOUCLE,30,0.073659,0.077917,44.8664314,-0.5756295,2334,Place Ravezies,99.5,53;7;9;H1
Z14CT5,Bordeaux,BOUCLE,30,0.073659,0.077917,44.8664314,-0.5756295,6685,Place Ravezies,64.7,27;53;7;82
Z14CT5,Bordeaux,BOUCLE,30,0.073659,0.077917,44.8664314,-0.5756295,6943,Place Ravezies,179.8,27
Z14CT5,Bordeaux,BOUCLE,30,0.073659,0.077917,44.8664314,-0.5756295,9064,Place Ravezies,96.1,53;7;9;H2
Z14CT5,Bordeaux,BOUCLE,30,0.073659,0.077917,44.8664314,-0.5756295,9860,Place Ravezies,107.5,N2
Z14CT5,Bordeaux,BOUCLE,30,0.073659,0.077917,44.8664314,-0.5756295,6832,Place Ravezies (côté Parc Relais),85.2,27;53;7;82
Z14CT5,Bordeaux,BOUCLE,30,0.073659,0.077917,44.8664314,-0.5756295,5412,Place Ravezies - le Bouscat,78.5,C;E
Z14CT5,Bordeaux,BOUCLE,30,0.073659,0.077917,44.8664314,-0.5756295,5413,Place Ravezies - le Bouscat,73.1,C;E
Z14CT5,Bordeaux,BOUCLE,30,0.073659,0.077917,44.8664314,-0.5756295,209,Polyclinique Bordeaux Nord,251.0,9;H1
Z14CT19,Bordeaux,BOUCLE,,0.066957,0.086545,44.8610213,-0.5630634,297,Lewis-Brown,293.4,5
Z14CT19,Bordeaux,BOUCLE,,0.066957,0.086545,44.8610213,-0.5630634,208,Leybardie,39.8,5;N7
Z30CT10,Mérignac,BOUCLE,35,,,44.8286907,-0.665899,1781,Ecole Arnaud Lafon,137.8,20;33
Z30CT10,Mérignac,BOUCLE,35,,,44.8286907,-0.665899,1795,Ecole Arnaud Lafon,89.9,20;33;S34
Z30CT10,Mérignac,BOUCLE,35,,,44.8286907,-0.665899,1745,Vigneau,179.0,20;33
Z30CT10,Mérignac,BOUCLE,35,,,44.8286907,-0.665899,8,Vigneau,183.6,20;33;34
Z30CT10,Mérignac,BOUCLE,35,,,44.8286907,-0.665899,5623,ZI Chemin Long,287.5,34
Z19CT10,Bègles,BOUCLE,23,0.078971,0.076605,44.7877349,-0.5660387,5683,Lycée Vaclav Havel,107.4,23
Z19CT10,Bègles,BOUCLE,23,0.078971,0.076605,44.7877349,-0.5660387,5684,Lycée Vaclav Havel,135.9,23
Z19CT10,Bègles,BOUCLE,23,0.078971,0.076605,44.7877349,-0.5660387,7401,Lycée Vaclav Havel,130.4,C
Z19CT10,Bègles,BOUCLE,23,0.078971,0.076605,44.7877349,-0.5660387,7402,Lycée Vaclav Havel,124.0,C
Z19CT10,Bègles,BOUCLE,23,0.078971,0.076605,44.7877349,-0.5660387,6661,Lycée Václav Havel,244.3,89
Z19CT10,Bègles,BOUCLE,23,0.078971,0.076605,44.7877349,-0.5660387,5735,Lycée Václav Havel (Tram C),129.8,5;85
Z19CT10,Bègles,BOUCLE,23,0.078971,0.076605,44.7877349,-0.5660387,974,Lycée Václav Havel (Tram C),75.3,5;85
Z19CT10,Bègles,BOUCLE,23,0.078971,0.076605,44.7877349,-0.5660387,2713,Mallet,277.1,5;85;89
Z26AS,Bègles,SIREDO,,0.053481,0.088943,44.7966209,-0.54156,5685,Mendès France,237.4,15;23;73
Z26AS,Bègles,SIREDO,,0.053481,0.088943,44.7966209,-0.54156,5686,Mendès France,251.5,15;23;73
Z26AS,Bègles,SIREDO,,0.053481,0.088943,44.7966209,-0.54156,9077,Radio Londres,183.8,15;23
Z26AS,Bègles,SIREDO,,0.053481,0.088943,44.7966209,-0.54156,9078,Radio Londres,296.4,15;23
Z27AE,Pessac,SIREDO,,0.058805,0.093705,44.8006357,-0.657231,1713,Maréchal Foch,273.6,4
Z27AE,Pessac,SIREDO,,0.058805,0.093705,44.8006357,-0.657231,2765,Xavier Arnozan,149.9,4
Z27AE,Pessac,SIREDO,,0.058805,0.093705,44.8006357,-0.657231,2784,Xavier Arnozan,50.3,4
Z27AS,Pessac,SIREDO,,0.046481,0.091349,44.8006745,-0.6572624,1713,Maréchal Foch,274.1,4
Z27AS,Pessac,SIREDO,,0.046481,0.091349,44.8006745,-0.6572624,2765,Xavier Arnozan,148.6,4
Z27AS,Pessac,SIREDO,,0.046481,0.091349,44.8006745,-0.6572624,2784,Xavier Arnozan,49.7,4
Z09AE,Mérignac,SIREDO,,,,44.8263785,-0.617425,5228,François Mitterrand,263.4,A;F
Z09AE,Mérignac,SIREDO,,,,44.8263785,-0.617425,5229,François Mitterrand,270.4,A;F
Z09AE,Mérignac,SIREDO,,,,44.8263785,-0.617425,15033,Mitterrand,280.5,Bus F
Z09AE,Mérignac,SIREDO,,,,44.8263785,-0.617425,15034,Mitterrand,230.4,Bus F
Z09AE,Mérignac,SIREDO,,,,44.8263785,-0.617425,5230,Peychotte,201.3,A;F
Z09AE,Mérignac,SIREDO,,,,44.8263785,-0.617425,5231,Peychotte,194.7,A;F
Z09AE,Mérignac,SIREDO,,,,44.8263785,-0.617425,5284,Peychotte,155.3,78
Z09AE,Mérignac,SIREDO,,,,44.8263785,-0.617425,5815,Peychotte,128.3,Bus F
Z09AE,Mérignac,SIREDO,,,,44.8263785,-0.617425,9128,Peychotte,220.4,74;Bus F
Z09AE,Mérignac,SIREDO,,,,44.8263785,-0.617425,9507,Riaud,207.3,S33;S37
Z09AE,Mérignac,SIREDO,,,,44.8263785,-0.617425,9508,Riaud,211.0,S33;S37
Z10BS,Bordeaux,SIREDO,,0.072846,0.085206,44.8222504,-0.6060929,13226,Campus Carreire,236.3,55
Z10BS,Bordeaux,SIREDO,,0.072846,0.085206,44.8222504,-0.6060929,8201,Campus Carreire,12.3,24;73
Z10BS,Bordeaux,SIREDO,,0.072846,0.085206,44.8222504,-0.6060929,8202,Campus Carreire,5.6,24;73
Z10BS,Bordeaux,SIREDO,,0.072846,0.085206,44.8222504,-0.6060929,2686,Guilbaud,93.2,S39
Z10BS,Bordeaux,SIREDO,,0.072846,0.085206,44.8222504,-0.6060929,2688,Guilbaud,138.5,S39
Z16AS,Pessac,SIREDO,,0.076426,0.078327,44.8144057,-0.6113622,2791,Parc Haut Brion,263.3,4
Z16AS,Pessac,SIREDO,,0.076426,0.078327,44.8144057,-0.6113622,5070,Parc Haut Brion,145.9,4
Z16AS,Pessac,SIREDO,,0.076426,0.078327,44.8144057,-0.6113622,1140,Sembat,265.7,4
Z16AS,Pessac,SIREDO,,0.076426,0.078327,44.8144057,-0.6113622,480,Sembat,205.4,4
Z16CE,Pessac,SIREDO,,0.053695,0.102659,44.792394,-0.647881,2812,AFPA Pessac,288.7,34
Z16CE,Pessac,SIREDO,,0.053695,0.102659,44.792394,-0.647881,326,AFPA Pessac,296.1,34
Z16CE,Pessac,SIREDO,,0.053695,0.102659,44.792394,-0.647881,2774,Bellevue,265.2,74
Z16CE,Pessac,SIREDO,,0.053695,0.102659,44.792394,-0.647881,2851,Bellevue,231.8,74
Z16CE,Pessac,SIREDO,,0.053695,0.102659,44.792394,-0.647881,7431,Chataigneraie,117.6,B
Z16CE,Pessac,SIREDO,,0.053695,0.102659,44.792394,-0.647881,7432,Chataigneraie,125.3,B
Z16CE,Pessac,SIREDO,,0.053695,0.102659,44.792394,-0.647881,2514,Châtaigneraie,138.4,34;74
Z16CE,Pessac,SIREDO,,0.053695,0.102659,44.792394,-0.647881,2615,Châtaigneraie,107.7,34;74
Z16CE,Pessac,SIREDO,,0.053695,0.102659,44.792394,-0.647881,9286,Châtaigneraie,109.6,55
Z16CE,Pessac,SIREDO,,0.053695,0.102659,44.792394,-0.647881,9287,Châtaigneraie,144.7,55
Z16CE,Pessac,SIREDO,,0.053695,0.102659,44.792394,-0.647881,9435,Collège F. Mitterrand,229.1,S40
Z4CT24,Bordeaux,BOUCLE,39,0.066909,0.106964,44.8498835,-0.5759775,2443,Jardin Public,193.9,15;23;5;N5
Z4CT24,Bordeaux,BOUCLE,39,0.066909,0.106964,44.8498835,-0.5759775,5394,Jardin Public,191.7,C;E
Z4CT24,Bordeaux,BOUCLE,39,0.066909,0.106964,44.8498835,-0.5759775,5395,Jardin Public,194.9,C;E
Z4CT24,Bordeaux,BOUCLE,39,0.066909,0.106964,44.8498835,-0.5759775,1971,Paul Doumer,298.1,15;5;N7
Z4CT24,Bordeaux,BOUCLE,39,0.066909,0.106964,44.8498835,-0.5759775,2442,Paul Doumer,278.7,15;5;N5
Z4CT24,Bordeaux,BOUCLE,39,0.066909,0.106964,44.8498835,-0.5759775,5396,Paul Doumer,275.3,C;E
Z4CT24,Bordeaux,BOUCLE,39,0.066909,0.106964,44.8498835,-0.5759775,5397,Paul Doumer,267.5,C;E
Z4CT24,Bordeaux,BOUCLE,39,0.066909,0.106964,44.8498835,-0.5759775,1649,Rue d'Aviau,100.6,23
Z14CT3,Bordeaux,BOUCLE,73,0.064491,0.080493,44.8599429,-0.5535621,5260,La Cité du Vin,91.0,B
Z14CT3,Bordeaux,BOUCLE,73,0.064491,0.080493,44.8599429,-0.5535621,5261,La Cité du Vin,93.4,B
Z14CT3,Bordeaux,BOUCLE,73,0.064491,0.080493,44.8599429,-0.5535621,6433,La Cité du Vin,88.5,25
Z14CT3,Bordeaux,BOUCLE,73,0.064491,0.080493,44.8599429,-0.5535621,6825,La Cité du Vin,95.4,27;53;7;H1;H2;N1;N2
Z14CT3,Bordeaux,BOUCLE,73,0.064491,0.080493,44.8599429,-0.5535621,6827,La Cité du Vin,79.3,25;27;53;7;H1;N4;N7
Z14CT3,Bordeaux,BOUCLE,73,0.064491,0.080493,44.8599429,-0.5535621,6835,La Cité du Vin,173.8,N3;N5;N6;TBNight
Z14CT3,Bordeaux,BOUCLE,73,0.064491,0.080493,44.8599429,-0.5535621,6836,La Cité du Vin,166.1,H1;N1;TBNight
Z26CT7,Bègles,BOUCLE,7,0.101510,0.093960,44.8103921,-0.5515825,6450,La Belle Rose,146.3,S4
Z26CT7,Bègles,BOUCLE,7,0.101510,0.093960,44.8103921,-0.5515825,6451,La Belle Rose,157.3,S4
Z26CT7,Bègles,BOUCLE,7,0.101510,0.093960,44.8103921,-0.5515825,7391,La Belle Rose,83.8,C;E;F
Z26CT7,Bègles,BOUCLE,7,0.101510,0.093960,44.8103921,-0.5515825,7392,La Belle Rose,88.0,C;E;F
Z26CT7,Bègles,BOUCLE,7,0.101510,0.093960,44.8103921,-0.5515825,7393,Stade Musard,271.2,C;E;F
Z26CT7,Bègles,BOUCLE,7,0.101510,0.093960,44.8103921,-0.5515825,7394,Stade Musard,264.1,C;E;F
Z16CT9,Pessac,BOUCLE,8,0.082902,0.112263,44.8105199,-0.6256666,2761,Avenue Jean Jaurès,250.2,4
Z16CT9,Pessac,BOUCLE,8,0.082902,0.112263,44.8105199,-0.6256666,2789,Avenue Jean Jaurès,236.0,4
Z16CT9,Pessac,BOUCLE,8,0.082902,0.112263,44.8105199,-0.6256666,2738,Cimetière,46.6,24;S39
Z16CT9,Pessac,BOUCLE,8,0.082902,0.112263,44.8105199,-0.6256666,2756,Cimetière,39.7,24;S39
Z5CT8,Bordeaux,BOUCLE,30,0.067761,0.061268,44.8244527,-0.5576111,9087,Bauducheu,268.0,20;35;N5
Z5CT8,Bordeaux,BOUCLE,30,0.067761,0.061268,44.8244527,-0.5576111,9088,Bauducheu,267.7,20;35
Z5CT8,Bordeaux,BOUCLE,30,0.067761,0.061268,44.8244527,-0.5576111,3765,Gare Saint-Jean,174.8,C;D;E;F
Z5CT8,Bordeaux,BOUCLE,30,0.067761,0.061268,44.8244527,-0.5576111,5433,Gare Saint-Jean,173.7,C;D;E;F
Z5CT8,Bordeaux,BOUCLE,30,0.067761,0.061268,44.8244527,-0.5576111,5618,Gare Saint-Jean,37.6,9
Z5CT8,Bordeaux,BOUCLE,30,0.067761,0.061268,44.8244527,-0.5576111,5782,Gare Saint-Jean,35.5,35
Z5CT8,Bordeaux,BOUCLE,30,0.067761,0.061268,44.8244527,-0.5576111,5617,Gare Saint-Jean (arrêt de Descente),61.2,35;9
Z5CT8,Bordeaux,BOUCLE,30,0.067761,0.061268,44.8244527,-0.5576111,5619,Gare Saint-Jean (arrêt de Montée),182.1,9
Z5CT8,Bordeaux,BOUCLE,30,0.067761,0.061268,44.8244527,-0.5576111,9266,Gare Saint-Jean (Hall 3),235.9,31
Z5CT8,Bordeaux,BOUCLE,30,0.067761,0.061268,44.8244527,-0.5576111,9267,Gare Saint-Jean (Hall 3),241.6,31
Z5CT8,Bordeaux,BOUCLE,30,0.067761,0.061268,44.8244527,-0.5576111,5770,Gare Saint-Jean (rue Saint-Vincent de Paul),222.6,20;N5
Z5CT8,Bordeaux,BOUCLE,30,0.067761,0.061268,44.8244527,-0.5576111,5769,Gare Saint-Jean (sous la Halle),182.0,20;35;N1;N7
Z5CT8,Bordeaux,BOUCLE,30,0.067761,0.061268,44.8244527,-0.5576111,1442,Pont du Guit,98.6,9
Z1003CT23,Bordeaux,BOUCLE,17,,,44.8278827,-0.5851574,316,Alphonse Dupeux,212.8,24
Z1003CT23,Bordeaux,BOUCLE,17,,,44.8278827,-0.5851574,455,Amédée Larrieu,287.9,20;4
Z1003CT23,Bordeaux,BOUCLE,17,,,44.8278827,-0.5851574,2751,Caserne Boudet,119.9,20;4
Z1003CT23,Bordeaux,BOUCLE,17,,,44.8278827,-0.5851574,3568,Caserne Boudet,88.5,20;4
Z1003CT23,Bordeaux,BOUCLE,17,,,44.8278827,-0.5851574,1080,Landiras,248.6,20;24
Z24CT10,Mérignac,BOUCLE,54,0.049596,0.073453,44.8572088,-0.6588304,7272,Les Pins,203.4,16;34
Z24CT10,Mérignac,BOUCLE,54,0.049596,0.073453,44.8572088,-0.6588304,7301,Les Pins,90.5,Bus F
Z24CT10,Mérignac,BOUCLE,54,0.049596,0.073453,44.8572088,-0.6588304,7335,Les Pins,83.7,A
Z24CT10,Mérignac,BOUCLE,54,0.049596,0.073453,44.8572088,-0.6588304,7336,Les Pins,85.4,A
Z24CT10,Mérignac,BOUCLE,54,0.049596,0.073453,44.8572088,-0.6588304,7403,Les Pins (arrêt de descente),124.9,16;34
Z24CT10,Mérignac,BOUCLE,54,0.049596,0.073453,44.8572088,-0.6588304,7302,Les Pins (av Magudas),65.1,71
Z24CT10,Mérignac,BOUCLE,54,0.049596,0.073453,44.8572088,-0.6588304,7303,Les Pins (av Magudas),28.2,71;Bus F
Z24CT10,Mérignac,BOUCLE,54,0.049596,0.073453,44.8572088,-0.6588304,1866,Moussard,142.8,71
Z24CT10,Mérignac,BOUCLE,54,0.049596,0.073453,44.8572088,-0.6588304,5316,Moussard,142.9,71
Z24CT10,Mérignac,BOUCLE,54,0.049596,0.073453,44.8572088,-0.6588304,7271,Vercors,221.3,16;34
Z30CT22,Mérignac,BOUCLE,27,,,44.8279402,-0.6643717,809,Demosthène,285.6,30
Z30CT22,Mérignac,BOUCLE,27,,,44.8279402,-0.6643717,1781,Ecole Arnaud Lafon,258.6,20;33
Z30CT22,Mérignac,BOUCLE,27,,,44.8279402,-0.6643717,1795,Ecole Arnaud Lafon,213.8,20;33;S34
Z30CT22,Mérignac,BOUCLE,27,,,44.8279402,-0.6643717,5302,Les Fauvettes,297.6,30
Z30CT22,Mérignac,BOUCLE,27,,,44.8279402,-0.6643717,1745,Vigneau,141.6,20;33
Z30CT22,Mérignac,BOUCLE,27,,,44.8279402,-0.6643717,8,Vigneau,138.7,20;33;34
Z30CT22,Mérignac,BOUCLE,27,,,44.8279402,-0.6643717,5622,ZI Chemin Long,293.4,34
Z30CT12,Mérignac,BOUCLE,28,,,44.8292715,-0.6630541,1745,Vigneau,54.5,20;33
Z30CT12,Mérignac,BOUCLE,28,,,44.8292715,-0.6630541,8,Vigneau,50.8,20;33;34
Z30CT12,Mérignac,BOUCLE,28,,,44.8292715,-0.6630541,5622,ZI Chemin Long,116.0,34
Z30CT12,Mérignac,BOUCLE,28,,,44.8292715,-0.6630541,5623,ZI Chemin Long,283.0,34
Z30CT18,Mérignac,BOUCLE,0,,,44.8333625,-0.6478283,13213,Lycées de Mérignac,101.3,26
Z30CT18,Mérignac,BOUCLE,0,,,44.8333625,-0.6478283,3347,Lycées de Mérignac,185.0,20;26;30;33;35;Bus F
Z30CT18,Mérignac,BOUCLE,0,,,44.8333625,-0.6478283,5240,Lycées de Mérignac,184.5,A
Z30CT18,Mérignac,BOUCLE,0,,,44.8333625,-0.6478283,5241,Lycées de Mérignac,178.6,A
Z30CT18,Mérignac,BOUCLE,0,,,44.8333625,-0.6478283,830,Lycées de Mérignac,167.1,20;26;30;33;35;Bus F
Z30CT18,Mérignac,BOUCLE,0,,,44.8333625,-0.6478283,13154,Quatre Chemins,178.7,Bus F
Z30CT18,Mérignac,BOUCLE,0,,,44.8333625,-0.6478283,15025,Quatre Chemins,260.7,Bus F
Z30CT18,Mérignac,BOUCLE,0,,,44.8333625,-0.6478283,5238,Quatre Chemins,242.2,A;F
Z30CT18,Mérignac,BOUCLE,0,,,44.8333625,-0.6478283,5239,Quatre Chemins,249.2,A;F
Z30CT18,Mérignac,BOUCLE,0,,,44.8333625,-0.6478283,5678,Quatre Chemins,132.7,30;34;35
Z30CT18,Mérignac,BOUCLE,0,,,44.8333625,-0.6478283,9696,Quatre Chemins,157.3,30;34;35
Z30CT7,Mérignac,BOUCLE,,,,44.8310876,-0.6480932,5303,Place du 11 Novembre,293.5,30;34;35
Z30CT7,Mérignac,BOUCLE,,,,44.8310876,-0.6480932,928,Place du 11 Novembre,227.6,30;34;35
Z30CT7,Mérignac,BOUCLE,,,,44.8310876,-0.6480932,13154,Quatre Chemins,257.7,Bus F
Z30CT7,Mérignac,BOUCLE,,,,44.8310876,-0.6480932,5678,Quatre Chemins,122.5,30;34;35
Z30CT7,Mérignac,BOUCLE,,,,44.8310876,-0.6480932,9696,Quatre Chemins,96.7,30;34;35
Z30CT7,Mérignac,BOUCLE,,,,44.8310876,-0.6480932,3107,Résidence Beausite,99.8,30;34;35
Z30CT7,Mérignac,BOUCLE,,,,44.8310876,-0.6480932,3108,Résidence Beausite,114.1,30;34;35
Z30CT1,Mérignac,BOUCLE,19,,,44.8332133,-0.6493556,13213,Lycées de Mérignac,170.2,26
Z30CT1,Mérignac,BOUCLE,19,,,44.8332133,-0.6493556,3347,Lycées de Mérignac,253.1,20;26;30;33;35;Bus F
Z30CT1,Mérignac,BOUCLE,19,,,44.8332133,-0.6493556,5240,Lycées de Mérignac,249.9,A
Z30CT1,Mérignac,BOUCLE,19,,,44.8332133,-0.6493556,5241,Lycées de Mérignac,242.9,A
Z30CT1,Mérignac,BOUCLE,19,,,44.8332133,-0.6493556,830,Lycées de Mérignac,229.4,20;26;30;33;35;Bus F
Z30CT1,Mérignac,BOUCLE,19,,,44.8332133,-0.6493556,13154,Quatre Chemins,289.2,Bus F
Z30CT1,Mérignac,BOUCLE,19,,,44.8332133,-0.6493556,5678,Quatre Chemins,149.3,30;34;35
Z30CT1,Mérignac,BOUCLE,19,,,44.8332133,-0.6493556,9696,Quatre Chemins,173.4,30;34;35
Z30CT6,Mérignac,BOUCLE,23,,,44.8326883,-0.6475049,13213,Lycées de Mérignac,177.7,26
Z30CT6,Mérignac,BOUCLE,23,,,44.8326883,-0.6475049,3347,Lycées de Mérignac,256.3,20;26;30;33;35;Bus F
Z30CT6,Mérignac,BOUCLE,23,,,44.8326883,-0.6475049,5240,Lycées de Mérignac,256.8,A
Z30CT6,Mérignac,BOUCLE,23,,,44.8326883,-0.6475049,5241,Lycées de Mérignac,251.5,A
Z30CT6,Mérignac,BOUCLE,23,,,44.8326883,-0.6475049,830,Lycées de Mérignac,241.1,20;26;30;33;35;Bus F
Z30CT6,Mérignac,BOUCLE,23,,,44.8326883,-0.6475049,13154,Quatre Chemins,137.8,Bus F
Z30CT6,Mérignac,BOUCLE,23,,,44.8326883,-0.6475049,15025,Quatre Chemins,218.5,Bus F
Z30CT6,Mérignac,BOUCLE,23,,,44.8326883,-0.6475049,5238,Quatre Chemins,202.3,A;F
Z30CT6,Mérignac,BOUCLE,23,,,44.8326883,-0.6475049,5239,Quatre Chemins,208.6,A;F
Z30CT6,Mérignac,BOUCLE,23,,,44.8326883,-0.6475049,5678,Quatre Chemins,74.3,30;34;35
Z30CT6,Mérignac,BOUCLE,23,,,44.8326883,-0.6475049,9696,Quatre Chemins,92.1,30;34;35
Z30CT6,Mérignac,BOUCLE,23,,,44.8326883,-0.6475049,3107,Résidence Beausite,281.4,30;34;35
Z30CT6,Mérignac,BOUCLE,23,,,44.8326883,-0.6475049,3108,Résidence Beausite,296.0,30;34;35
Z30CT16,Mérignac,BOUCLE,17,0.074951,0.074757,44.8323346,-0.6405681,15027,Mendes France,267.5,Bus F
Z30CT16,Mérignac,BOUCLE,17,0.074951,0.074757,44.8323346,-0.6405681,15028,Mendes France,223.3,Bus F
Z30CT16,Mérignac,BOUCLE,17,0.074951,0.074757,44.8323346,-0.6405681,5236,Pierre Mendès France,246.4,A;F
Z30CT16,Mérignac,BOUCLE,17,0.074951,0.074757,44.8323346,-0.6405681,5237,Pierre Mendès France,250.8,A;F
Z30CT24,Mérignac,BOUCLE,9,0.085159,0.120020,44.8297563,-0.6361679,5234,Alfred de Vigny,179.5,A;F
Z30CT24,Mérignac,BOUCLE,9,0.085159,0.120020,44.8297563,-0.6361679,5235,Alfred de Vigny,184.8,A;F
Z30CT24,Mérignac,BOUCLE,9,0.085159,0.120020,44.8297563,-0.6361679,9514,Alfred de Vigny,262.4,S33;S37
Z30CT24,Mérignac,BOUCLE,9,0.085159,0.120020,44.8297563,-0.6361679,9515,Alfred de Vigny,249.3,S33;S37
Z30CT24,Mérignac,BOUCLE,9,0.085159,0.120020,44.8297563,-0.6361679,9521,Chappé,111.3,S33
Z30CT24,Mérignac,BOUCLE,9,0.085159,0.120020,44.8297563,-0.6361679,9522,Chappé,113.4,S33
Z30CT24,Mérignac,BOUCLE,9,0.085159,0.120020,44.8297563,-0.6361679,15027,Mendes France,298.7,Bus F
Z30CT24,Mérignac,BOUCLE,9,0.085159,0.120020,44.8297563,-0.6361679,15028,Mendes France,296.7,Bus F
Z30CT24,Mérignac,BOUCLE,9,0.085159,0.120020,44.8297563,-0.6361679,5236,Pierre Mendès France,292.7,A;F
Z30CT24,Mérignac,BOUCLE,9,0.085159,0.120020,44.8297563,-0.6361679,5237,Pierre Mendès France,294.7,A;F
Z21CT4,Le Bouscat,BOUCLE,,,,44.8699823,-0.611649,2920,Les Ecus,290.4,33
Z21CT4,Le Bouscat,BOUCLE,,,,44.8699823,-0.611649,2921,Les Ecus,255.1,33
Z21CT4,Le Bouscat,BOUCLE,,,,44.8699823,-0.611649,8341,Les Ecus,247.4,D
Z21CT4,Le Bouscat,BOUCLE,,,,44.8699823,-0.611649,8342,Les Ecus,203.2,D
Z21CT4,Le Bouscat,BOUCLE,,,,44.8699823,-0.611649,1754,Sainte-Germaine,174.5,33
Z21CT4,Le Bouscat,BOUCLE,,,,44.8699823,-0.611649,8151,Sainte-Germaine,157.4,33
Z21CT4,Le Bouscat,BOUCLE,,,,44.8699823,-0.611649,8343,Sainte-Germaine,258.4,D
Z21CT2,Le Bouscat,BOUCLE,,,,44.863124,-0.6028684,8329,Calypso,295.3,D
Z21CT2,Le Bouscat,BOUCLE,,,,44.863124,-0.6028684,8330,Calypso,251.7,D
Z21CT2,Le Bouscat,BOUCLE,,,,44.863124,-0.6028684,8331,Mairie du Bouscat,288.3,D
Z15CT9,Bordeaux,BOUCLE,11,0.070929,0.076520,44.8550276,-0.5767243,3173,Camille Godard,193.0,15
Z15CT9,Bordeaux,BOUCLE,11,0.070929,0.076520,44.8550276,-0.5767243,3177,Camille Godard,128.3,15
Z15CT9,Bordeaux,BOUCLE,11,0.070929,0.076520,44.8550276,-0.5767243,5398,Camille Godard,181.4,C;E
Z15CT9,Bordeaux,BOUCLE,11,0.070929,0.076520,44.8550276,-0.5767243,5399,Camille Godard,180.3,C;E
Z15CT9,Bordeaux,BOUCLE,11,0.070929,0.076520,44.8550276,-0.5767243,4574,Luze,94.8,15
Z15CT9,Bordeaux,BOUCLE,11,0.070929,0.076520,44.8550276,-0.5767243,5408,Piscine Grand Parc,169.0,15
Z15CT4,Bordeaux,BOUCLE,0,0.065393,0.058248,44.8510158,-0.5743494,1971,Paul Doumer,121.7,15;5;N7
Z15CT4,Bordeaux,BOUCLE,0,0.065393,0.058248,44.8510158,-0.5743494,2442,Paul Doumer,104.0,15;5;N5
Z15CT4,Bordeaux,BOUCLE,0,0.065393,0.058248,44.8510158,-0.5743494,5396,Paul Doumer,107.7,C;E
Z15CT4,Bordeaux,BOUCLE,0,0.065393,0.058248,44.8510158,-0.5743494,5397,Paul Doumer,99.4,C;E
Z15CT4,Bordeaux,BOUCLE,0,0.065393,0.058248,44.8510158,-0.5743494,1649,Rue d'Aviau,240.2,23
Z31CT4,Lormont,BOUCLE,30,0.045455,0.068083,44.8844683,-0.518059,1722,Professeur Vincent,281.7,27;7
Z31CT4,Lormont,BOUCLE,30,0.045455,0.068083,44.8844683,-0.518059,3298,Professeur Vincent,298.6,27;7
Z31CT4,Lormont,BOUCLE,30,0.045455,0.068083,44.8844683,-0.518059,6455,Rue du Manoir,274.3,27;60;7;Bus A
Z31CT4,Lormont,BOUCLE,30,0.045455,0.068083,44.8844683,-0.518059,6456,Rue du Manoir,262.8,27;60;7;Bus A
Z31CT4,Lormont,BOUCLE,30,0.045455,0.068083,44.8844683,-0.518059,2542,Sourdis,252.2,60;Bus A
Z31CT4,Lormont,BOUCLE,30,0.045455,0.068083,44.8844683,-0.518059,2552,Sourdis,252.0,60;Bus A
Z31CT6,Lormont,BOUCLE,32,0.081689,0.079362,44.8847404,-0.5191755,1722,Professeur Vincent,192.1,27;7
Z31CT6,Lormont,BOUCLE,32,0.081689,0.079362,44.8847404,-0.5191755,3298,Professeur Vincent,208.4,27;7
Z31CT6,Lormont,BOUCLE,32,0.081689,0.079362,44.8847404,-0.5191755,6455,Rue du Manoir,213.2,27;60;7;Bus A
Z31CT6,Lormont,BOUCLE,32,0.081689,0.079362,44.8847404,-0.5191755,6456,Rue du Manoir,203.1,27;60;7;Bus A
Z31CT6,Lormont,BOUCLE,32,0.081689,0.079362,44.8847404,-0.5191755,2542,Sourdis,177.2,60;Bus A
Z31CT6,Lormont,BOUCLE,32,0.081689,0.079362,44.8847404,-0.5191755,2552,Sourdis,174.4,60;Bus A
Z29CT6,Cenon,BOUCLE,0,0.060761,0.101575,44.8454648,-0.5387324,2386,Anatole France,251.0,24;28;65;H2
Z29CT6,Cenon,BOUCLE,0,0.060761,0.101575,44.8454648,-0.5387324,424,Anatole France,251.4,24;28;65;H1
Z29CT6,Cenon,BOUCLE,0,0.060761,0.101575,44.8454648,-0.5387324,9246,Piscine Galin,276.8,24;28;31
Z29CT5,Bordeaux,BOUCLE,0,,,44.8480761,-0.5423415,13212,Galin,235.9,31
Z29CT5,Bordeaux,BOUCLE,0,,,44.8480761,-0.5423415,3704,Galin,247.2,A;E
Z29CT5,Bordeaux,BOUCLE,0,,,44.8480761,-0.5423415,3705,Galin,244.4,A;E
Z29CT5,Bordeaux,BOUCLE,0,,,44.8480761,-0.5423415,5734,Galin,183.5,24;28
Z29CT5,Bordeaux,BOUCLE,0,,,44.8480761,-0.5423415,6402,Galin,161.8,24;31
Z29CT5,Bordeaux,BOUCLE,0,,,44.8480761,-0.5423415,4005,Galin Terminus,193.7,28;N6
Z29CT5,Bordeaux,BOUCLE,0,,,44.8480761,-0.5423415,5745,Piscine Galin,27.4,24;28
Z29CT5,Bordeaux,BOUCLE,0,,,44.8480761,-0.5423415,9246,Piscine Galin,136.4,24;28;31
Z29CT7,Cenon,BOUCLE,,,,44.8459045,-0.5347612,2386,Anatole France,100.8,24;28;65;H2
Z29CT7,Cenon,BOUCLE,,,,44.8459045,-0.5347612,424,Anatole France,77.8,24;28;65;H1
Z29CT7,Cenon,BOUCLE,,,,44.8459045,-0.5347612,1437,Emile Combes,130.3,60
Z29CT7,Cenon,BOUCLE,,,,44.8459045,-0.5347612,2048,Emile Combes,176.0,60
Z29CT7,Cenon,BOUCLE,,,,44.8459045,-0.5347612,2385,Entre-Deux-Mers,155.7,24;28;60;65;H2
Z29CT7,Cenon,BOUCLE,,,,44.8459045,-0.5347612,1195,Jules Ferry,223.3,24;28;60;65;H1
Z29CT10,Floirac,BOUCLE,0,0.058537,0.096829,44.8469571,-0.5119886,3611,Dubedout,42.0,28;S1;S2;S3
Z29CT10,Floirac,BOUCLE,0,0.058537,0.096829,44.8469571,-0.5119886,3612,Dubedout,22.1,28;S1;S2;S3
Z29CT10,Floirac,BOUCLE,0,0.058537,0.096829,44.8469571,-0.5119886,5217,Floirac Dravemont,171.1,A;E
Z29CT10,Floirac,BOUCLE,0,0.058537,0.096829,44.8469571,-0.5119886,5220,Floirac Dravemont,182.4,32
Z29CT10,Floirac,BOUCLE,0,0.058537,0.096829,44.8469571,-0.5119886,5226,Floirac Dravemont,174.0,1;28;54;65
Z29CT10,Floirac,BOUCLE,0,0.058537,0.096829,44.8469571,-0.5119886,6330,Floirac Dravemont,190.3,Bus A
Z29CT10,Floirac,BOUCLE,0,0.058537,0.096829,44.8469571,-0.5119886,1601,Floirac Dravemont (av Allende),157.0,1;28;32;54;65;Bus A
Z17CT2,Talence,BOUCLE,32,0.070360,0.083262,44.8089344,-0.591438,7802,Médiathèque,279.9,23;31;TBNight
Z17CT2,Talence,BOUCLE,32,0.070360,0.083262,44.8089344,-0.591438,7801,Médiathèque (côté Château Margaut),270.1,23;31;TBNight
Z17CT2,Talence,BOUCLE,32,0.070360,0.083262,44.8089344,-0.591438,9301,Noailles,252.8,73
Z17CT2,Talence,BOUCLE,32,0.070360,0.083262,44.8089344,-0.591438,9302,Noailles,263.1,73
Z17CT2,Talence,BOUCLE,32,0.070360,0.083262,44.8089344,-0.591438,371,Peixotto,268.7,31;34;TBNight
Z17CT2,Talence,BOUCLE,32,0.070360,0.083262,44.8089344,-0.591438,3741,Peixotto,208.8,B
Z17CT2,Talence,BOUCLE,32,0.070360,0.083262,44.8089344,-0.591438,3742,Peixotto,212.3,B
Z17CT2,Talence,BOUCLE,32,0.070360,0.083262,44.8089344,-0.591438,3551,Peixotto (côté Mairie),66.6,23
Z17CT2,Talence,BOUCLE,32,0.070360,0.083262,44.8089344,-0.591438,4112,Peixotto (côté Université),66.9,23
Z17CT2,Talence,BOUCLE,32,0.070360,0.083262,44.8089344,-0.591438,3819,Peixotto (Tram B),253.9,34
Z17CT2,Talence,BOUCLE,32,0.070360,0.083262,44.8089344,-0.591438,8791,Peixotto (Tram B),280.4,31;TBNight
Z17CT2,Talence,BOUCLE,32,0.070360,0.083262,44.8089344,-0.591438,9300,Talence Centre-Forum,194.2,73
Z17CT2,Talence,BOUCLE,32,0.070360,0.083262,44.8089344,-0.591438,9304,Talence Centre-Forum,180.9,73
Z17CT2,Talence,BOUCLE,32,0.070360,0.083262,44.8089344,-0.591438,1637,Talence Centre-Forum (côté Esplanade),271.2,23
Z17CT6,Talence,BOUCLE,29,0.055125,0.078217,44.8020646,-0.5936051,1671,Avenue de l'Université,119.3,31;34;35;8;87;TBNight
Z17CT6,Talence,BOUCLE,29,0.055125,0.078217,44.8020646,-0.5936051,2633,Avenue de l'Université,128.4,31;34;35;8;87;TBNight
Z17CT6,Talence,BOUCLE,29,0.055125,0.078217,44.8020646,-0.5936051,1633,Lycée Kastler,283.4,35;8;87;TBNight
Z17CT6,Talence,BOUCLE,29,0.055125,0.078217,44.8020646,-0.5936051,1614,Lycée Victor Louis,96.0,31;34;TBNight
Z17CT6,Talence,BOUCLE,29,0.055125,0.078217,44.8020646,-0.5936051,1634,Lycée Victor Louis,101.3,31;34;TBNight
Z1704CT5,Talence,BOUCLE,11,,,44.8096568,-0.6001923,6751,INRIA,100.6,73;8;80
Z1704CT5,Talence,BOUCLE,11,,,44.8096568,-0.6001923,6752,INRIA,61.1,73;8;80
Z1704CT5,Talence,BOUCLE,11,,,44.8096568,-0.6001923,3508,Pelletan,296.0,73;8;80
Z1704CT5,Talence,BOUCLE,11,,,44.8096568,-0.6001923,3509,Pelletan,254.4,73;8;80
Z1704CT7,Talence,BOUCLE,11,,,44.8085358,-0.6002659,6751,INRIA,24.2,73;8;80
Z1704CT7,Talence,BOUCLE,11,,,44.8085358,-0.6002659,6752,INRIA,64.1,73;8;80
Z1704CT7,Talence,BOUCLE,11,,,44.8085358,-0.6002659,2528,Village 1,274.3,35;80;87;TBNight
Z1704CT7,Talence,BOUCLE,11,,,44.8085358,-0.6002659,3294,Village 1,281.5,35;80;87;TBNight
Z1704CT4,Talence,BOUCLE,48,,,44.8078809,-0.6027209,3737,Arts & Métiers,213.8,B
Z1704CT4,Talence,BOUCLE,48,,,44.8078809,-0.6027209,3738,Arts & Métiers,211.3,B
Z1704CT4,Talence,BOUCLE,48,,,44.8078809,-0.6027209,6751,INRIA,218.0,73;8;80
Z1704CT4,Talence,BOUCLE,48,,,44.8078809,-0.6027209,6752,INRIA,235.4,73;8;80
Z1704CT4,Talence,BOUCLE,48,,,44.8078809,-0.6027209,2528,Village 1,69.9,35;80;87;TBNight
Z1704CT4,Talence,BOUCLE,48,,,44.8078809,-0.6027209,3294,Village 1,82.9,35;80;87;TBNight
Z14CT18,Bordeaux,BOUCLE,0,0.075991,0.065509,44.8605133,-0.5533759,5260,La Cité du Vin,26.2,B
Z14CT18,Bordeaux,BOUCLE,0,0.075991,0.065509,44.8605133,-0.5533759,5261,La Cité du Vin,29.8,B
Z14CT18,Bordeaux,BOUCLE,0,0.075991,0.065509,44.8605133,-0.5533759,6433,La Cité du Vin,30.4,25
Z14CT18,Bordeaux,BOUCLE,0,0.075991,0.065509,44.8605133,-0.5533759,6825,La Cité du Vin,68.5,27;53;7;H1;H2;N1;N2
Z14CT18,Bordeaux,BOUCLE,0,0.075991,0.065509,44.8605133,-0.5533759,6827,La Cité du Vin,59.8,25;27;53;7;H1;N4;N7
Z14CT18,Bordeaux,BOUCLE,0,0.075991,0.065509,44.8605133,-0.5533759,6835,La Cité du Vin,218.6,N3;N5;N6;TBNight
Z14CT18,Bordeaux,BOUCLE,0,0.075991,0.065509,44.8605133,-0.5533759,6836,La Cité du Vin,212.9,H1;N1;TBNight
Z14CT13,Bordeaux,BOUCLE,8,0.070727,0.061618,44.8586404,-0.5571163,6835,La Cité du Vin,142.6,N3;N5;N6;TBNight
Z14CT13,Bordeaux,BOUCLE,8,0.070727,0.061618,44.8586404,-0.5571163,6836,La Cité du Vin,149.4,H1;N1;TBNight
Z14CT13,Bordeaux,BOUCLE,8,0.070727,0.061618,44.8586404,-0.5571163,5258,Les Hangars,158.2,B
Z14CT13,Bordeaux,BOUCLE,8,0.070727,0.061618,44.8586404,-0.5571163,5259,Les Hangars,150.7,B
Z14CT13,Bordeaux,BOUCLE,8,0.070727,0.061618,44.8586404,-0.5571163,6837,Les Hangars,211.7,N3;N5;N6;TBNight
Z14CT13,Bordeaux,BOUCLE,8,0.070727,0.061618,44.8586404,-0.5571163,6838,Les Hangars,213.6,N1;TBNight
Z14CT14,Bordeaux,BOUCLE,36,0.064591,0.067198,44.8574056,-0.5597276,8584,Cours du Médoc,285.0,N3;N5;N6;TBNight
Z14CT14,Bordeaux,BOUCLE,36,0.064591,0.067198,44.8574056,-0.5597276,5258,Les Hangars,90.7,B
Z14CT14,Bordeaux,BOUCLE,36,0.064591,0.067198,44.8574056,-0.5597276,5259,Les Hangars,97.6,B
Z14CT14,Bordeaux,BOUCLE,36,0.064591,0.067198,44.8574056,-0.5597276,6837,Les Hangars,36.1,N3;N5;N6;TBNight
Z14CT14,Bordeaux,BOUCLE,36,0.064591,0.067198,44.8574056,-0.5597276,6838,Les Hangars,33.9,N1;TBNight
Z5CT3,Floirac,BOUCLE,41,,,44.8256971,-0.5361886,6375,AIA,259.5,25;28
Z5CT3,Floirac,BOUCLE,41,,,44.8256971,-0.5361886,6393,AIA,192.7,25;28
Z5CT3,Floirac,BOUCLE,41,,,44.8256971,-0.5361886,1721,Arena,256.7,28
Z5CT3,Floirac,BOUCLE,41,,,44.8256971,-0.5361886,2292,Arena,247.4,28
Z5CT3,Floirac,BOUCLE,41,,,44.8256971,-0.5361886,8042,Arena,265.5,25
Z5CT3,Floirac,BOUCLE,41,,,44.8256971,-0.5361886,9720,Arena,276.3,Arena
Z5CT3,Floirac,BOUCLE,41,,,44.8256971,-0.5361886,9732,Arena,201.5,1;54;H2
Z5CT3,Floirac,BOUCLE,41,,,44.8256971,-0.5361886,9733,Arena,210.6,54;Arena
Z5CT3,Floirac,BOUCLE,41,,,44.8256971,-0.5361886,9791,Arena,239.4,1;H1
Z3CT14,Bordeaux,BOUCLE,10,0.067102,0.127078,44.8291587,-0.5805392,455,Amédée Larrieu,127.6,20;4
Z3CT14,Bordeaux,BOUCLE,10,0.067102,0.127078,44.8291587,-0.5805392,9109,Bergonié (rue St Genès),287.4,N4
Z3CT14,Bordeaux,BOUCLE,10,0.067102,0.127078,44.8291587,-0.5805392,2744,Costedoat,289.7,20;4;N4
Z3CT12,Bordeaux,BOUCLE,7,,,44.8313496,-0.574828,823,Bourse du Travail,286.5,1;15;20;23;5;G;N5;N6
Z3CT12,Bordeaux,BOUCLE,7,,,44.8313496,-0.574828,2744,Costedoat,265.8,20;4;N4
Z3CT12,Bordeaux,BOUCLE,7,,,44.8313496,-0.574828,3751,Saint-Nicolas,271.3,B
Z3CT12,Bordeaux,BOUCLE,7,,,44.8313496,-0.574828,3752,Saint-Nicolas,273.0,B
Z3CT12,Bordeaux,BOUCLE,7,,,44.8313496,-0.574828,3549,Victoire,83.8,1;15;20;23;5;G;N1;N4;N7
Z3CT12,Bordeaux,BOUCLE,7,,,44.8313496,-0.574828,3753,Victoire,141.2,B
Z3CT12,Bordeaux,BOUCLE,7,,,44.8313496,-0.574828,3754,Victoire,142.4,B
Z3CT12,Bordeaux,BOUCLE,7,,,44.8313496,-0.574828,3801,Victoire,89.0,1;20;G;N2
Z3CT12,Bordeaux,BOUCLE,7,,,44.8313496,-0.574828,9722,Victoire,59.2,15;23;5;N5;N6
Z3CT12,Bordeaux,BOUCLE,7,,,44.8313496,-0.574828,3501,Victoire (Somme),260.0,5;TBNight
Z3CT12,Bordeaux,BOUCLE,7,,,44.8313496,-0.574828,3546,Victoire (Somme),265.5,5;TBNight
Z3CT16,Bordeaux,BOUCLE,6,0.059547,0.059355,44.8289612,-0.5641726,9198,Capucins,298.3,1;20;G;N1;N4;N7;TBNight
Z3CT16,Bordeaux,BOUCLE,6,0.059547,0.059355,44.8289612,-0.5641726,9199,Lycée Gustave Eiffel,87.0,1;20;G;N2;N5;N6;TBNight
Z3CT16,Bordeaux,BOUCLE,6,0.059547,0.059355,44.8289612,-0.5641726,9200,Lycée Gustave Eiffel,70.4,1;20;G;N1;N4;N7;TBNight
Z3CT16,Bordeaux,BOUCLE,6,0.059547,0.059355,44.8289612,-0.5641726,420,Peyronnet,282.6,9
Z11CT15,Talence,BOUCLE,22,0.086084,0.078749,44.8172041,-0.5856086,3745,Roustaing,29.4,B
Z11CT15,Talence,BOUCLE,22,0.086084,0.078749,44.8172041,-0.5856086,3746,Roustaing,29.2,B
Z11CT8,Talence,BOUCLE,19,0.075064,0.086018,44.8200844,-0.5837542,3747,Barrière Saint-Genès,90.6,B
Z11CT8,Talence,BOUCLE,19,0.075064,0.086018,44.8200844,-0.5837542,3748,Barrière Saint-Genès,190.3,B
Z11CT8,Talence,BOUCLE,19,0.075064,0.086018,44.8200844,-0.5837542,4057,Barrière Saint-Genès,152.7,9;H1
Z11CT8,Talence,BOUCLE,19,0.075064,0.086018,44.8200844,-0.5837542,4154,Barrière Saint-Genès,153.2,9;H2
Z11CT8,Talence,BOUCLE,19,0.075064,0.086018,44.8200844,-0.5837542,9108,Barrière Saint-Genès (rue Saint-Genès),178.2,N4
Z11CT17,Bordeaux,BOUCLE,13,0.077387,0.078896,44.8231915,-0.580008,3748,Barrière Saint-Genès,270.3,B
Z11CT17,Bordeaux,BOUCLE,13,0.077387,0.078896,44.8231915,-0.580008,9108,Barrière Saint-Genès (rue Saint-Genès),287.1,N4
Z11CT17,Bordeaux,BOUCLE,13,0.077387,0.078896,44.8231915,-0.580008,3749,Bergonié,248.6,B
Z11CT17,Bordeaux,BOUCLE,13,0.077387,0.078896,44.8231915,-0.580008,3750,Bergonié,244.9,B
Z11CT13,Bordeaux,BOUCLE,0,0.075315,0.080999,44.8170151,-0.5754863,2349,Barrière de Toulouse,297.4,23;5;9;TBNight
Z11CT13,Bordeaux,BOUCLE,0,0.075315,0.080999,44.8170151,-0.5754863,9810,Barrière de Toulouse,244.9,31;9;H1;TBNight
Z11CT13,Bordeaux,BOUCLE,0,0.075315,0.080999,44.8170151,-0.5754863,2348,Boulevard Roosevelt,131.3,31;9;H2;TBNight
Z11CT13,Bordeaux,BOUCLE,0,0.075315,0.080999,44.8170151,-0.5754863,1288,Brun,268.1,23;5;9;TBNight
Z11CT13,Bordeaux,BOUCLE,0,0.075315,0.080999,44.8170151,-0.5754863,421,Brun,254.9,23;5;9;TBNight
Z11CT13,Bordeaux,BOUCLE,0,0.075315,0.080999,44.8170151,-0.5754863,3217,Pont de Cauderès,75.3,31;TBNight
Z11CT13,Bordeaux,BOUCLE,0,0.075315,0.080999,44.8170151,-0.5754863,3218,Pont de Cauderès,92.8,31;TBNight
Z20CT7,Bordeaux,BOUCLE,,,,44.8511801,-0.6084408,1263,Dauphine,166.9,2
Z20CT7,Bordeaux,BOUCLE,,,,44.8511801,-0.6084408,3170,Dauphine,216.5,2
Z20CT7,Bordeaux,BOUCLE,,,,44.8511801,-0.6084408,1808,Grand-Lebrun,116.2,2
Z20CT7,Bordeaux,BOUCLE,,,,44.8511801,-0.6084408,2975,Grand-Lebrun,109.2,G
Z20CT7,Bordeaux,BOUCLE,,,,44.8511801,-0.6084408,2976,Grand-Lebrun,110.7,2
Z20CT7,Bordeaux,BOUCLE,,,,44.8511801,-0.6084408,9083,Grand-Lebrun,109.8,G
Z20CT3,Bordeaux,BOUCLE,37,0.075889,0.089501,44.8565557,-0.6183162,9179,Collège Saint-André,262.4,G
Z20CT3,Bordeaux,BOUCLE,37,0.075889,0.089501,44.8565557,-0.6183162,9180,Collège Saint-André,235.1,G
Z20CT5,Bordeaux,BOUCLE,21,0.081897,0.085544,44.8564947,-0.6182439,9179,Collège Saint-André,254.3,G
Z20CT5,Bordeaux,BOUCLE,21,0.081897,0.085544,44.8564947,-0.6182439,9180,Collège Saint-André,227.2,G
Z23CT1,Bruges,BOUCLE,,,,44.8711584,-0.6138311,813,Renaudel,250.4,33
Z23CT1,Bruges,BOUCLE,,,,44.8711584,-0.6138311,1754,Sainte-Germaine,84.3,33
Z23CT1,Bruges,BOUCLE,,,,44.8711584,-0.6138311,8151,Sainte-Germaine,72.7,33
Z23CT1,Bruges,BOUCLE,,,,44.8711584,-0.6138311,8343,Sainte-Germaine,42.4,D
Z23CT1,Bruges,BOUCLE,,,,44.8711584,-0.6138311,8344,Sainte-Germaine,86.8,D
Z23CT12,Le Bouscat,BOUCLE,41,0.053184,0.077092,44.8759231,-0.6209694,2929,Centre Commercial Bruges,199.0,35;72
Z23CT12,Le Bouscat,BOUCLE,41,0.053184,0.077092,44.8759231,-0.6209694,2930,Centre Commercial Bruges,205.8,35;72
Z23CT12,Le Bouscat,BOUCLE,41,0.053184,0.077092,44.8759231,-0.6209694,1764,Champ de Courses - Treulon,61.5,35;72
Z23CT12,Le Bouscat,BOUCLE,41,0.053184,0.077092,44.8759231,-0.6209694,8345,Champ de Courses - Treulon,56.2,D
Z23CT12,Le Bouscat,BOUCLE,41,0.053184,0.077092,44.8759231,-0.6209694,8346,Champ de Courses - Treulon,97.2,D
Z23CT12,Le Bouscat,BOUCLE,41,0.053184,0.077092,44.8759231,-0.6209694,8731,Champ de Courses - Treulon,74.4,35;72
Z23CT2,Bruges,BOUCLE,63,,,44.8771473,-0.6226705,1764,Champ de Courses - Treulon,130.8,35;72
Z23CT2,Bruges,BOUCLE,63,,,44.8771473,-0.6226705,8345,Champ de Courses - Treulon,135.2,D
Z23CT2,Bruges,BOUCLE,63,,,44.8771473,-0.6226705,8346,Champ de Courses - Treulon,93.9,D
Z23CT2,Bruges,BOUCLE,63,,,44.8771473,-0.6226705,8731,Champ de Courses - Treulon,116.9,35;72
Z23CT7,Eysines,BOUCLE,67,0.048616,0.083711,44.8779626,-0.6239892,1764,Champ de Courses - Treulon,267.9,35;72
Z23CT7,Eysines,BOUCLE,67,0.048616,0.083711,44.8779626,-0.6239892,8345,Champ de Courses - Treulon,272.6,D
Z23CT7,Eysines,BOUCLE,67,0.048616,0.083711,44.8779626,-0.6239892,8346,Champ de Courses - Treulon,231.5,D
Z23CT7,Eysines,BOUCLE,67,0.048616,0.083711,44.8779626,-0.6239892,8731,Champ de Courses - Treulon,254.8,35;72
Z23CT10,Eysines,BOUCLE,54,0.077115,0.069848,44.8830529,-0.6315623,6349,Baudon,164.0,70
Z23CT10,Eysines,BOUCLE,54,0.077115,0.069848,44.8830529,-0.6315623,2954,Le Vigean (Centre Commercial),47.6,70;72
Z23CT10,Eysines,BOUCLE,54,0.077115,0.069848,44.8830529,-0.6315623,2955,Le Vigean (Centre Commercial),6.5,70;72
Z23CT10,Eysines,BOUCLE,54,0.077115,0.069848,44.8830529,-0.6315623,6344,Les Templiers,287.7,70
Z23CT11,Eysines,BOUCLE,68,0.059151,0.070368,44.8832834,-0.6319957,6349,Baudon,194.7,70
Z23CT11,Eysines,BOUCLE,68,0.059151,0.070368,44.8832834,-0.6319957,2954,Le Vigean (Centre Commercial),90.2,70;72
Z23CT11,Eysines,BOUCLE,68,0.059151,0.070368,44.8832834,-0.6319957,2955,Le Vigean (Centre Commercial),48.3,70;72
Z23CT11,Eysines,BOUCLE,68,0.059151,0.070368,44.8832834,-0.6319957,2956,Route de Pauillac,261.6,38;70;72
Z23CT11,Eysines,BOUCLE,68,0.059151,0.070368,44.8832834,-0.6319957,2957,Route de Pauillac,283.5,38;70;72
Z13CT5,Bordeaux,BOUCLE,172,0.057951,0.059418,44.8513904,-0.5952205,8325,Barrière du Médoc,290.5,D
Z13CT5,Bordeaux,BOUCLE,172,0.057951,0.059418,44.8513904,-0.5952205,8326,Barrière du Médoc,296.6,D
Z13CT5,Bordeaux,BOUCLE,172,0.057951,0.059418,44.8513904,-0.5952205,3869,Barrière du Médoc (av d'Eysines),219.7,23
Z13CT5,Bordeaux,BOUCLE,172,0.057951,0.059418,44.8513904,-0.5952205,7951,Barrière du Médoc (av d'Eysines),213.8,23
Z13CT5,Bordeaux,BOUCLE,172,0.057951,0.059418,44.8513904,-0.5952205,2329,Parc Bordelais (Boulevards),83.2,70;9;H1
Z13CT5,Bordeaux,BOUCLE,172,0.057951,0.059418,44.8513904,-0.5952205,9815,Parc Bordelais (Boulevards),39.4,70;9;H2
Z13CT3,Bordeaux,BOUCLE,54,0.062336,0.058755,44.8528491,-0.5942512,8325,Barrière du Médoc,126.5,D
Z13CT3,Bordeaux,BOUCLE,54,0.062336,0.058755,44.8528491,-0.5942512,8326,Barrière du Médoc,120.6,D
Z13CT3,Bordeaux,BOUCLE,54,0.062336,0.058755,44.8528491,-0.5942512,3869,Barrière du Médoc (av d'Eysines),74.2,23
Z13CT3,Bordeaux,BOUCLE,54,0.062336,0.058755,44.8528491,-0.5942512,7951,Barrière du Médoc (av d'Eysines),50.6,23
Z13CT3,Bordeaux,BOUCLE,54,0.062336,0.058755,44.8528491,-0.5942512,2330,Barrière du Médoc (Boulevards),229.1,70;9;H1
Z13CT3,Bordeaux,BOUCLE,54,0.062336,0.058755,44.8528491,-0.5942512,8991,Barrière du Médoc (Boulevards),172.5,70;9;H2;N2
Z13CT3,Bordeaux,BOUCLE,54,0.062336,0.058755,44.8528491,-0.5942512,2642,Barrière du Médoc (rue Johnston),167.2,23
Z13CT3,Bordeaux,BOUCLE,54,0.062336,0.058755,44.8528491,-0.5942512,1228,Ernest Renan,235.6,23
Z13CT3,Bordeaux,BOUCLE,54,0.062336,0.058755,44.8528491,-0.5942512,691,Parc Bordelais,249.1,23
Z13CT3,Bordeaux,BOUCLE,54,0.062336,0.058755,44.8528491,-0.5942512,2329,Parc Bordelais (Boulevards),96.6,70;9;H1
Z13CT3,Bordeaux,BOUCLE,54,0.062336,0.058755,44.8528491,-0.5942512,9815,Parc Bordelais (Boulevards),141.3,70;9;H2
Z13CT4,Bordeaux,BOUCLE,65,0.060541,0.059179,44.844647,-0.5989737,9185,Barrière Saint-Médard,232.8,2;G
Z13CT4,Bordeaux,BOUCLE,65,0.060541,0.059179,44.844647,-0.5989737,641,Cité Administrative,193.3,70;9;H1
Z13CT12,Bordeaux,BOUCLE,28,0.086139,0.067333,44.8478334,-0.6020558,9183,Ecole Normale,53.6,2;G
Z13CT12,Bordeaux,BOUCLE,28,0.086139,0.067333,44.8478334,-0.6020558,9184,Parc Bordelais,212.3,2;G
Z13CT14,Bordeaux,BOUCLE,28,0.062152,0.059369,44.8518257,-0.5908057,5946,Arsenal,293.7,82
Z13CT14,Bordeaux,BOUCLE,28,0.062152,0.059369,44.8518257,-0.5908057,8325,Barrière du Médoc,235.5,D
Z13CT14,Bordeaux,BOUCLE,28,0.062152,0.059369,44.8518257,-0.5908057,8326,Barrière du Médoc,277.8,D
Z13CT14,Bordeaux,BOUCLE,28,0.062152,0.059369,44.8518257,-0.5908057,2642,Barrière du Médoc (rue Johnston),191.9,23
Z13CT14,Bordeaux,BOUCLE,28,0.062152,0.059369,44.8518257,-0.5908057,1228,Ernest Renan,59.0,23
Z13CT14,Bordeaux,BOUCLE,28,0.062152,0.059369,44.8518257,-0.5908057,1653,Labottière,100.6,23;82
Z13CT9,Bordeaux,BOUCLE,0,0.080714,0.070777,44.8525368,-0.589876,5946,Arsenal,187.3,82
Z13CT9,Bordeaux,BOUCLE,0,0.080714,0.070777,44.8525368,-0.589876,8325,Barrière du Médoc,251.3,D
Z13CT9,Bordeaux,BOUCLE,0,0.080714,0.070777,44.8525368,-0.589876,8326,Barrière du Médoc,290.9,D
Z13CT9,Bordeaux,BOUCLE,0,0.080714,0.070777,44.8525368,-0.589876,2642,Barrière du Médoc (rue Johnston),199.4,23
Z13CT9,Bordeaux,BOUCLE,0,0.080714,0.070777,44.8525368,-0.589876,1228,Ernest Renan,137.4,23
Z13CT9,Bordeaux,BOUCLE,0,0.080714,0.070777,44.8525368,-0.589876,1653,Labottière,17.8,23;82
Z402CT2,Bordeaux,BOUCLE,3,,,44.8372804,-0.5895563,13111,Hôtel de Police,281.4,Bus F
Z402CT2,Bordeaux,BOUCLE,3,,,44.8372804,-0.5895563,4581,Hôtel de Police,272.7,A;F
Z402CT2,Bordeaux,BOUCLE,3,,,44.8372804,-0.5895563,4582,Hôtel de Police,268.1,A;F
Z402CT2,Bordeaux,BOUCLE,3,,,44.8372804,-0.5895563,279,Manège,255.0,1;51
Z402CT2,Bordeaux,BOUCLE,3,,,44.8372804,-0.5895563,8821,Patinoire,195.8,82
Z402CT2,Bordeaux,BOUCLE,3,,,44.8372804,-0.5895563,3269,Préfecture,195.1,82
Z402CT2,Bordeaux,BOUCLE,3,,,44.8372804,-0.5895563,15044,Saint Bruno,14.2,Bus F
Z402CT2,Bordeaux,BOUCLE,3,,,44.8372804,-0.5895563,1508,Saint-Bruno - Hôtel de Région,144.6,70;82
Z402CT2,Bordeaux,BOUCLE,3,,,44.8372804,-0.5895563,1929,Saint-Bruno - Hôtel de Région,139.8,1;51
Z402CT2,Bordeaux,BOUCLE,3,,,44.8372804,-0.5895563,2562,Saint-Bruno - Hôtel de Région,45.3,70;82
Z402CT2,Bordeaux,BOUCLE,3,,,44.8372804,-0.5895563,4579,Saint-Bruno - Hôtel de Région,28.2,A;F
Z402CT2,Bordeaux,BOUCLE,3,,,44.8372804,-0.5895563,4580,Saint-Bruno - Hôtel de Région,33.7,A;F
Z402CT2,Bordeaux,BOUCLE,3,,,44.8372804,-0.5895563,8714,Saint-Bruno - Hôtel de Région,26.3,Bus F
Z4CT10,Bordeaux,BOUCLE,22,0.072708,0.057515,44.8400909,-0.581801,3216,Galerie des Beaux Arts,145.0,15;23;5;N1;N7
Z4CT10,Bordeaux,BOUCLE,22,0.072708,0.057515,44.8400909,-0.581801,5621,Galerie des Beaux Arts,110.0,15;2;23;5;N5;N6
Z4CT10,Bordeaux,BOUCLE,22,0.072708,0.057515,44.8400909,-0.581801,2444,Gambetta,108.8,15;23;5;N5;N6
Z4CT10,Bordeaux,BOUCLE,22,0.072708,0.057515,44.8400909,-0.581801,6447,Gambetta,283.7,15;23;5;N1;N7
Z4CT10,Bordeaux,BOUCLE,22,0.072708,0.057515,44.8400909,-0.581801,6701,Gambetta,264.2,2
Z4CT10,Bordeaux,BOUCLE,22,0.072708,0.057515,44.8400909,-0.581801,9030,Gambetta,196.4,2
Z4CT10,Bordeaux,BOUCLE,22,0.072708,0.057515,44.8400909,-0.581801,3759,Gambetta - madd,284.2,B
Z4CT10,Bordeaux,BOUCLE,22,0.072708,0.057515,44.8400909,-0.581801,3760,Gambetta - madd,276.8,B
Z4CT10,Bordeaux,BOUCLE,22,0.072708,0.057515,44.8400909,-0.581801,4577,Gambetta Mériadeck,144.5,1
Z4CT10,Bordeaux,BOUCLE,22,0.072708,0.057515,44.8400909,-0.581801,4860,Gambetta Mériadeck,35.2,2;51
Z4CT10,Bordeaux,BOUCLE,22,0.072708,0.057515,44.8400909,-0.581801,9193,Gambetta Mériadeck,155.3,1;16;4;70;Bus F;G
Z4CT10,Bordeaux,BOUCLE,22,0.072708,0.057515,44.8400909,-0.581801,9194,Gambetta Mériadeck,134.9,1;16;2;G;N3
Z4CT10,Bordeaux,BOUCLE,22,0.072708,0.057515,44.8400909,-0.581801,9825,Gambetta Mériadeck,164.4,4
Z4CT10,Bordeaux,BOUCLE,22,0.072708,0.057515,44.8400909,-0.581801,9734,Gambetta Mériadeck (Terminus),239.3,70
Z4CT10,Bordeaux,BOUCLE,22,0.072708,0.057515,44.8400909,-0.581801,3722,Mériadeck,292.3,A;F
Z4CT10,Bordeaux,BOUCLE,22,0.072708,0.057515,44.8400909,-0.581801,3723,Mériadeck,292.4,A;F
Z4CT10,Bordeaux,BOUCLE,22,0.072708,0.057515,44.8400909,-0.581801,40,Saint-Seurin,241.1,1;16;51
Z4CT10,Bordeaux,BOUCLE,22,0.072708,0.057515,44.8400909,-0.581801,9191,Saint-Seurin,268.9,16;2;G
Z4CT9,Bordeaux,BOUCLE,0,0.068342,0.053155,44.8415523,-0.5821513,5621,Galerie des Beaux Arts,274.5,15;2;23;5;N5;N6
Z4CT9,Bordeaux,BOUCLE,0,0.068342,0.053155,44.8415523,-0.5821513,2444,Gambetta,122.3,15;23;5;N5;N6
Z4CT9,Bordeaux,BOUCLE,0,0.068342,0.053155,44.8415523,-0.5821513,6447,Gambetta,204.1,15;23;5;N1;N7
Z4CT9,Bordeaux,BOUCLE,0,0.068342,0.053155,44.8415523,-0.5821513,6701,Gambetta,186.1,2
Z4CT9,Bordeaux,BOUCLE,0,0.068342,0.053155,44.8415523,-0.5821513,9030,Gambetta,132.3,2
Z4CT9,Bordeaux,BOUCLE,0,0.068342,0.053155,44.8415523,-0.5821513,3759,Gambetta - madd,295.9,B
Z4CT9,Bordeaux,BOUCLE,0,0.068342,0.053155,44.8415523,-0.5821513,4577,Gambetta Mériadeck,202.1,1
Z4CT9,Bordeaux,BOUCLE,0,0.068342,0.053155,44.8415523,-0.5821513,4860,Gambetta Mériadeck,173.5,2;51
Z4CT9,Bordeaux,BOUCLE,0,0.068342,0.053155,44.8415523,-0.5821513,9193,Gambetta Mériadeck,288.5,1;16;4;70;Bus F;G
Z4CT9,Bordeaux,BOUCLE,0,0.068342,0.053155,44.8415523,-0.5821513,9194,Gambetta Mériadeck,265.9,1;16;2;G;N3
Z4CT9,Bordeaux,BOUCLE,0,0.068342,0.053155,44.8415523,-0.5821513,9825,Gambetta Mériadeck,216.5,4
Z4CT9,Bordeaux,BOUCLE,0,0.068342,0.053155,44.8415523,-0.5821513,40,Saint-Seurin,165.3,1;16;51
Z4CT9,Bordeaux,BOUCLE,0,0.068342,0.053155,44.8415523,-0.5821513,9191,Saint-Seurin,163.3,16;2;G
Z4CT9,Bordeaux,BOUCLE,0,0.068342,0.053155,44.8415523,-0.5821513,9192,Saint-Seurin,205.2,2;G;N3
Z4CT3,Bordeaux,BOUCLE,43,0.065464,0.057845,44.8425629,-0.5795506,2444,Gambetta,219.1,15;23;5;N5;N6
Z4CT3,Bordeaux,BOUCLE,43,0.065464,0.057845,44.8425629,-0.5795506,6447,Gambetta,45.6,15;23;5;N1;N7
Z4CT3,Bordeaux,BOUCLE,43,0.065464,0.057845,44.8425629,-0.5795506,6701,Gambetta,63.6,2
Z4CT3,Bordeaux,BOUCLE,43,0.065464,0.057845,44.8425629,-0.5795506,9030,Gambetta,130.8,2
Z4CT3,Bordeaux,BOUCLE,43,0.065464,0.057845,44.8425629,-0.5795506,3759,Gambetta - madd,188.2,B
Z4CT3,Bordeaux,BOUCLE,43,0.065464,0.057845,44.8425629,-0.5795506,3760,Gambetta - madd,289.8,B
Z4CT3,Bordeaux,BOUCLE,43,0.065464,0.057845,44.8425629,-0.5795506,7731,Tourny,213.1,15;2;23;5;N1;N7
Z4CT18,Bordeaux,BOUCLE,36,0.073235,0.064768,44.84389,-0.5786597,6447,Gambetta,208.6,15;23;5;N1;N7
Z4CT18,Bordeaux,BOUCLE,36,0.073235,0.064768,44.84389,-0.5786597,6701,Gambetta,227.0,2
Z4CT18,Bordeaux,BOUCLE,36,0.073235,0.064768,44.84389,-0.5786597,9030,Gambetta,293.4,2
Z4CT18,Bordeaux,BOUCLE,36,0.073235,0.064768,44.84389,-0.5786597,1692,Tourny,208.6,15;2;23;5;N5;N6
Z4CT18,Bordeaux,BOUCLE,36,0.073235,0.064768,44.84389,-0.5786597,7731,Tourny,49.6,15;2;23;5;N1;N7
Z4CT17,Bordeaux,BOUCLE,,,,44.8451128,-0.577423,8321,Fondaudège - Muséum,248.4,D
Z4CT17,Bordeaux,BOUCLE,,,,44.8451128,-0.577423,8322,Fondaudège - Muséum,291.0,D
Z4CT17,Bordeaux,BOUCLE,,,,44.8451128,-0.577423,3559,Jardin Public,188.8,15;5;N7
Z4CT17,Bordeaux,BOUCLE,,,,44.8451128,-0.577423,3647,Quinconces,282.7,2;N1
Z4CT17,Bordeaux,BOUCLE,,,,44.8451128,-0.577423,3763,Quinconces,295.1,B
Z4CT17,Bordeaux,BOUCLE,,,,44.8451128,-0.577423,3764,Quinconces,287.6,B
Z4CT17,Bordeaux,BOUCLE,,,,44.8451128,-0.577423,1692,Tourny,59.8,15;2;23;5;N5;N6
Z4CT17,Bordeaux,BOUCLE,,,,44.8451128,-0.577423,7731,Tourny,118.9,15;2;23;5;N1;N7
Z4CT15,Bordeaux,BOUCLE,28,,,44.8457653,-0.5775707,8321,Fondaudège - Muséum,201.4,D
Z4CT15,Bordeaux,BOUCLE,28,,,44.8457653,-0.5775707,8322,Fondaudège - Muséum,241.1,D
Z4CT15,Bordeaux,BOUCLE,28,,,44.8457653,-0.5775707,2443,Jardin Public,287.8,15;23;5;N5
Z4CT15,Bordeaux,BOUCLE,28,,,44.8457653,-0.5775707,3559,Jardin Public,124.6,15;5;N7
Z4CT15,Bordeaux,BOUCLE,28,,,44.8457653,-0.5775707,1692,Tourny,16.9,15;2;23;5;N5;N6
Z4CT15,Bordeaux,BOUCLE,28,,,44.8457653,-0.5775707,7731,Tourny,175.9,15;2;23;5;N1;N7
Z4CT14,Bordeaux,BOUCLE,22,0.071325,0.069661,44.8466148,-0.5769622,8321,Fondaudège - Muséum,234.0,D
Z4CT14,Bordeaux,BOUCLE,22,0.071325,0.069661,44.8466148,-0.5769622,8322,Fondaudège - Muséum,262.5,D
Z4CT14,Bordeaux,BOUCLE,22,0.071325,0.069661,44.8466148,-0.5769622,2443,Jardin Public,182.2,15;23;5;N5
Z4CT14,Bordeaux,BOUCLE,22,0.071325,0.069661,44.8466148,-0.5769622,3559,Jardin Public,18.7,15;5;N7
Z4CT14,Bordeaux,BOUCLE,22,0.071325,0.069661,44.8466148,-0.5769622,5394,Jardin Public,220.6,C;E
Z4CT14,Bordeaux,BOUCLE,22,0.071325,0.069661,44.8466148,-0.5769622,5395,Jardin Public,215.6,C;E
Z4CT14,Bordeaux,BOUCLE,22,0.071325,0.069661,44.8466148,-0.5769622,1692,Tourny,122.8,15;2;23;5;N5;N6
Z4CT14,Bordeaux,BOUCLE,22,0.071325,0.069661,44.8466148,-0.5769622,7731,Tourny,281.6,15;2;23;5;N1;N7
Z4CT20,Bordeaux,BOUCLE,8,0.065483,0.064743,44.8462506,-0.574273,2443,Jardin Public,256.3,15;23;5;N5
Z4CT20,Bordeaux,BOUCLE,8,0.065483,0.064743,44.8462506,-0.574273,3559,Jardin Public,210.0,15;5;N7
Z4CT20,Bordeaux,BOUCLE,8,0.065483,0.064743,44.8462506,-0.574273,5394,Jardin Public,234.4,C;E
Z4CT20,Bordeaux,BOUCLE,8,0.065483,0.064743,44.8462506,-0.574273,5395,Jardin Public,231.6,C;E
Z4CT20,Bordeaux,BOUCLE,8,0.065483,0.064743,44.8462506,-0.574273,3647,Quinconces,182.8,2;N1
Z4CT20,Bordeaux,BOUCLE,8,0.065483,0.064743,44.8462506,-0.574273,3648,Quinconces,268.2,2;N6
Z4CT20,Bordeaux,BOUCLE,8,0.065483,0.064743,44.8462506,-0.574273,3763,Quinconces,201.7,B
Z4CT20,Bordeaux,BOUCLE,8,0.065483,0.064743,44.8462506,-0.574273,3764,Quinconces,197.9,B
Z4CT20,Bordeaux,BOUCLE,8,0.065483,0.064743,44.8462506,-0.574273,3776,Quinconces,249.7,C;D;E
Z4CT20,Bordeaux,BOUCLE,8,0.065483,0.064743,44.8462506,-0.574273,5315,Quinconces,204.6,2
Z4CT20,Bordeaux,BOUCLE,8,0.065483,0.064743,44.8462506,-0.574273,5404,Quinconces,252.8,C;D;E
Z4CT20,Bordeaux,BOUCLE,8,0.065483,0.064743,44.8462506,-0.574273,8582,Quinconces,285.8,N1;TBNight
Z4CT20,Bordeaux,BOUCLE,8,0.065483,0.064743,44.8462506,-0.574273,1692,Tourny,275.4,15;2;23;5;N5;N6
Z16CT4,Pessac,BOUCLE,42,,,44.7924779,-0.6477143,2774,Bellevue,280.9,74
Z16CT4,Pessac,BOUCLE,42,,,44.7924779,-0.6477143,2851,Bellevue,247.8,74
Z16CT4,Pessac,BOUCLE,42,,,44.7924779,-0.6477143,7431,Chataigneraie,101.5,B
Z16CT4,Pessac,BOUCLE,42,,,44.7924779,-0.6477143,7432,Chataigneraie,109.2,B
Z16CT4,Pessac,BOUCLE,42,,,44.7924779,-0.6477143,2514,Châtaigneraie,128.1,34;74
Z16CT4,Pessac,BOUCLE,42,,,44.7924779,-0.6477143,2615,Châtaigneraie,95.4,34;74
Z16CT4,Pessac,BOUCLE,42,,,44.7924779,-0.6477143,9286,Châtaigneraie,93.5,55
Z16CT4,Pessac,BOUCLE,42,,,44.7924779,-0.6477143,9287,Châtaigneraie,128.7,55
Z16CT4,Pessac,BOUCLE,42,,,44.7924779,-0.6477143,9435,Collège F. Mitterrand,220.6,S40
Z27CT13,Pessac,BOUCLE,0,0.061125,0.093688,44.7892927,-0.6562515,2909,Cap Métiers,295.6,55
Z27CT13,Pessac,BOUCLE,0,0.061125,0.093688,44.7892927,-0.6562515,252,Clavé,168.2,74
Z27CT13,Pessac,BOUCLE,0,0.061125,0.093688,44.7892927,-0.6562515,50,Clavé,176.1,74
Z27CT13,Pessac,BOUCLE,0,0.061125,0.093688,44.7892927,-0.6562515,1194,Hôpital Haut-Lévêque,241.0,39;74;77
Z27CT13,Pessac,BOUCLE,0,0.061125,0.093688,44.7892927,-0.6562515,219,Hôpital Haut-Lévêque,263.9,39;74;77
Z27CT13,Pessac,BOUCLE,0,0.061125,0.093688,44.7892927,-0.6562515,7435,Hôpital Haut-Lévêque,184.9,B
Z27CT13,Pessac,BOUCLE,0,0.061125,0.093688,44.7892927,-0.6562515,7436,Hôpital Haut-Lévêque,193.5,B
Z27CT14,Pessac,BOUCLE,48,0.088944,0.080091,44.7922509,-0.6576327,252,Clavé,185.5,74
Z27CT14,Pessac,BOUCLE,48,0.088944,0.080091,44.7922509,-0.6576327,50,Clavé,179.8,74
Z27CT14,Pessac,BOUCLE,48,0.088944,0.080091,44.7922509,-0.6576327,2873,Gare de Pessac Alouette,125.3,39;77
Z27CT14,Pessac,BOUCLE,48,0.088944,0.080091,44.7922509,-0.6576327,2875,Gare de Pessac Alouette,103.9,39;77
Z27CT14,Pessac,BOUCLE,48,0.088944,0.080091,44.7922509,-0.6576327,7437,Gare Pessac Alouette,102.6,B
Z27CT14,Pessac,BOUCLE,48,0.088944,0.080091,44.7922509,-0.6576327,7438,Gare Pessac Alouette,95.8,B
Z08AE,Cenon,SIREDO,,,,44.8538317,-0.5378839,8543,Cenon Gare (Guesde),272.1,25;27;31;H2
Z08AE,Cenon,SIREDO,,,,44.8538317,-0.5378839,9821,Cenon Gare (Guesde),272.1,31;H2
Z08AE,Cenon,SIREDO,,,,44.8538317,-0.5378839,3702,Jean Jaurès,5.4,A;E
Z08AE,Cenon,SIREDO,,,,44.8538317,-0.5378839,3703,Jean Jaurès,13.3,A;E
Z08AE,Cenon,SIREDO,,,,44.8538317,-0.5378839,8541,Jean Jaurès,19.1,31;H2
Z08AE,Cenon,SIREDO,,,,44.8538317,-0.5378839,8542,Jean Jaurès,15.5,31;H1
Z12CT9,Bordeaux,BOUCLE,2,0.068948,0.069940,44.8163712,-0.5753369,2349,Barrière de Toulouse,250.6,23;5;9;TBNight
Z12CT9,Bordeaux,BOUCLE,2,0.068948,0.069940,44.8163712,-0.5753369,9810,Barrière de Toulouse,186.3,31;9;H1;TBNight
Z12CT9,Bordeaux,BOUCLE,2,0.068948,0.069940,44.8163712,-0.5753369,2348,Boulevard Roosevelt,66.5,31;9;H2;TBNight
Z12CT9,Bordeaux,BOUCLE,2,0.068948,0.069940,44.8163712,-0.5753369,1288,Brun,285.2,23;5;9;TBNight
Z12CT9,Bordeaux,BOUCLE,2,0.068948,0.069940,44.8163712,-0.5753369,421,Brun,262.1,23;5;9;TBNight
Z12CT9,Bordeaux,BOUCLE,2,0.068948,0.069940,44.8163712,-0.5753369,3217,Pont de Cauderès,94.9,31;TBNight
Z12CT9,Bordeaux,BOUCLE,2,0.068948,0.069940,44.8163712,-0.5753369,3218,Pont de Cauderès,101.6,31;TBNight
Z12CT1,Bordeaux,BOUCLE,,,,44.8211322,-0.5724726,707,Beautiran,135.0,23;5;TBNight
Z12CT1,Bordeaux,BOUCLE,,,,44.8211322,-0.5724726,742,Beautiran,87.2,23
Z12CT1,Bordeaux,BOUCLE,,,,44.8211322,-0.5724726,1240,Caserne Nansouty,285.1,9
Z12CT1,Bordeaux,BOUCLE,,,,44.8211322,-0.5724726,2398,Kergomard,254.4,5;TBNight
Z12CT1,Bordeaux,BOUCLE,,,,44.8211322,-0.5724726,412,Kergomard,269.5,5;TBNight
Z12CT1,Bordeaux,BOUCLE,,,,44.8211322,-0.5724726,1102,Kyrié,293.1,23
Z12CT1,Bordeaux,BOUCLE,,,,44.8211322,-0.5724726,3190,Kyrié,294.9,23;5
Z12CT1,Bordeaux,BOUCLE,,,,44.8211322,-0.5724726,7981,Nansouty,230.1,23;5;9;TBNight
Z12CT1,Bordeaux,BOUCLE,,,,44.8211322,-0.5724726,7982,Nansouty,244.2,23;5;9;TBNight
Z12CT1,Bordeaux,BOUCLE,,,,44.8211322,-0.5724726,655,Rue de la Réole,258.2,9
Z12CT1,Bordeaux,BOUCLE,,,,44.8211322,-0.5724726,1014,Tillet,77.3,5;TBNight
Z12CT1,Bordeaux,BOUCLE,,,,44.8211322,-0.5724726,185,Tillet,48.7,5;TBNight
Z12CT7,Bordeaux,BOUCLE,0,0.072479,0.070327,44.8172369,-0.5722,2349,Barrière de Toulouse,202.0,23;5;9;TBNight
Z12CT7,Bordeaux,BOUCLE,0,0.072479,0.070327,44.8172369,-0.5722,9810,Barrière de Toulouse,234.6,31;9;H1;TBNight
Z12CT7,Bordeaux,BOUCLE,0,0.072479,0.070327,44.8172369,-0.5722,2348,Boulevard Roosevelt,243.2,31;9;H2;TBNight
Z12CT7,Bordeaux,BOUCLE,0,0.072479,0.070327,44.8172369,-0.5722,1288,Brun,47.4,23;5;9;TBNight
Z12CT7,Bordeaux,BOUCLE,0,0.072479,0.070327,44.8172369,-0.5722,421,Brun,8.6,23;5;9;TBNight
Z12CT7,Bordeaux,BOUCLE,0,0.072479,0.070327,44.8172369,-0.5722,7981,Nansouty,203.6,23;5;9;TBNight
Z12CT7,Bordeaux,BOUCLE,0,0.072479,0.070327,44.8172369,-0.5722,7982,Nansouty,189.5,23;5;9;TBNight
Z12CT8,Bordeaux,BOUCLE,,,,44.8217639,-0.5724394,707,Beautiran,99.4,23;5;TBNight
Z12CT8,Bordeaux,BOUCLE,,,,44.8217639,-0.5724394,742,Beautiran,80.2,23
Z12CT8,Bordeaux,BOUCLE,,,,44.8217639,-0.5724394,2398,Kergomard,184.5,5;TBNight
Z12CT8,Bordeaux,BOUCLE,,,,44.8217639,-0.5724394,412,Kergomard,199.4,5;TBNight
Z12CT8,Bordeaux,BOUCLE,,,,44.8217639,-0.5724394,1102,Kyrié,232.2,23
Z12CT8,Bordeaux,BOUCLE,,,,44.8217639,-0.5724394,3190,Kyrié,235.0,23;5
Z12CT8,Bordeaux,BOUCLE,,,,44.8217639,-0.5724394,655,Rue de la Réole,243.8,9
Z12CT8,Bordeaux,BOUCLE,,,,44.8217639,-0.5724394,1014,Tillet,9.8,5;TBNight
Z12CT8,Bordeaux,BOUCLE,,,,44.8217639,-0.5724394,185,Tillet,21.9,5;TBNight
Z12CT6,Bordeaux,BOUCLE,27,0.066887,0.055939,44.8139833,-0.5728539,2349,Barrière de Toulouse,163.9,23;5;9;TBNight
Z12CT6,Bordeaux,BOUCLE,27,0.066887,0.055939,44.8139833,-0.5728539,2689,Barrière de Toulouse,11.1,23;5
Z12CT6,Bordeaux,BOUCLE,27,0.066887,0.055939,44.8139833,-0.5728539,3141,Barrière de Toulouse,97.8,31;H2
Z12CT6,Bordeaux,BOUCLE,27,0.066887,0.055939,44.8139833,-0.5728539,9810,Barrière de Toulouse,158.1,31;9;H1;TBNight
Z12CT6,Bordeaux,BOUCLE,27,0.066887,0.055939,44.8139833,-0.5728539,2348,Boulevard Roosevelt,265.1,31;9;H2;TBNight
Z12CT6,Bordeaux,BOUCLE,27,0.066887,0.055939,44.8139833,-0.5728539,862,Taffanel,250.6,5;73
Z12CT10,Bordeaux,BOUCLE,81,0.067158,0.075593,44.8143367,-0.5704251,2349,Barrière de Toulouse,200.7,23;5;9;TBNight
Z12CT10,Bordeaux,BOUCLE,81,0.067158,0.075593,44.8143367,-0.5704251,2689,Barrière de Toulouse,204.7,23;5
Z12CT10,Bordeaux,BOUCLE,81,0.067158,0.075593,44.8143367,-0.5704251,3141,Barrière de Toulouse,118.7,31;H2
Z12CT10,Bordeaux,BOUCLE,81,0.067158,0.075593,44.8143367,-0.5704251,9810,Barrière de Toulouse,265.4,31;9;H1;TBNight
Z12CT10,Bordeaux,BOUCLE,81,0.067158,0.075593,44.8143367,-0.5704251,2238,Jardin des Barrières,235.7,31;H1
Z18CT3,Gradignan,BOUCLE,26,0.038212,0.097092,44.7733915,-0.6140847,1618,Eglise de Gradignan,127.5,31
Z18CT3,Gradignan,BOUCLE,26,0.038212,0.097092,44.7733915,-0.6140847,1673,Eglise de Gradignan,115.3,31
Z18CT12,Gradignan,BOUCLE,41,0.049612,0.087750,44.7800894,-0.6089065,1525,Cimetière de Gradignan,216.2,80;S54
Z18CT12,Gradignan,BOUCLE,41,0.049612,0.087750,44.7800894,-0.6089065,1621,Cimetière de Gradignan,133.9,31
Z18CT12,Gradignan,BOUCLE,41,0.049612,0.087750,44.7800894,-0.6089065,4044,Cimetière de Gradignan,95.1,31
Z18CT12,Gradignan,BOUCLE,41,0.049612,0.087750,44.7800894,-0.6089065,9239,Cimetière de Gradignan,223.2,80;S54
Z18CT12,Gradignan,BOUCLE,41,0.049612,0.087750,44.7800894,-0.6089065,4074,La Prairie,242.7,80;S54;S55
Z18CT12,Gradignan,BOUCLE,41,0.049612,0.087750,44.7800894,-0.6089065,4075,La Prairie,252.5,80;S54;S55
Z18CT12,Gradignan,BOUCLE,41,0.049612,0.087750,44.7800894,-0.6089065,555,Lange,204.1,31
Z18CT12,Gradignan,BOUCLE,41,0.049612,0.087750,44.7800894,-0.6089065,846,Lange,186.6,31
Z18CT11,Gradignan,BOUCLE,18,0.091773,0.078408,44.7778618,-0.6081029,1525,Cimetière de Gradignan,68.7,80;S54
Z18CT11,Gradignan,BOUCLE,18,0.091773,0.078408,44.7778618,-0.6081029,1621,Cimetière de Gradignan,173.5,31
Z18CT11,Gradignan,BOUCLE,18,0.091773,0.078408,44.7778618,-0.6081029,4044,Cimetière de Gradignan,182.6,31
Z18CT11,Gradignan,BOUCLE,18,0.091773,0.078408,44.7778618,-0.6081029,9239,Cimetière de Gradignan,64.6,80;S54
Z18CT11,Gradignan,BOUCLE,18,0.091773,0.078408,44.7778618,-0.6081029,9237,Collège Monjous,278.8,80
Z18CT11,Gradignan,BOUCLE,18,0.091773,0.078408,44.7778618,-0.6081029,9238,Collège Monjous,257.0,80
Z18CT11,Gradignan,BOUCLE,18,0.091773,0.078408,44.7778618,-0.6081029,9765,Collège Monjous,222.4,S54
Z18CT11,Gradignan,BOUCLE,18,0.091773,0.078408,44.7778618,-0.6081029,9766,Collège Monjous,221.3,S54
Z24CT13,Mérignac,BOUCLE,39,0.062726,0.095893,44.8576537,-0.6672586,5673,Laplace,151.0,30;38;84
Z24CT13,Mérignac,BOUCLE,39,0.062726,0.095893,44.8576537,-0.6672586,5674,Laplace,151.0,30;38
Z24CT13,Mérignac,BOUCLE,39,0.062726,0.095893,44.8576537,-0.6672586,325,Le Haillan Rostand,165.8,30
Z24CT13,Mérignac,BOUCLE,39,0.062726,0.095893,44.8576537,-0.6672586,667,Le Haillan Rostand,96.1,30;84
Z24CT13,Mérignac,BOUCLE,39,0.062726,0.095893,44.8576537,-0.6672586,7321,Le Haillan Rostand,169.6,38;71
Z24CT13,Mérignac,BOUCLE,39,0.062726,0.095893,44.8576537,-0.6672586,7322,Le Haillan Rostand,239.9,38;71
Z24CT13,Mérignac,BOUCLE,39,0.062726,0.095893,44.8576537,-0.6672586,7337,Le Haillan Rostand,127.3,A
Z24CT13,Mérignac,BOUCLE,39,0.062726,0.095893,44.8576537,-0.6672586,7349,Le Haillan Rostand,130.0,Bus F
Z24CT13,Mérignac,BOUCLE,39,0.062726,0.095893,44.8576537,-0.6672586,7525,Le Haillan Rostand,49.4,84
Z24CT14,Le Haillan,BOUCLE,24,0.069385,0.051116,44.859161,-0.6662982,325,Le Haillan Rostand,227.1,30
Z24CT14,Le Haillan,BOUCLE,24,0.069385,0.051116,44.859161,-0.6662982,667,Le Haillan Rostand,162.6,30;84
Z24CT14,Le Haillan,BOUCLE,24,0.069385,0.051116,44.859161,-0.6662982,7321,Le Haillan Rostand,18.4,38;71
Z24CT14,Le Haillan,BOUCLE,24,0.069385,0.051116,44.859161,-0.6662982,7322,Le Haillan Rostand,59.2,38;71
Z24CT14,Le Haillan,BOUCLE,24,0.069385,0.051116,44.859161,-0.6662982,7337,Le Haillan Rostand,174.6,A
Z24CT14,Le Haillan,BOUCLE,24,0.069385,0.051116,44.859161,-0.6662982,7349,Le Haillan Rostand,185.7,Bus F
Z24CT14,Le Haillan,BOUCLE,24,0.069385,0.051116,44.859161,-0.6662982,7525,Le Haillan Rostand,230.0,84
Z23CS,Bruges,SIREDO,,,,44.8756838,-0.6205101,2929,Centre Commercial Bruges,154.3,35;72
Z23CS,Bruges,SIREDO,,,,44.8756838,-0.6205101,2930,Centre Commercial Bruges,161.7,35;72
Z23CS,Bruges,SIREDO,,,,44.8756838,-0.6205101,1764,Champ de Courses - Treulon,106.4,35;72
Z23CS,Bruges,SIREDO,,,,44.8756838,-0.6205101,8345,Champ de Courses - Treulon,101.0,D
Z23CS,Bruges,SIREDO,,,,44.8756838,-0.6205101,8346,Champ de Courses - Treulon,141.9,D
Z23CS,Bruges,SIREDO,,,,44.8756838,-0.6205101,8731,Champ de Courses - Treulon,118.6,35;72
Z29AS,Artigues-près-Bordeaux,SIREDO,,0.041599,0.126088,44.8483119,-0.500258,7552,Blancherie,54.8,1;65;S1;S2
Z29AS,Artigues-près-Bordeaux,SIREDO,,0.041599,0.126088,44.8483119,-0.500258,7553,Blancherie,16.4,1;65;S1;S2
Z29AS,Artigues-près-Bordeaux,SIREDO,,0.041599,0.126088,44.8483119,-0.500258,9829,Blancherie,82.1,1
Z29AS,Artigues-près-Bordeaux,SIREDO,,0.041599,0.126088,44.8483119,-0.500258,2515,Gay Lussac,277.2,27
Z29AE,Artigues-près-Bordeaux,SIREDO,,0.121037,0.087503,44.8483487,-0.5002807,7552,Blancherie,55.6,1;65;S1;S2
Z29AE,Artigues-près-Bordeaux,SIREDO,,0.121037,0.087503,44.8483487,-0.5002807,7553,Blancherie,16.4,1;65;S1;S2
Z29AE,Artigues-près-Bordeaux,SIREDO,,0.121037,0.087503,44.8483487,-0.5002807,9829,Blancherie,82.5,1
Z29AE,Artigues-près-Bordeaux,SIREDO,,0.121037,0.087503,44.8483487,-0.5002807,2515,Gay Lussac,276.5,27
Z32AS,Floirac,SIREDO,,0.056005,0.095127,44.8270797,-0.5223947,3620,Les Compagnons,154.3,24
Z32AS,Floirac,SIREDO,,0.056005,0.095127,44.8270797,-0.5223947,3621,Les Compagnons,173.2,24
Z32AE,Floirac,SIREDO,,0.070541,0.085068,44.82709,-0.522353,3620,Les Compagnons,155.0,24
Z32AE,Floirac,SIREDO,,0.070541,0.085068,44.82709,-0.522353,3621,Les Compagnons,173.8,24
Z20BE,Bordeaux,SIREDO,,,,44.8456323,-0.6119695,2417,Place Lopès,11.4,16
Z20BE,Bordeaux,SIREDO,,,,44.8456323,-0.6119695,3317,Place Lopès,90.5,16
Z20BE,Bordeaux,SIREDO,,,,44.8456323,-0.6119695,2418,Place Moscou,232.7,16
Z20BE,Bordeaux,SIREDO,,,,44.8456323,-0.6119695,565,Place Moscou,240.1,16
Z22CS,Cenon,SIREDO,,0.048530,0.066796,44.8668151,-0.509119,904,Kennedy (vers Buttinière),140.9,27;64;67;Artigues
Z22CS,Cenon,SIREDO,,0.048530,0.066796,44.8668151,-0.509119,1546,Kennedy (vers Rocade),178.5,27;64;67;Artigues
Z22CS,Cenon,SIREDO,,0.048530,0.066796,44.8668151,-0.509119,9743,Pierre Loti,218.4,66
Z22CS,Cenon,SIREDO,,0.048530,0.066796,44.8668151,-0.509119,9744,Pierre Loti,222.3,66
Z22CE,Lormont,SIREDO,,0.071390,0.064968,44.8668755,-0.5091489,904,Kennedy (vers Buttinière),139.4,27;64;67;Artigues
Z22CE,Lormont,SIREDO,,0.071390,0.064968,44.8668755,-0.5091489,1546,Kennedy (vers Rocade),178.3,27;64;67;Artigues
Z22CE,Lormont,SIREDO,,0.071390,0.064968,44.8668755,-0.5091489,9743,Pierre Loti,219.3,66
Z22CE,Lormont,SIREDO,,0.071390,0.064968,44.8668755,-0.5091489,9744,Pierre Loti,222.9,66
Z21BE,Bordeaux,SIREDO,,,,44.8600983,-0.6095281,5884,Avenue d'Eysines,264.4,33
Z21BE,Bordeaux,SIREDO,,,,44.8600983,-0.6095281,5885,Avenue d'Eysines,247.9,33
Z21BE,Bordeaux,SIREDO,,,,44.8600983,-0.6095281,1654,Pérès,98.7,23
Z21BE,Bordeaux,SIREDO,,,,44.8600983,-0.6095281,284,Pérès,84.8,23
Z21BE,Bordeaux,SIREDO,,,,44.8600983,-0.6095281,214,Verdun,215.4,23
Z21BE,Bordeaux,SIREDO,,,,44.8600983,-0.6095281,342,Verdun,207.0,23
Z21BS,Le Bouscat,SIREDO,,,,44.8601327,-0.6095099,5884,Avenue d'Eysines,266.4,33
Z21BS,Le Bouscat,SIREDO,,,,44.8601327,-0.6095099,5885,Avenue d'Eysines,249.5,33
Z21BS,Le Bouscat,SIREDO,,,,44.8601327,-0.6095099,1654,Pérès,98.7,23
Z21BS,Le Bouscat,SIREDO,,,,44.8601327,-0.6095099,284,Pérès,84.9,23
Z21BS,Le Bouscat,SIREDO,,,,44.8601327,-0.6095099,214,Verdun,215.9,23
Z21BS,Le Bouscat,SIREDO,,,,44.8601327,-0.6095099,342,Verdun,207.4,23
Z25CT18,Bordeaux,BOUCLE,8,0.072318,0.129748,44.8846531,-0.5715284,3980,Dassault,201.7,15
Z25CT18,Bordeaux,BOUCLE,8,0.072318,0.129748,44.8846531,-0.5715284,3981,Dassault,197.1,15
Z25CT18,Bordeaux,BOUCLE,8,0.072318,0.129748,44.8846531,-0.5715284,7323,Quarante Journaux,190.7,C
Z25CT18,Bordeaux,BOUCLE,8,0.072318,0.129748,44.8846531,-0.5715284,7324,Quarante Journaux,199.9,C
Z25CT18,Bordeaux,BOUCLE,8,0.072318,0.129748,44.8846531,-0.5715284,1247,Quarante Journaux (côté Ginko),173.3,15;32
Z25CT18,Bordeaux,BOUCLE,8,0.072318,0.129748,44.8846531,-0.5715284,574,Quarante Journaux (côté Parc Entreprises),177.6,15;32
Z25CT20,Bordeaux,BOUCLE,8,0.114133,0.103208,44.8945411,-0.5656011,7327,Parc des Expositions,134.5,C
Z25CT20,Bordeaux,BOUCLE,8,0.114133,0.103208,44.8945411,-0.5656011,7328,Parc des Expositions,142.8,C
Z25CT20,Bordeaux,BOUCLE,8,0.114133,0.103208,44.8945411,-0.5656011,7338,Parc des Expositions,101.1,75
Z25CT20,Bordeaux,BOUCLE,8,0.114133,0.103208,44.8945411,-0.5656011,7211,Parc des Expositions Porte D,79.8,75
Z25CT20,Bordeaux,BOUCLE,8,0.114133,0.103208,44.8945411,-0.5656011,7282,Parc des Expositions Porte D,94.0,37
Z25CT20,Bordeaux,BOUCLE,8,0.114133,0.103208,44.8945411,-0.5656011,288,Vergne-Stade,295.1,75
Z1CT15,Bordeaux,BOUCLE,16,0.067985,0.063659,44.852531,-0.5682806,5254,Chartrons,56.8,B
Z1CT15,Bordeaux,BOUCLE,16,0.067985,0.063659,44.852531,-0.5682806,5255,Chartrons,65.7,B
Z4CT13,Bordeaux,BOUCLE,22,0.074684,0.072854,44.8383406,-0.5904377,2470,La Chartreuse,296.1,1;70
Z4CT13,Bordeaux,BOUCLE,22,0.074684,0.072854,44.8383406,-0.5904377,279,Manège,238.0,1;51
Z4CT13,Bordeaux,BOUCLE,22,0.074684,0.072854,44.8383406,-0.5904377,735,Piscine Judaïque,285.2,1;16;51
Z4CT13,Bordeaux,BOUCLE,22,0.074684,0.072854,44.8383406,-0.5904377,915,Piscine Judaïque,270.9,82
Z4CT13,Bordeaux,BOUCLE,22,0.074684,0.072854,44.8383406,-0.5904377,15044,Saint Bruno,123.9,Bus F
Z4CT13,Bordeaux,BOUCLE,22,0.074684,0.072854,44.8383406,-0.5904377,1508,Saint-Bruno - Hôtel de Région,132.8,70;82
Z4CT13,Bordeaux,BOUCLE,22,0.074684,0.072854,44.8383406,-0.5904377,1929,Saint-Bruno - Hôtel de Région,47.1,1;51
Z4CT13,Bordeaux,BOUCLE,22,0.074684,0.072854,44.8383406,-0.5904377,2562,Saint-Bruno - Hôtel de Région,100.1,70;82
Z4CT13,Bordeaux,BOUCLE,22,0.074684,0.072854,44.8383406,-0.5904377,4579,Saint-Bruno - Hôtel de Région,132.4,A;F
Z4CT13,Bordeaux,BOUCLE,22,0.074684,0.072854,44.8383406,-0.5904377,4580,Saint-Bruno - Hôtel de Région,140.5,A;F
Z4CT13,Bordeaux,BOUCLE,22,0.074684,0.072854,44.8383406,-0.5904377,8714,Saint-Bruno - Hôtel de Région,142.6,Bus F
Z19CT15,Villenave-d'Ornon,BOUCLE,1,0.137765,0.070809,44.7804395,-0.5656786,2728,Collège Niki de Saint Phalle,269.2,5;85
Z19CT15,Villenave-d'Ornon,BOUCLE,1,0.137765,0.070809,44.7804395,-0.5656786,4084,Collège Niki de Saint Phalle,27.6,5
Z19CT15,Villenave-d'Ornon,BOUCLE,1,0.137765,0.070809,44.7804395,-0.5656786,887,Collège Niki de Saint Phalle,210.4,5;85
Z19CT15,Villenave-d'Ornon,BOUCLE,1,0.137765,0.070809,44.7804395,-0.5656786,9419,Collège Niki de Saint Phalle,165.4,S48;S49;S50
Z19CT15,Villenave-d'Ornon,BOUCLE,1,0.137765,0.070809,44.7804395,-0.5656786,5726,Pont de la Maye (vers Courréjean),140.9,89;S48;S50
Z19CT15,Villenave-d'Ornon,BOUCLE,1,0.137765,0.070809,44.7804395,-0.5656786,5727,Pont de la Maye (vers Lycée V. Havel),141.8,89;S48;S50
Z19CT15,Villenave-d'Ornon,BOUCLE,1,0.137765,0.070809,44.7804395,-0.5656786,370,Villenave Centre (Pont de la Maye),197.3,5;85
Z19CT15,Villenave-d'Ornon,BOUCLE,1,0.137765,0.070809,44.7804395,-0.5656786,7721,Villenave-Centre Pont de la Maye,221.2,C
Z19CT15,Villenave-d'Ornon,BOUCLE,1,0.137765,0.070809,44.7804395,-0.5656786,7722,Villenave-Centre Pont de la Maye,181.2,C
Z28AS,Saint-Médard-en-Jalles,SIREDO,,0.000000,0.100854,44.8655904,-0.713831,1780,Julien,30.3,71;S14
Z28AS,Saint-Médard-en-Jalles,SIREDO,,0.000000,0.100854,44.8655904,-0.713831,897,Julien,76.4,71;S14
Z35AE,Ambarès-et-Lagrave,SIREDO,,0.082689,0.068521,44.916775,-0.4819245,6725,Le Poteau,214.1,S25
Z23CT13,Bruges,BOUCLE,11,0.064873,0.086630,44.8742472,-0.6168415,2929,Centre Commercial Bruges,184.1,35;72
Z23CT13,Bruges,BOUCLE,11,0.064873,0.086630,44.8742472,-0.6168415,2930,Centre Commercial Bruges,186.7,35;72
Z23CT13,Bruges,BOUCLE,11,0.064873,0.086630,44.8742472,-0.6168415,2586,Route du Médoc,17.8,35;72
Z23CT13,Bruges,BOUCLE,11,0.064873,0.086630,44.8742472,-0.6168415,827,Route du Médoc,35.1,35;72
Z5CT23,Bordeaux,BOUCLE,49,,,44.8360212,-0.55037,9275,Belvédère,96.2,24;31;Bus F;N4
Z5CT23,Bordeaux,BOUCLE,49,,,44.8360212,-0.55037,9276,Belvédère,75.5,24;31;Bus F;N2;N6
Z5CT23,Bordeaux,BOUCLE,49,,,44.8360212,-0.55037,9277,Joliot Curie,182.3,31
Z5CT23,Bordeaux,BOUCLE,49,,,44.8360212,-0.55037,9278,Joliot Curie,201.9,31;N6
Z5CT23,Bordeaux,BOUCLE,49,,,44.8360212,-0.55037,9702,Pont Saint-Jean (rive droite),236.0,24;25;28;60;Arena;N4
Z5CT23,Bordeaux,BOUCLE,49,,,44.8360212,-0.55037,9703,Pont Saint-Jean (rive droite),223.3,25;28;60;Arena
Z5CT23,Bordeaux,BOUCLE,49,,,44.8360212,-0.55037,2291,Sembat,297.1,25;28;60
Z2CT08,Bordeaux,BOUCLE,,,,44.8336875,-0.5800936,9123,Albret,133.8,20;24
Z2CT08,Bordeaux,BOUCLE,,,,44.8336875,-0.5800936,9244,Albret,205.0,24
Z2CT08,Bordeaux,BOUCLE,,,,44.8336875,-0.5800936,1606,Bourse du Travail,206.3,1;15;23;5;G;N1;N7
Z2CT08,Bordeaux,BOUCLE,,,,44.8336875,-0.5800936,823,Bourse du Travail,228.9,1;15;20;23;5;G;N5;N6
Z2CT08,Bordeaux,BOUCLE,,,,44.8336875,-0.5800936,5857,Hôpital Saint-André,182.8,4
Z2CT08,Bordeaux,BOUCLE,,,,44.8336875,-0.5800936,1067,Louis Mie,270.2,20;24
Z2CT08,Bordeaux,BOUCLE,,,,44.8336875,-0.5800936,3823,Palais de Justice,298.3,4;G
Z2CT08,Bordeaux,BOUCLE,,,,44.8336875,-0.5800936,9195,Palais de Justice,293.2,1;55;80;G
Z2CT08,Bordeaux,BOUCLE,,,,44.8336875,-0.5800936,7461,République,163.5,55
Z2CT08,Bordeaux,BOUCLE,,,,44.8336875,-0.5800936,7462,République,154.9,80
Z2CT08,Bordeaux,BOUCLE,,,,44.8336875,-0.5800936,8551,République,167.2,16;Bus F;N3
Z2CT08,Bordeaux,BOUCLE,,,,44.8336875,-0.5800936,8552,République,145.3,16;24;4;Bus F
Z2CT08,Bordeaux,BOUCLE,,,,44.8336875,-0.5800936,9725,République,110.9,24
Z1402CT4,Bordeaux,BOUCLE,0,,,44.871224,-0.5673155,1379,Latule,190.2,9;N1;N3;N4;N5;N6;TBNight
Z1402CT4,Bordeaux,BOUCLE,0,,,44.871224,-0.5673155,581,Latule,195.5,9;TBNight
Z1402CT4,Bordeaux,BOUCLE,0,,,44.871224,-0.5673155,9822,Latule,223.6,H1;N4
Z1402CT4,Bordeaux,BOUCLE,0,,,44.871224,-0.5673155,9823,Latule,220.3,H2
Z18CT13,Gradignan,BOUCLE,20,0.050325,0.099026,44.7791829,-0.6111968,1525,Cimetière de Gradignan,216.5,80;S54
Z18CT13,Gradignan,BOUCLE,20,0.050325,0.099026,44.7791829,-0.6111968,1621,Cimetière de Gradignan,126.7,31
Z18CT13,Gradignan,BOUCLE,20,0.050325,0.099026,44.7791829,-0.6111968,4044,Cimetière de Gradignan,151.8,31
Z18CT13,Gradignan,BOUCLE,20,0.050325,0.099026,44.7791829,-0.6111968,9239,Cimetière de Gradignan,221.4,80;S54
Z18CT13,Gradignan,BOUCLE,20,0.050325,0.099026,44.7791829,-0.6111968,4074,La Prairie,58.9,80;S54;S55
Z18CT13,Gradignan,BOUCLE,20,0.050325,0.099026,44.7791829,-0.6111968,4075,La Prairie,77.0,80;S54;S55
Z24CT6,Mérignac,BOUCLE,25,0.093192,0.094705,44.8626927,-0.6520497,9167,Germaine Tillion,177.7,G
Z24CT6,Mérignac,BOUCLE,25,0.093192,0.094705,44.8626927,-0.6520497,9168,Germaine Tillion,200.0,G
Z6CT17,Bordeaux,BOUCLE,0,0.047204,0.100581,44.8409109,-0.5892701,1332,Dutertre,280.7,1;16;70
Z6CT17,Bordeaux,BOUCLE,0,0.047204,0.100581,44.8409109,-0.5892701,856,Dutertre,261.5,82
Z6CT17,Bordeaux,BOUCLE,0,0.047204,0.100581,44.8409109,-0.5892701,696,Lachassaigne,202.2,16
Z6CT17,Bordeaux,BOUCLE,0,0.047204,0.100581,44.8409109,-0.5892701,279,Manège,237.6,1;51
Z6CT17,Bordeaux,BOUCLE,0,0.047204,0.100581,44.8409109,-0.5892701,1410,Marionneau,145.7,1;16;51
Z6CT17,Bordeaux,BOUCLE,0,0.047204,0.100581,44.8409109,-0.5892701,735,Piscine Judaïque,122.0,1;16;51
Z6CT17,Bordeaux,BOUCLE,0,0.047204,0.100581,44.8409109,-0.5892701,915,Piscine Judaïque,79.9,82
Z6CT17,Bordeaux,BOUCLE,0,0.047204,0.100581,44.8409109,-0.5892701,1508,Saint-Bruno - Hôtel de Région,276.3,70;82
Z6CT17,Bordeaux,BOUCLE,0,0.047204,0.100581,44.8409109,-0.5892701,1929,Saint-Bruno - Hôtel de Région,270.9,1;51
Z6CT13,Bordeaux,BOUCLE,15,0.085403,0.080908,44.842193,-0.5934232,354,Chevalier,21.0,16
Z6CT13,Bordeaux,BOUCLE,15,0.085403,0.080908,44.842193,-0.5934232,1332,Dutertre,170.8,1;16;70
Z6CT13,Bordeaux,BOUCLE,15,0.085403,0.080908,44.842193,-0.5934232,856,Dutertre,148.6,82
Z6CT13,Bordeaux,BOUCLE,15,0.085403,0.080908,44.842193,-0.5934232,799,Kieser,79.4,82
Z6CT13,Bordeaux,BOUCLE,15,0.085403,0.080908,44.842193,-0.5934232,696,Lachassaigne,268.2,16
Z6CT13,Bordeaux,BOUCLE,15,0.085403,0.080908,44.842193,-0.5934232,1259,Lartigue,155.2,16
Z6CT13,Bordeaux,BOUCLE,15,0.085403,0.080908,44.842193,-0.5934232,735,Piscine Judaïque,251.4,1;16;51
Z6CT13,Bordeaux,BOUCLE,15,0.085403,0.080908,44.842193,-0.5934232,915,Piscine Judaïque,294.8,82
Z6CT8,Mérignac,BOUCLE,31,0.087624,0.072546,44.8385652,-0.6181598,146,Mac Carthy,269.4,1;73
Z6CT8,Mérignac,BOUCLE,31,0.087624,0.072546,44.8385652,-0.6181598,601,Mac Carthy,264.3,1;73
Z6CT8,Mérignac,BOUCLE,31,0.087624,0.072546,44.8385652,-0.6181598,730,Mondésir Poste,46.6,1;73
Z6CT8,Mérignac,BOUCLE,31,0.087624,0.072546,44.8385652,-0.6181598,2467,Place Mondésir,232.9,1;51;73
Z6CT8,Mérignac,BOUCLE,31,0.087624,0.072546,44.8385652,-0.6181598,299,Place Mondésir,97.3,1;51;73
Z6CT9,Mérignac,BOUCLE,0,,,44.8377535,-0.6179107,601,Mac Carthy,296.8,1;73
Z6CT9,Mérignac,BOUCLE,0,,,44.8377535,-0.6179107,730,Mondésir Poste,90.0,1;73
Z6CT9,Mérignac,BOUCLE,0,,,44.8377535,-0.6179107,2467,Place Mondésir,216.5,1;51;73
Z6CT9,Mérignac,BOUCLE,0,,,44.8377535,-0.6179107,299,Place Mondésir,117.5,1;51;73
Z27CT9,Pessac,BOUCLE,41,0.062297,0.083232,44.8018652,-0.6634783,1131,France Alouette,264.3,4
Z27CT9,Pessac,BOUCLE,41,0.062297,0.083232,44.8018652,-0.6634783,1367,Le Trinquet,97.9,24;39;77;78
Z27CT9,Pessac,BOUCLE,41,0.062297,0.083232,44.8018652,-0.6634783,2884,Le Trinquet,95.5,24;39;77;78
Z27CT1,Pessac,BOUCLE,37,0.076180,0.079717,44.7930328,-0.6710984,109,France-Les Castors,140.5,4;77
Z27CT1,Pessac,BOUCLE,37,0.076180,0.079717,44.7930328,-0.6710984,180,France-Les Castors,130.2,24;4
Z27CT1,Pessac,BOUCLE,37,0.076180,0.079717,44.7930328,-0.6710984,2670,France-Les Castors,63.5,24;77
Z27CT1,Pessac,BOUCLE,37,0.076180,0.079717,44.7930328,-0.6710984,1316,Saint-Hubert,168.6,24
Z27CT1,Pessac,BOUCLE,37,0.076180,0.079717,44.7930328,-0.6710984,2781,Saint-Hubert,158.5,24
Z27CT12,Pessac,BOUCLE,0,0.066150,0.076404,44.7971678,-0.6657445,2766,Castaing,268.4,4;77
Z27CT12,Pessac,BOUCLE,0,0.066150,0.076404,44.7971678,-0.6657445,2782,Castaing,207.6,4;77
Z27CT12,Pessac,BOUCLE,0,0.066150,0.076404,44.7971678,-0.6657445,2783,France Alouette,236.3,4
Z27CT12,Pessac,BOUCLE,0,0.066150,0.076404,44.7971678,-0.6657445,2871,France Alouette,240.5,39;77
Z27CT12,Pessac,BOUCLE,0,0.066150,0.076404,44.7971678,-0.6657445,2881,France Alouette,274.7,39;77
Z27CT12,Pessac,BOUCLE,0,0.066150,0.076404,44.7971678,-0.6657445,7440,France Alouette,263.5,B
Z27CT12,Pessac,BOUCLE,0,0.066150,0.076404,44.7971678,-0.6657445,1197,Meyraud,18.1,4;77
Z27CT12,Pessac,BOUCLE,0,0.066150,0.076404,44.7971678,-0.6657445,1238,Meyraud,26.3,4;77
Z22CT11,Lormont,BOUCLE,11,0.096784,0.078784,44.879648,-0.5205961,3015,Cimetière de Lormont,157.2,32
Z22CT11,Lormont,BOUCLE,11,0.096784,0.078784,44.879648,-0.5205961,5457,Cimetière de Lormont,178.6,32
Z22CT11,Lormont,BOUCLE,11,0.096784,0.078784,44.879648,-0.5205961,3684,Lauriers,223.3,A
Z22CT11,Lormont,BOUCLE,11,0.096784,0.078784,44.879648,-0.5205961,4040,Lauriers,235.9,54;66;Bus A
Z22CT11,Lormont,BOUCLE,11,0.096784,0.078784,44.879648,-0.5205961,5488,Lauriers,219.6,A
Z22CT11,Lormont,BOUCLE,11,0.096784,0.078784,44.879648,-0.5205961,5836,Lauriers,224.4,66
Z22CT11,Lormont,BOUCLE,11,0.096784,0.078784,44.879648,-0.5205961,4039,Lauriers (Tram A),214.3,54;66;Bus A
Z22CT11,Lormont,BOUCLE,11,0.096784,0.078784,44.879648,-0.5205961,3303,Mairie de Lormont,209.3,32;Bus A
Z22CT11,Lormont,BOUCLE,11,0.096784,0.078784,44.879648,-0.5205961,3510,Mairie de Lormont,257.4,32;53;7
Z22CT11,Lormont,BOUCLE,11,0.096784,0.078784,44.879648,-0.5205961,5441,Mairie de Lormont,233.4,A
Z22CT11,Lormont,BOUCLE,11,0.096784,0.078784,44.879648,-0.5205961,5442,Mairie de Lormont,228.8,A
Z22CT11,Lormont,BOUCLE,11,0.096784,0.078784,44.879648,-0.5205961,5858,Mairie de Lormont,214.8,Bus A
Z2201CT5,Lormont,BOUCLE,48,,,44.865968,-0.5238364,1582,Allende,218.6,32;S27
Z2201CT5,Lormont,BOUCLE,48,,,44.865968,-0.5238364,805,Allende,204.5,32;S27
Z2201CT5,Lormont,BOUCLE,48,,,44.865968,-0.5238364,13090,Buttinière,199.4,67
Z2201CT5,Lormont,BOUCLE,48,,,44.865968,-0.5238364,13203,Buttinière,201.7,66
Z2201CT5,Lormont,BOUCLE,48,,,44.865968,-0.5238364,3606,Buttinière,218.0,32
Z2201CT5,Lormont,BOUCLE,48,,,44.865968,-0.5238364,3634,Buttinière,203.4,64
Z2201CT5,Lormont,BOUCLE,48,,,44.865968,-0.5238364,3691,Buttinière,225.2,A;E
Z2201CT5,Lormont,BOUCLE,48,,,44.865968,-0.5238364,3692,Buttinière,227.3,A;E
Z2201CT5,Lormont,BOUCLE,48,,,44.865968,-0.5238364,4680,Buttinière,215.2,27;Bus A
Z2201CT5,Lormont,BOUCLE,48,,,44.865968,-0.5238364,7571,Buttinière,200.4,67;Artigues
Z2201CT5,Lormont,BOUCLE,48,,,44.865968,-0.5238364,9714,Buttinière,207.8,32
Z2201CT5,Lormont,BOUCLE,48,,,44.865968,-0.5238364,9831,Buttinière,200.2,Artigues
Z2201CT5,Lormont,BOUCLE,48,,,44.865968,-0.5238364,9866,Buttinière,211.9,32
Z2201CT5,Lormont,BOUCLE,48,,,44.865968,-0.5238364,9867,Buttinière,218.1,27
Z2201CT5,Lormont,BOUCLE,48,,,44.865968,-0.5238364,9868,Buttinière,155.2,64;66;67;Artigues
Z2201CT5,Lormont,BOUCLE,48,,,44.865968,-0.5238364,9869,Buttinière,155.2,67;Artigues
Z2201CT5,Lormont,BOUCLE,48,,,44.865968,-0.5238364,15058,Iris,283.3,Bus A
Z2201CT5,Lormont,BOUCLE,48,,,44.865968,-0.5238364,3689,Iris,297.4,A
Z2201CT1,Cenon,BOUCLE,16,,,44.8563551,-0.5193339,1306,La Morlette,195.4,32;Bus A
Z2201CT1,Cenon,BOUCLE,16,,,44.8563551,-0.5193339,1723,La Morlette,119.1,32;Bus A
Z2201CT1,Cenon,BOUCLE,16,,,44.8563551,-0.5193339,3693,La Morlette,180.6,A;E
Z2201CT1,Cenon,BOUCLE,16,,,44.8563551,-0.5193339,5212,La Morlette,172.1,A;E
Z2201CT1,Cenon,BOUCLE,16,,,44.8563551,-0.5193339,15053,Pelletan,237.4,Bus A
Z2201CT1,Cenon,BOUCLE,16,,,44.8563551,-0.5193339,15054,Pelletan,296.7,Bus A
Z2201CT1,Cenon,BOUCLE,16,,,44.8563551,-0.5193339,3694,Pelletan,263.3,A;E
Z2201CT1,Cenon,BOUCLE,16,,,44.8563551,-0.5193339,3695,Pelletan,256.4,A;E
Z4CT2,Bordeaux,BOUCLE,14,0.059221,0.044619,44.8438188,-0.5753851,3761,Grand Théâtre,198.8,B
Z4CT2,Bordeaux,BOUCLE,14,0.059221,0.044619,44.8438188,-0.5753851,3762,Grand Théâtre,194.7,B
Z4CT2,Bordeaux,BOUCLE,14,0.059221,0.044619,44.8438188,-0.5753851,3647,Quinconces,147.5,2;N1
Z4CT2,Bordeaux,BOUCLE,14,0.059221,0.044619,44.8438188,-0.5753851,3648,Quinconces,116.8,2;N6
Z4CT2,Bordeaux,BOUCLE,14,0.059221,0.044619,44.8438188,-0.5753851,3763,Quinconces,144.9,B
Z4CT2,Bordeaux,BOUCLE,14,0.059221,0.044619,44.8438188,-0.5753851,3764,Quinconces,140.2,B
Z4CT2,Bordeaux,BOUCLE,14,0.059221,0.044619,44.8438188,-0.5753851,3776,Quinconces,125.0,C;D;E
Z4CT2,Bordeaux,BOUCLE,14,0.059221,0.044619,44.8438188,-0.5753851,5315,Quinconces,226.0,2
Z4CT2,Bordeaux,BOUCLE,14,0.059221,0.044619,44.8438188,-0.5753851,5404,Quinconces,133.6,C;D;E
Z4CT2,Bordeaux,BOUCLE,14,0.059221,0.044619,44.8438188,-0.5753851,1692,Tourny,268.9,15;2;23;5;N5;N6
Z4CT2,Bordeaux,BOUCLE,14,0.059221,0.044619,44.8438188,-0.5753851,7731,Tourny,242.9,15;2;23;5;N1;N7
Z4CT4,Bordeaux,BOUCLE,,,,44.8444615,-0.5798276,8321,Fondaudège - Muséum,223.6,D
Z4CT4,Bordeaux,BOUCLE,,,,44.8444615,-0.5798276,8322,Fondaudège - Muséum,258.7,D
Z4CT4,Bordeaux,BOUCLE,,,,44.8444615,-0.5798276,6447,Gambetta,255.1,15;23;5;N1;N7
Z4CT4,Bordeaux,BOUCLE,,,,44.8444615,-0.5798276,6701,Gambetta,268.6,2
Z4CT4,Bordeaux,BOUCLE,,,,44.8444615,-0.5798276,1692,Tourny,214.8,15;2;23;5;N5;N6
Z4CT4,Bordeaux,BOUCLE,,,,44.8444615,-0.5798276,7731,Tourny,114.7,15;2;23;5;N1;N7
Z13CT2,Le Bouscat,BOUCLE,60,0.048868,0.057593,44.8566805,-0.5914079,2330,Barrière du Médoc (Boulevards),252.6,70;9;H1
Z13CT2,Le Bouscat,BOUCLE,60,0.048868,0.057593,44.8566805,-0.5914079,1076,Rivière,200.7,15
Z13CT2,Le Bouscat,BOUCLE,60,0.048868,0.057593,44.8566805,-0.5914079,1290,Tivoli,134.6,9;H1
Z13CT2,Le Bouscat,BOUCLE,60,0.048868,0.057593,44.8566805,-0.5914079,7925,Tivoli,128.4,70
Z13CT2,Le Bouscat,BOUCLE,60,0.048868,0.057593,44.8566805,-0.5914079,9814,Tivoli,103.9,9;H2;N2
Z13CT2,Le Bouscat,BOUCLE,60,0.048868,0.057593,44.8566805,-0.5914079,9827,Tivoli,141.4,70
Z5CT15,Bordeaux,BOUCLE,27,0.081844,0.087154,44.8347133,-0.5524504,9275,Belvédère,123.3,24;31;Bus F;N4
Z5CT15,Bordeaux,BOUCLE,27,0.081844,0.087154,44.8347133,-0.5524504,9276,Belvédère,143.9,24;31;Bus F;N2;N6
Z5CT15,Bordeaux,BOUCLE,27,0.081844,0.087154,44.8347133,-0.5524504,9702,Pont Saint-Jean (rive droite),52.3,24;25;28;60;Arena;N4
Z5CT15,Bordeaux,BOUCLE,27,0.081844,0.087154,44.8347133,-0.5524504,9703,Pont Saint-Jean (rive droite),58.4,25;28;60;Arena
Z5CT15,Bordeaux,BOUCLE,27,0.081844,0.087154,44.8347133,-0.5524504,1811,Sembat,283.9,25;28;60
Z5CT15,Bordeaux,BOUCLE,27,0.081844,0.087154,44.8347133,-0.5524504,2291,Sembat,255.9,25;28;60
Z8CT1,Bordeaux,BOUCLE,0,,,44.8398326,-0.5606317,9741,Benauge,259.4,953
Z8CT1,Bordeaux,BOUCLE,0,,,44.8398326,-0.5606317,3710,Stalingrad,85.7,A;E
Z8CT1,Bordeaux,BOUCLE,0,,,44.8398326,-0.5606317,3711,Stalingrad,89.8,A;E
Z8CT1,Bordeaux,BOUCLE,0,,,44.8398326,-0.5606317,5801,Stalingrad,143.2,24;25;65
Z8CT1,Bordeaux,BOUCLE,0,,,44.8398326,-0.5606317,8142,Stalingrad,88.7,65;Bus F;N2
Z8CT1,Bordeaux,BOUCLE,0,,,44.8398326,-0.5606317,9834,Stalingrad,64.3,28;N4
Z8CT1,Bordeaux,BOUCLE,0,,,44.8398326,-0.5606317,9835,Stalingrad,65.7,60
Z8CT1,Bordeaux,BOUCLE,0,,,44.8398326,-0.5606317,6903,Stalingrad (Parlier),292.8,952
Z8CT1,Bordeaux,BOUCLE,0,,,44.8398326,-0.5606317,7191,Stalingrad (rue de la Benauge),149.8,24;25
Z8CT1,Bordeaux,BOUCLE,0,,,44.8398326,-0.5606317,5854,Stalingrad (Sem),139.7,Arena
Z8CT1,Bordeaux,BOUCLE,0,,,44.8398326,-0.5606317,8132,Stalingrad (Tram A),96.8,Arena;Bus F
Z8CT2,Bordeaux,BOUCLE,0,,,44.8408954,-0.561522,3710,Stalingrad,151.6,A;E
Z8CT2,Bordeaux,BOUCLE,0,,,44.8408954,-0.561522,3711,Stalingrad,156.0,A;E
Z8CT2,Bordeaux,BOUCLE,0,,,44.8408954,-0.561522,5801,Stalingrad,260.5,24;25;65
Z8CT2,Bordeaux,BOUCLE,0,,,44.8408954,-0.561522,8142,Stalingrad,184.5,65;Bus F;N2
Z8CT2,Bordeaux,BOUCLE,0,,,44.8408954,-0.561522,9834,Stalingrad,108.4,28;N4
Z8CT2,Bordeaux,BOUCLE,0,,,44.8408954,-0.561522,9835,Stalingrad,108.7,60
Z8CT2,Bordeaux,BOUCLE,0,,,44.8408954,-0.561522,6903,Stalingrad (Parlier),169.1,952
Z8CT2,Bordeaux,BOUCLE,0,,,44.8408954,-0.561522,7191,Stalingrad (rue de la Benauge),268.1,24;25
Z8CT2,Bordeaux,BOUCLE,0,,,44.8408954,-0.561522,5854,Stalingrad (Sem),276.6,Arena
Z8CT2,Bordeaux,BOUCLE,0,,,44.8408954,-0.561522,8132,Stalingrad (Tram A),123.6,Arena;Bus F
Z11CT11,Talence,BOUCLE,24,,,44.8162388,-0.5775889,2348,Boulevard Roosevelt,228.8,31;9;H2;TBNight
Z11CT11,Talence,BOUCLE,24,,,44.8162388,-0.5775889,3219,Duplantier,299.3,31;TBNight
Z11CT11,Talence,BOUCLE,24,,,44.8162388,-0.5775889,575,Duplantier,298.8,31;TBNight
Z11CT11,Talence,BOUCLE,24,,,44.8162388,-0.5775889,3217,Pont de Cauderès,112.9,31;TBNight
Z11CT11,Talence,BOUCLE,24,,,44.8162388,-0.5775889,3218,Pont de Cauderès,94.4,31;TBNight
Z25CT23,Bordeaux,BOUCLE,14,0.072593,0.077407,44.8676196,-0.5482287,5528,Rue Achard,111.5,B
Z25CT23,Bordeaux,BOUCLE,14,0.072593,0.077407,44.8676196,-0.5482287,5529,Rue Achard,121.1,B
Z25CT13,Bordeaux,BOUCLE,21,0.085919,0.081397,44.8748929,-0.5765822,8062,Bordeaux Plage,288.7,15
Z25CT13,Bordeaux,BOUCLE,21,0.085919,0.081397,44.8748929,-0.5765822,3125,Claudeville,175.3,33;35
Z25CT13,Bordeaux,BOUCLE,21,0.085919,0.081397,44.8748929,-0.5765822,3277,Claudeville,127.5,33;35
Z25CT13,Bordeaux,BOUCLE,21,0.085919,0.081397,44.8748929,-0.5765822,9259,Cracovie,280.2,53
Z25CT13,Bordeaux,BOUCLE,21,0.085919,0.081397,44.8748929,-0.5765822,3006,Les Aubiers,195.3,7;N1
Z25CT13,Bordeaux,BOUCLE,21,0.085919,0.081397,44.8748929,-0.5765822,378,Les Aubiers,127.5,7
Z25CT13,Bordeaux,BOUCLE,21,0.085919,0.081397,44.8748929,-0.5765822,5414,Les Aubiers,212.7,C
Z25CT13,Bordeaux,BOUCLE,21,0.085919,0.081397,44.8748929,-0.5765822,5415,Les Aubiers,202.7,C;E
Z25CT13,Bordeaux,BOUCLE,21,0.085919,0.081397,44.8748929,-0.5765822,6683,Les Aubiers,181.9,33;35
Z25CT13,Bordeaux,BOUCLE,21,0.085919,0.081397,44.8748929,-0.5765822,6684,Les Aubiers,202.3,33;35
Z25CT13,Bordeaux,BOUCLE,21,0.085919,0.081397,44.8748929,-0.5765822,2635,URSSAF,242.2,33;35
Z25CT13,Bordeaux,BOUCLE,21,0.085919,0.081397,44.8748929,-0.5765822,3124,URSSAF,233.6,33;35
Z25CT6,Bordeaux,BOUCLE,23,0.050710,0.083533,44.8756901,-0.5690752,5460,Laroque,202.9,7
Z25CT6,Bordeaux,BOUCLE,23,0.050710,0.083533,44.8756901,-0.5690752,760,Laroque,198.2,7;N1
Z25CT6,Bordeaux,BOUCLE,23,0.050710,0.083533,44.8756901,-0.5690752,5458,Reinson,190.8,32
Z25CT6,Bordeaux,BOUCLE,23,0.050710,0.083533,44.8756901,-0.5690752,5459,Reinson,208.7,32
Z25CT6,Bordeaux,BOUCLE,23,0.050710,0.083533,44.8756901,-0.5690752,5480,Reinson,97.6,7
Z25CT6,Bordeaux,BOUCLE,23,0.050710,0.083533,44.8756901,-0.5690752,5481,Reinson,95.3,7
Z25CT7,Bordeaux,BOUCLE,0,,,44.8777497,-0.5689157,1964,Berges du Lac,166.3,32;7
Z25CT7,Bordeaux,BOUCLE,0,,,44.8777497,-0.5689157,3005,Berges du Lac,189.7,32;7
Z25CT7,Bordeaux,BOUCLE,0,,,44.8777497,-0.5689157,7131,Berges du Lac,207.1,C
Z25CT7,Bordeaux,BOUCLE,0,,,44.8777497,-0.5689157,7132,Berges du Lac,203.3,C
Z25CT7,Bordeaux,BOUCLE,0,,,44.8777497,-0.5689157,5458,Reinson,84.4,32
Z25CT7,Bordeaux,BOUCLE,0,,,44.8777497,-0.5689157,5459,Reinson,127.4,32
Z25CT7,Bordeaux,BOUCLE,0,,,44.8777497,-0.5689157,5480,Reinson,138.9,7
Z25CT7,Bordeaux,BOUCLE,0,,,44.8777497,-0.5689157,5481,Reinson,148.9,7
Z25CT3,Bordeaux,BOUCLE,,,,44.8877117,-0.5600755,4700,Richaud,275.4,32
Z25CT3,Bordeaux,BOUCLE,,,,44.8877117,-0.5600755,5743,Rond Point Marie Fel,100.7,32;75
Z25CT3,Bordeaux,BOUCLE,,,,44.8877117,-0.5600755,5744,Rond Point Marie Fel,118.6,32;75
Z25CT2,Bordeaux,BOUCLE,,,,44.8886359,-0.5601903,1440,CAF,289.5,75
Z25CT2,Bordeaux,BOUCLE,,,,44.8886359,-0.5601903,5476,CAF,240.3,75
Z25CT2,Bordeaux,BOUCLE,,,,44.8886359,-0.5601903,4700,Richaud,216.6,32
Z25CT2,Bordeaux,BOUCLE,,,,44.8886359,-0.5601903,4800,Richaud,289.6,32
Z25CT2,Bordeaux,BOUCLE,,,,44.8886359,-0.5601903,5743,Rond Point Marie Fel,14.3,32;75
Z25CT2,Bordeaux,BOUCLE,,,,44.8886359,-0.5601903,5744,Rond Point Marie Fel,16.5,32;75
Z25CT2,Bordeaux,BOUCLE,,,,44.8886359,-0.5601903,3653,Vergne-Bricaud,268.0,75
Z16CT8,Pessac,BOUCLE,8,0.078400,0.092800,44.8106915,-0.6213777,2761,Avenue Jean Jaurès,191.2,4
Z16CT8,Pessac,BOUCLE,8,0.078400,0.092800,44.8106915,-0.6213777,2789,Avenue Jean Jaurès,251.1,4
Z16CT8,Pessac,BOUCLE,8,0.078400,0.092800,44.8106915,-0.6213777,2031,Les Echoppes,60.8,4
Z16CT8,Pessac,BOUCLE,8,0.078400,0.092800,44.8106915,-0.6213777,2790,Les Echoppes,78.6,4
Z16CT8,Pessac,BOUCLE,8,0.078400,0.092800,44.8106915,-0.6213777,1225,Les Erables,276.0,24;S39
Z16CT8,Pessac,BOUCLE,8,0.078400,0.092800,44.8106915,-0.6213777,690,Les Erables,281.9,24;S39
Z25CT15,Bordeaux,BOUCLE,,,,44.8825258,-0.5609752,7451,Centre Commercial du Lac,269.4,15;7
Z16CT14,Pessac,BOUCLE,20,0.074812,0.096878,44.805871,-0.6264487,3143,Cardinal,53.7,35;77;87
Z16CT14,Pessac,BOUCLE,20,0.074812,0.096878,44.805871,-0.6264487,8961,Cardinal,79.8,35;77;87
Z16CT14,Pessac,BOUCLE,20,0.074812,0.096878,44.805871,-0.6264487,1309,Jaubert,184.2,4
Z16CT14,Pessac,BOUCLE,20,0.074812,0.096878,44.805871,-0.6264487,2762,Jaubert,177.8,4
Z16CT14,Pessac,BOUCLE,20,0.074812,0.096878,44.805871,-0.6264487,425,Rosa Bonheur,272.2,24;30
Z10CT13,Bordeaux,BOUCLE,14,0.071851,0.080586,44.8275412,-0.5920619,1757,Barrière de Pessac (Boulevards),236.8,20;9;H1;N4
Z10CT13,Bordeaux,BOUCLE,14,0.071851,0.080586,44.8275412,-0.5920619,9820,Barrière de Pessac (Boulevards),260.1,9;H2
Z10CT13,Bordeaux,BOUCLE,14,0.071851,0.080586,44.8275412,-0.5920619,199,Livran,297.2,24
Z10CT13,Bordeaux,BOUCLE,14,0.071851,0.080586,44.8275412,-0.5920619,1771,Xaintrailles,18.3,24
Z10CT13,Bordeaux,BOUCLE,14,0.071851,0.080586,44.8275412,-0.5920619,1804,Xaintrailles,70.5,20;9;H2
Z10CT13,Bordeaux,BOUCLE,14,0.071851,0.080586,44.8275412,-0.5920619,620,Xaintrailles,93.7,24
Z10CT13,Bordeaux,BOUCLE,14,0.071851,0.080586,44.8275412,-0.5920619,647,Xaintrailles,142.6,20;80;9;H1
Z10CT13,Bordeaux,BOUCLE,14,0.071851,0.080586,44.8275412,-0.5920619,9828,Xaintrailles,96.1,80
Z10CT14,Bordeaux,BOUCLE,41,,,44.8270587,-0.5952369,13223,Campeyraut,162.3,20
Z10CT14,Bordeaux,BOUCLE,41,,,44.8270587,-0.5952369,137,Campeyraut,148.5,24;80
Z10CT14,Bordeaux,BOUCLE,41,,,44.8270587,-0.5952369,2753,Campeyraut,178.4,24;80;N4
Z10CT14,Bordeaux,BOUCLE,41,,,44.8270587,-0.5952369,1771,Xaintrailles,274.3,24
Z10CT14,Bordeaux,BOUCLE,41,,,44.8270587,-0.5952369,1804,Xaintrailles,191.8,20;9;H2
Z10CT14,Bordeaux,BOUCLE,41,,,44.8270587,-0.5952369,620,Xaintrailles,252.8,24
Z10CT14,Bordeaux,BOUCLE,41,,,44.8270587,-0.5952369,647,Xaintrailles,185.1,20;80;9;H1
Z10CT14,Bordeaux,BOUCLE,41,,,44.8270587,-0.5952369,9828,Xaintrailles,160.0,80
Z11CT9,Talence,BOUCLE,72,0.061233,0.072213,44.8249125,-0.5887159,2740,Barrière de Pessac,108.7,20;4
Z11CT9,Talence,BOUCLE,72,0.061233,0.072213,44.8249125,-0.5887159,2752,Barrière de Pessac,100.5,20;4
Z11CT9,Talence,BOUCLE,72,0.061233,0.072213,44.8249125,-0.5887159,1757,Barrière de Pessac (Boulevards),157.1,20;9;H1;N4
Z11CT9,Talence,BOUCLE,72,0.061233,0.072213,44.8249125,-0.5887159,9820,Barrière de Pessac (Boulevards),134.8,9;H2
Z11CT9,Talence,BOUCLE,72,0.061233,0.072213,44.8249125,-0.5887159,2344,Boulevard George V,204.4,9;H2
Z11CT9,Talence,BOUCLE,72,0.061233,0.072213,44.8249125,-0.5887159,3310,Boulevard George V,152.6,9;H1;N4
Z11CT9,Talence,BOUCLE,72,0.061233,0.072213,44.8249125,-0.5887159,2830,Jeanne d'Arc,281.0,4
Z10CT15,Talence,BOUCLE,19,0.069877,0.079098,44.823292,-0.5929325,1077,14 Juillet,81.4,4
Z10CT15,Talence,BOUCLE,19,0.069877,0.079098,44.823292,-0.5929325,775,14 Juillet,92.0,4
Z10CT15,Talence,BOUCLE,19,0.069877,0.079098,44.823292,-0.5929325,1390,Edison,277.9,4
Z10CT15,Talence,BOUCLE,19,0.069877,0.079098,44.823292,-0.5929325,1266,Jeanne d'Arc,70.9,4
Z10CT15,Talence,BOUCLE,19,0.069877,0.079098,44.823292,-0.5929325,2830,Jeanne d'Arc,98.6,4
Z10CT19,Bordeaux,BOUCLE,0,0.072378,0.077430,44.8249089,-0.5988967,3527,Bordeaux Carreire,221.8,8
Z10CT19,Bordeaux,BOUCLE,0,0.072378,0.077430,44.8249089,-0.5988967,137,Campeyraut,231.8,24;80
Z10CT19,Bordeaux,BOUCLE,0,0.072378,0.077430,44.8249089,-0.5988967,2753,Campeyraut,201.4,24;80;N4
Z10CT19,Bordeaux,BOUCLE,0,0.072378,0.077430,44.8249089,-0.5988967,13219,Charles Perrens,299.2,73
Z10CT19,Bordeaux,BOUCLE,0,0.072378,0.077430,44.8249089,-0.5988967,1770,Charles Perrens,143.4,24;8;80
Z10CT19,Bordeaux,BOUCLE,0,0.072378,0.077430,44.8249089,-0.5988967,2754,Charles Perrens,233.8,24;8;80
Z10CT19,Bordeaux,BOUCLE,0,0.072378,0.077430,44.8249089,-0.5988967,322,Privat,53.9,24;8
Z24AE,Eysines,SIREDO,,,,44.8641921,-0.6617532,3984,Mermoz,265.5,38
Z24AE,Eysines,SIREDO,,,,44.8641921,-0.6617532,3985,Mermoz,260.1,38
Z24AE,Eysines,SIREDO,,,,44.8641921,-0.6617532,2991,Saint-Exupéry,103.4,72
Z24AE,Eysines,SIREDO,,,,44.8641921,-0.6617532,9165,Saint-Exupéry,100.2,G
Z24AE,Eysines,SIREDO,,,,44.8641921,-0.6617532,9166,Saint-Exupéry,76.6,G
Z24AE,Eysines,SIREDO,,,,44.8641921,-0.6617532,981,Saint-Exupéry,75.9,72
Z30BS,Mérignac,SIREDO,,0.069330,0.075805,44.8351569,-0.6318041,1212,Labatut,92.7,20
Z30BS,Mérignac,SIREDO,,0.069330,0.075805,44.8351569,-0.6318041,532,Labatut,71.9,20
Z30BE,Mérignac,SIREDO,,0.044096,0.095752,44.8351252,-0.6318109,1212,Labatut,93.2,20
Z30BE,Mérignac,SIREDO,,0.044096,0.095752,44.8351252,-0.6318109,532,Labatut,72.1,20
Z25BE,Bruges,SIREDO,,,,44.8787392,-0.5821025,8061,Bordeaux Plage,237.1,15
Z25BE,Bruges,SIREDO,,,,44.8787392,-0.5821025,5519,Centre de Voile,21.6,15
Z25BE,Bruges,SIREDO,,,,44.8787392,-0.5821025,5520,Centre de Voile,17.3,15
Z25BE,Bruges,SIREDO,,,,44.8787392,-0.5821025,5010,Manaud,277.4,33;35
Z25BE,Bruges,SIREDO,,,,44.8787392,-0.5821025,5011,Manaud,282.4,33;35
Z25BS,Bruges,SIREDO,,,,44.8787561,-0.5820737,8061,Bordeaux Plage,236.7,15
Z25BS,Bruges,SIREDO,,,,44.8787561,-0.5820737,5519,Centre de Voile,21.4,15
Z25BS,Bruges,SIREDO,,,,44.8787561,-0.5820737,5520,Centre de Voile,17.8,15
Z25BS,Bruges,SIREDO,,,,44.8787561,-0.5820737,5010,Manaud,279.2,33;35
Z25BS,Bruges,SIREDO,,,,44.8787561,-0.5820737,5011,Manaud,283.9,33;35
Z05BS,Floirac,SIREDO,,0.051185,0.101881,44.820897,-0.5320158,1370,La Jacquotte,88.9,25
Z05BS,Floirac,SIREDO,,0.051185,0.101881,44.820897,-0.5320158,8191,La Jacquotte,69.6,24
Z05BS,Floirac,SIREDO,,0.051185,0.101881,44.820897,-0.5320158,8203,La Jacquotte,74.5,24;25
Z17AS,Talence,SIREDO,,0.052350,0.079302,44.8069271,-0.591717,7802,Médiathèque,208.1,23;31;TBNight
Z17AS,Talence,SIREDO,,0.052350,0.079302,44.8069271,-0.591717,7801,Médiathèque (côté Château Margaut),196.2,23;31;TBNight
Z17AS,Talence,SIREDO,,0.052350,0.079302,44.8069271,-0.591717,371,Peixotto,44.4,31;34;TBNight
Z17AS,Talence,SIREDO,,0.052350,0.079302,44.8069271,-0.591717,3741,Peixotto,77.4,B
Z17AS,Talence,SIREDO,,0.052350,0.079302,44.8069271,-0.591717,3742,Peixotto,83.6,B
Z17AS,Talence,SIREDO,,0.052350,0.079302,44.8069271,-0.591717,3551,Peixotto (côté Mairie),159.4,23
Z17AS,Talence,SIREDO,,0.052350,0.079302,44.8069271,-0.591717,4112,Peixotto (côté Université),157.4,23
Z17AS,Talence,SIREDO,,0.052350,0.079302,44.8069271,-0.591717,3819,Peixotto (Tram B),100.4,34
Z17AS,Talence,SIREDO,,0.052350,0.079302,44.8069271,-0.591717,8791,Peixotto (Tram B),121.8,31;TBNight
Z17CE,Gradignan,SIREDO,,,,44.7884081,-0.6118287,3439,Eurofac,32.7,31
Z17CE,Gradignan,SIREDO,,,,44.7884081,-0.6118287,3440,Eurofac,175.2,31
Z17DE,Talence,SIREDO,,0.097226,0.092818,44.7886195,-0.5906687,3792,Allende,286.6,23
Z17DE,Talence,SIREDO,,0.097226,0.092818,44.7886195,-0.5906687,3793,Allende,289.9,23
Z17DE,Talence,SIREDO,,0.097226,0.092818,44.7886195,-0.5906687,3226,Château de Thouars,106.8,8
Z17DE,Talence,SIREDO,,0.097226,0.092818,44.7886195,-0.5906687,3227,Château de Thouars,128.1,8
Z17DE,Talence,SIREDO,,0.097226,0.092818,44.7886195,-0.5906687,3224,Piscine de Thouars,223.7,8
Z17DE,Talence,SIREDO,,0.097226,0.092818,44.7886195,-0.5906687,3225,Piscine de Thouars,210.8,8
Z17DS,Talence,SIREDO,,0.051015,0.128034,44.7886155,-0.5907097,3792,Allende,289.8,23
Z17DS,Talence,SIREDO,,0.051015,0.128034,44.7886155,-0.5907097,3793,Allende,293.2,23
Z17DS,Talence,SIREDO,,0.051015,0.128034,44.7886155,-0.5907097,3226,Château de Thouars,106.4,8
Z17DS,Talence,SIREDO,,0.051015,0.128034,44.7886155,-0.5907097,3227,Château de Thouars,127.6,8
Z17DS,Talence,SIREDO,,0.051015,0.128034,44.7886155,-0.5907097,3224,Piscine de Thouars,223.5,8
Z17DS,Talence,SIREDO,,0.051015,0.128034,44.7886155,-0.5907097,3225,Piscine de Thouars,210.5,8
Z17EE,Talence,SIREDO,,0.057143,0.113165,44.8132443,-0.5865581,6505,Les Harmonies,293.5,23;31;73;S47;TBNight
Z23AE,Eysines,SIREDO,,,,44.8782443,-0.644707,7933,19 Mars 1962,149.0,38
Z23AE,Eysines,SIREDO,,,,44.8782443,-0.644707,7934,19 Mars 1962,245.8,2;38
Z23AE,Eysines,SIREDO,,,,44.8782443,-0.644707,7932,Biblanque,171.6,38
Z23AE,Eysines,SIREDO,,,,44.8782443,-0.644707,8111,Biblanque,214.5,38
Z28CT1,Saint-Médard-en-Jalles,BOUCLE,28,0.029221,0.090136,44.8867913,-0.6950881,9612,Aristide Briand,257.0,S16
Z28CT1,Saint-Médard-en-Jalles,BOUCLE,28,0.029221,0.090136,44.8867913,-0.6950881,9613,Aristide Briand,279.2,S16
Z28CT1,Saint-Médard-en-Jalles,BOUCLE,28,0.029221,0.090136,44.8867913,-0.6950881,9618,Chemin de l'Ecole,254.7,S16
Z28CT1,Saint-Médard-en-Jalles,BOUCLE,28,0.029221,0.090136,44.8867913,-0.6950881,9619,Chemin de l'Ecole,251.7,S16
Z28CT1,Saint-Médard-en-Jalles,BOUCLE,28,0.029221,0.090136,44.8867913,-0.6950881,9151,Château Gajac,220.1,G
Z28CT1,Saint-Médard-en-Jalles,BOUCLE,28,0.029221,0.090136,44.8867913,-0.6950881,9152,Château Gajac,254.4,G
Z28CT1,Saint-Médard-en-Jalles,BOUCLE,28,0.029221,0.090136,44.8867913,-0.6950881,9620,Ecole Gajac,176.6,S16
Z28CT1,Saint-Médard-en-Jalles,BOUCLE,28,0.029221,0.090136,44.8867913,-0.6950881,9621,Ecole Gajac,253.9,S16
Z28CT8,Saint-Médard-en-Jalles,BOUCLE,,0.076737,0.075076,44.8871522,-0.6962577,9608,Avenue Descartes,294.5,S15
Z28CT8,Saint-Médard-en-Jalles,BOUCLE,,0.076737,0.075076,44.8871522,-0.6962577,9618,Chemin de l'Ecole,270.1,S16
Z28CT8,Saint-Médard-en-Jalles,BOUCLE,,0.076737,0.075076,44.8871522,-0.6962577,9619,Chemin de l'Ecole,263.7,S16
Z28CT8,Saint-Médard-en-Jalles,BOUCLE,,0.076737,0.075076,44.8871522,-0.6962577,9151,Château Gajac,124.8,G
Z28CT8,Saint-Médard-en-Jalles,BOUCLE,,0.076737,0.075076,44.8871522,-0.6962577,9152,Château Gajac,157.7,G
Z28CT8,Saint-Médard-en-Jalles,BOUCLE,,0.076737,0.075076,44.8871522,-0.6962577,9620,Ecole Gajac,118.7,S16
Z28CT8,Saint-Médard-en-Jalles,BOUCLE,,0.076737,0.075076,44.8871522,-0.6962577,9621,Ecole Gajac,186.1,S16
Z28CT4,Saint-Médard-en-Jalles,BOUCLE,9,0.136630,0.064103,44.8974092,-0.7225626,2848,Gare Routière (av du Gal de Gaulle),81.0,39;71
Z28CT4,Saint-Médard-en-Jalles,BOUCLE,9,0.136630,0.064103,44.8974092,-0.7225626,31,Gare Routière (av du Gal de Gaulle),125.7,39;71
Z28CT4,Saint-Médard-en-Jalles,BOUCLE,9,0.136630,0.064103,44.8974092,-0.7225626,1130,Proust,264.5,37;84
Z28CT4,Saint-Médard-en-Jalles,BOUCLE,9,0.136630,0.064103,44.8974092,-0.7225626,1149,Proust,201.5,37;84
Z9CT2,Bordeaux,BOUCLE,40,0.070523,0.066435,44.8329764,-0.5987084,1094,Barrière Saint-Augustin,150.2,9;H2
Z9CT2,Bordeaux,BOUCLE,40,0.070523,0.066435,44.8329764,-0.5987084,1758,Barrière Saint-Augustin,83.5,9;H1
Z9CT2,Bordeaux,BOUCLE,40,0.070523,0.066435,44.8329764,-0.5987084,9240,Barrière Saint-Augustin,73.1,55;80;Bus F
Z9CT2,Bordeaux,BOUCLE,40,0.070523,0.066435,44.8329764,-0.5987084,9241,Barrière Saint-Augustin,75.7,55;80;Bus F
Z9CT2,Bordeaux,BOUCLE,40,0.070523,0.066435,44.8329764,-0.5987084,15040,Gaviniès,290.1,Bus F
Z9CT2,Bordeaux,BOUCLE,40,0.070523,0.066435,44.8329764,-0.5987084,1595,Stade Chaban Delmas,103.3,20;80;9;H1
Z9CT2,Bordeaux,BOUCLE,40,0.070523,0.066435,44.8329764,-0.5987084,1749,Stade Chaban Delmas,231.3,80;9;H2
Z9CT2,Bordeaux,BOUCLE,40,0.070523,0.066435,44.8329764,-0.5987084,4585,Stade Chaban Delmas,165.4,A;F
Z9CT2,Bordeaux,BOUCLE,40,0.070523,0.066435,44.8329764,-0.5987084,4586,Stade Chaban Delmas,195.7,A;F
Z9CT7,Bordeaux,BOUCLE,35,0.078900,0.067756,44.8338478,-0.5902949,6871,Bibliothèque,298.7,55;80
Z9CT7,Bordeaux,BOUCLE,35,0.078900,0.067756,44.8338478,-0.5902949,4583,Gaviniès,240.4,A;F
Z9CT7,Bordeaux,BOUCLE,35,0.078900,0.067756,44.8338478,-0.5902949,4584,Gaviniès,236.0,A;F
Z9CT7,Bordeaux,BOUCLE,35,0.078900,0.067756,44.8338478,-0.5902949,9115,Gaviniès,230.4,Bus F
Z9CT7,Bordeaux,BOUCLE,35,0.078900,0.067756,44.8338478,-0.5902949,13111,Hôtel de Police,165.6,Bus F
Z9CT7,Bordeaux,BOUCLE,35,0.078900,0.067756,44.8338478,-0.5902949,3583,Hôtel de Police,153.9,4
Z9CT7,Bordeaux,BOUCLE,35,0.078900,0.067756,44.8338478,-0.5902949,4581,Hôtel de Police,161.7,A;F
Z9CT7,Bordeaux,BOUCLE,35,0.078900,0.067756,44.8338478,-0.5902949,4582,Hôtel de Police,167.4,A;F
Z9CT7,Bordeaux,BOUCLE,35,0.078900,0.067756,44.8338478,-0.5902949,8311,Hôtel de Police,229.3,80;Bus F
Z9CT12,Bordeaux,BOUCLE,0,0.062386,0.066945,44.8332291,-0.6017359,1094,Barrière Saint-Augustin,255.6,9;H2
Z9CT12,Bordeaux,BOUCLE,0,0.062386,0.066945,44.8332291,-0.6017359,1758,Barrière Saint-Augustin,251.0,9;H1
Z9CT12,Bordeaux,BOUCLE,0,0.062386,0.066945,44.8332291,-0.6017359,9240,Barrière Saint-Augustin,299.1,55;80;Bus F
Z9CT12,Bordeaux,BOUCLE,0,0.062386,0.066945,44.8332291,-0.6017359,1595,Stade Chaban Delmas,292.9,20;80;9;H1
Z7CT2,Mérignac,BOUCLE,33,,,44.8411897,-0.6436765,1234,Dupuy-Verdun,35.3,1;33
Z7CT2,Mérignac,BOUCLE,33,,,44.8411897,-0.6436765,162,Dupuy-Verdun,84.0,1;33
Z7CT2,Mérignac,BOUCLE,33,,,44.8411897,-0.6436765,1456,Jard-Verdun,251.3,1;33
Z7CT2,Mérignac,BOUCLE,33,,,44.8411897,-0.6436765,1663,Mérignac Centre,260.6,30;35;Bus F
Z7CT2,Mérignac,BOUCLE,33,,,44.8411897,-0.6436765,5225,Mérignac Centre,241.7,1;30;33;35;Bus F
Z7CT2,Mérignac,BOUCLE,33,,,44.8411897,-0.6436765,5242,Mérignac Centre,255.7,A
Z7CT2,Mérignac,BOUCLE,33,,,44.8411897,-0.6436765,5243,Mérignac Centre,247.8,A
Z2CT10,Bordeaux,BOUCLE,29,0.078551,0.061334,44.8350142,-0.5756565,3718,Hôtel de Ville,284.4,A;F
Z2CT10,Bordeaux,BOUCLE,29,0.078551,0.061334,44.8350142,-0.5756565,3719,Hôtel de Ville,280.2,A;F
Z2CT10,Bordeaux,BOUCLE,29,0.078551,0.061334,44.8350142,-0.5756565,3758,Hôtel de Ville,298.2,B
Z2CT10,Bordeaux,BOUCLE,29,0.078551,0.061334,44.8350142,-0.5756565,3755,Musée d'Aquitaine,64.3,B
Z2CT10,Bordeaux,BOUCLE,29,0.078551,0.061334,44.8350142,-0.5756565,3756,Musée d'Aquitaine,57.1,B
Z2CT10,Bordeaux,BOUCLE,29,0.078551,0.061334,44.8350142,-0.5756565,3826,Musée d'Aquitaine,107.5,16;24;Bus F;N3
Z2CT10,Bordeaux,BOUCLE,29,0.078551,0.061334,44.8350142,-0.5756565,5661,Musée d'Aquitaine,114.3,16;24;Bus F
Z2CT10,Bordeaux,BOUCLE,29,0.078551,0.061334,44.8350142,-0.5756565,7461,République,283.0,55
Z2CT10,Bordeaux,BOUCLE,29,0.078551,0.061334,44.8350142,-0.5756565,8551,République,275.0,16;Bus F;N3
Z2CT10,Bordeaux,BOUCLE,29,0.078551,0.061334,44.8350142,-0.5756565,8552,République,265.3,16;24;4;Bus F
Z2CT10,Bordeaux,BOUCLE,29,0.078551,0.061334,44.8350142,-0.5756565,3541,Sainte-Catherine,246.6,16;24;Bus F;N3
Z2CT16,Bordeaux,BOUCLE,40,0.058824,0.076601,44.8349239,-0.5725545,3755,Musée d'Aquitaine,229.1,B
Z2CT16,Bordeaux,BOUCLE,40,0.058824,0.076601,44.8349239,-0.5725545,3756,Musée d'Aquitaine,228.8,B
Z2CT16,Bordeaux,BOUCLE,40,0.058824,0.076601,44.8349239,-0.5725545,3826,Musée d'Aquitaine,137.6,16;24;Bus F;N3
Z2CT16,Bordeaux,BOUCLE,40,0.058824,0.076601,44.8349239,-0.5725545,5661,Musée d'Aquitaine,130.6,16;24;Bus F
Z2CT16,Bordeaux,BOUCLE,40,0.058824,0.076601,44.8349239,-0.5725545,3541,Sainte-Catherine,7.0,16;24;Bus F;N3
Z2CT16,Bordeaux,BOUCLE,40,0.058824,0.076601,44.8349239,-0.5725545,3542,Sainte-Catherine,81.1,16;24;Bus F
Z2CT15,Bordeaux,BOUCLE,27,0.059524,0.078917,44.8347765,-0.5780099,1606,Bourse du Travail,291.4,1;15;23;5;G;N1;N7
Z2CT15,Bordeaux,BOUCLE,27,0.059524,0.078917,44.8347765,-0.5780099,5857,Hôpital Saint-André,210.4,4
Z2CT15,Bordeaux,BOUCLE,27,0.059524,0.078917,44.8347765,-0.5780099,3718,Hôtel de Ville,291.2,A;F
Z2CT15,Bordeaux,BOUCLE,27,0.059524,0.078917,44.8347765,-0.5780099,3719,Hôtel de Ville,289.5,A;F
Z2CT15,Bordeaux,BOUCLE,27,0.059524,0.078917,44.8347765,-0.5780099,3755,Musée d'Aquitaine,228.2,B
Z2CT15,Bordeaux,BOUCLE,27,0.059524,0.078917,44.8347765,-0.5780099,3756,Musée d'Aquitaine,224.0,B
Z2CT15,Bordeaux,BOUCLE,27,0.059524,0.078917,44.8347765,-0.5780099,3826,Musée d'Aquitaine,294.4,16;24;Bus F;N3
Z2CT15,Bordeaux,BOUCLE,27,0.059524,0.078917,44.8347765,-0.5780099,9195,Palais de Justice,298.5,1;55;80;G
Z2CT15,Bordeaux,BOUCLE,27,0.059524,0.078917,44.8347765,-0.5780099,7461,République,101.4,55
Z2CT15,Bordeaux,BOUCLE,27,0.059524,0.078917,44.8347765,-0.5780099,7462,République,172.9,80
Z2CT15,Bordeaux,BOUCLE,27,0.059524,0.078917,44.8347765,-0.5780099,8551,République,93.8,16;Bus F;N3
Z2CT15,Bordeaux,BOUCLE,27,0.059524,0.078917,44.8347765,-0.5780099,8552,République,78.1,16;24;4;Bus F
Z2CT15,Bordeaux,BOUCLE,27,0.059524,0.078917,44.8347765,-0.5780099,9725,République,155.0,24
Z2CT13,Bordeaux,BOUCLE,27,0.060691,0.073987,44.8346616,-0.579937,9123,Albret,242.7,20;24
Z2CT13,Bordeaux,BOUCLE,27,0.060691,0.073987,44.8346616,-0.579937,9244,Albret,270.3,24
Z2CT13,Bordeaux,BOUCLE,27,0.060691,0.073987,44.8346616,-0.579937,1606,Bourse du Travail,296.1,1;15;23;5;G;N1;N7
Z2CT13,Bordeaux,BOUCLE,27,0.060691,0.073987,44.8346616,-0.579937,5857,Hôpital Saint-André,246.4,4
Z2CT13,Bordeaux,BOUCLE,27,0.060691,0.073987,44.8346616,-0.579937,3720,Palais de Justice,219.5,A;F
Z2CT13,Bordeaux,BOUCLE,27,0.060691,0.073987,44.8346616,-0.579937,3721,Palais de Justice,216.9,A;F
Z2CT13,Bordeaux,BOUCLE,27,0.060691,0.073987,44.8346616,-0.579937,3823,Palais de Justice,204.6,4;G
Z2CT13,Bordeaux,BOUCLE,27,0.060691,0.073987,44.8346616,-0.579937,4031,Palais de Justice,236.3,15;16;23;4;5;Bus F;N5;N6
Z2CT13,Bordeaux,BOUCLE,27,0.060691,0.073987,44.8346616,-0.579937,9195,Palais de Justice,198.7,1;55;80;G
Z2CT13,Bordeaux,BOUCLE,27,0.060691,0.073987,44.8346616,-0.579937,9196,Palais de Justice,290.1,1;15;16;23;5;Bus F;G;N1;N3;N7
Z2CT13,Bordeaux,BOUCLE,27,0.060691,0.073987,44.8346616,-0.579937,9289,Palais de Justice,241.4,55;80
Z2CT13,Bordeaux,BOUCLE,27,0.060691,0.073987,44.8346616,-0.579937,7461,République,68.2,55
Z2CT13,Bordeaux,BOUCLE,27,0.060691,0.073987,44.8346616,-0.579937,7462,République,49.8,80
Z2CT13,Bordeaux,BOUCLE,27,0.060691,0.073987,44.8346616,-0.579937,8551,République,74.9,16;Bus F;N3
Z2CT13,Bordeaux,BOUCLE,27,0.060691,0.073987,44.8346616,-0.579937,8552,République,74.5,16;24;4;Bus F
Z2CT13,Bordeaux,BOUCLE,27,0.060691,0.073987,44.8346616,-0.579937,9725,République,3.4,24
Z2CT3,Bordeaux,BOUCLE,29,0.056860,0.064020,44.8360725,-0.5668716,3714,Place du Palais,283.8,A;F
Z2CT3,Bordeaux,BOUCLE,29,0.056860,0.064020,44.8360725,-0.5668716,3715,Place du Palais,277.0,A;F
Z2CT3,Bordeaux,BOUCLE,29,0.056860,0.064020,44.8360725,-0.5668716,13150,Porte de Bourgogne,143.8,24;Bus F;TBNight
Z2CT3,Bordeaux,BOUCLE,29,0.056860,0.064020,44.8360725,-0.5668716,3712,Porte de Bourgogne,138.5,A;C;D;E;F
Z2CT3,Bordeaux,BOUCLE,29,0.056860,0.064020,44.8360725,-0.5668716,3713,Porte de Bourgogne,132.5,A;C;D;E;F
Z2CT3,Bordeaux,BOUCLE,29,0.056860,0.064020,44.8360725,-0.5668716,3772,Porte de Bourgogne,129.8,C;D;E;F
Z2CT3,Bordeaux,BOUCLE,29,0.056860,0.064020,44.8360725,-0.5668716,3773,Porte de Bourgogne,124.5,C;D;E;F
Z2CT3,Bordeaux,BOUCLE,29,0.056860,0.064020,44.8360725,-0.5668716,3825,Porte de Bourgogne,78.7,16;N3;TBNight
Z2CT3,Bordeaux,BOUCLE,29,0.056860,0.064020,44.8360725,-0.5668716,8581,Porte de Bourgogne,158.3,24;Bus F;TBNight
Z2CT3,Bordeaux,BOUCLE,29,0.056860,0.064020,44.8360725,-0.5668716,8801,Porte de Bourgogne,94.2,16
Z2CT3,Bordeaux,BOUCLE,29,0.056860,0.064020,44.8360725,-0.5668716,2247,Salinières,53.7,16;24;Bus F;N3
Z2CT3,Bordeaux,BOUCLE,29,0.056860,0.064020,44.8360725,-0.5668716,3540,Salinières,15.0,16;24;Bus F
Z2CT21,Bordeaux,BOUCLE,16,0.059742,0.081391,44.8364488,-0.5651526,13150,Porte de Bourgogne,6.1,24;Bus F;TBNight
Z2CT21,Bordeaux,BOUCLE,16,0.059742,0.081391,44.8364488,-0.5651526,3712,Porte de Bourgogne,126.3,A;C;D;E;F
Z2CT21,Bordeaux,BOUCLE,16,0.059742,0.081391,44.8364488,-0.5651526,3713,Porte de Bourgogne,120.5,A;C;D;E;F
Z2CT21,Bordeaux,BOUCLE,16,0.059742,0.081391,44.8364488,-0.5651526,3772,Porte de Bourgogne,128.4,C;D;E;F
Z2CT21,Bordeaux,BOUCLE,16,0.059742,0.081391,44.8364488,-0.5651526,3773,Porte de Bourgogne,123.6,C;D;E;F
Z2CT21,Bordeaux,BOUCLE,16,0.059742,0.081391,44.8364488,-0.5651526,3825,Porte de Bourgogne,82.7,16;N3;TBNight
Z2CT21,Bordeaux,BOUCLE,16,0.059742,0.081391,44.8364488,-0.5651526,8581,Porte de Bourgogne,24.1,24;Bus F;TBNight
Z2CT21,Bordeaux,BOUCLE,16,0.059742,0.081391,44.8364488,-0.5651526,8801,Porte de Bourgogne,49.7,16
Z2CT21,Bordeaux,BOUCLE,16,0.059742,0.081391,44.8364488,-0.5651526,13145,Saint Michel,276.6,24;Bus F;TBNight
Z2CT21,Bordeaux,BOUCLE,16,0.059742,0.081391,44.8364488,-0.5651526,13146,Saint Michel,291.9,24;Bus F;TBNight
Z2CT21,Bordeaux,BOUCLE,16,0.059742,0.081391,44.8364488,-0.5651526,3770,Saint-Michel,258.5,C;D;E;F
Z2CT21,Bordeaux,BOUCLE,16,0.059742,0.081391,44.8364488,-0.5651526,3771,Saint-Michel,261.4,C;D;E;F
Z2CT21,Bordeaux,BOUCLE,16,0.059742,0.081391,44.8364488,-0.5651526,2247,Salinières,195.3,16;24;Bus F;N3
Z2CT21,Bordeaux,BOUCLE,16,0.059742,0.081391,44.8364488,-0.5651526,3540,Salinières,153.3,16;24;Bus F
Z2CT4,Bordeaux,BOUCLE,0,0.042422,0.069301,44.8379246,-0.5686221,3714,Place du Palais,57.2,A;F
Z2CT4,Bordeaux,BOUCLE,0,0.042422,0.069301,44.8379246,-0.5686221,3715,Place du Palais,50.1,A;F
Z2CT4,Bordeaux,BOUCLE,0,0.042422,0.069301,44.8379246,-0.5686221,3712,Porte de Bourgogne,198.7,A;C;D;E;F
Z2CT4,Bordeaux,BOUCLE,0,0.042422,0.069301,44.8379246,-0.5686221,3713,Porte de Bourgogne,202.6,A;C;D;E;F
Z2CT4,Bordeaux,BOUCLE,0,0.042422,0.069301,44.8379246,-0.5686221,3772,Porte de Bourgogne,193.3,C;D;E;F
Z2CT4,Bordeaux,BOUCLE,0,0.042422,0.069301,44.8379246,-0.5686221,3773,Porte de Bourgogne,197.0,C;D;E;F
Z2CT4,Bordeaux,BOUCLE,0,0.042422,0.069301,44.8379246,-0.5686221,3825,Porte de Bourgogne,243.2,16;N3;TBNight
Z2CT4,Bordeaux,BOUCLE,0,0.042422,0.069301,44.8379246,-0.5686221,8801,Porte de Bourgogne,279.7,16
Z2CT4,Bordeaux,BOUCLE,0,0.042422,0.069301,44.8379246,-0.5686221,2247,Salinières,244.5,16;24;Bus F;N3
Z2CT4,Bordeaux,BOUCLE,0,0.042422,0.069301,44.8379246,-0.5686221,3540,Salinières,254.8,16;24;Bus F
Z2CT23,Bordeaux,BOUCLE,1,0.053914,0.080871,44.8359343,-0.5824028,793,Bibliothèque,235.0,4;55;80
Z2CT23,Bordeaux,BOUCLE,1,0.053914,0.080871,44.8359343,-0.5824028,3722,Mériadeck,290.4,A;F
Z2CT23,Bordeaux,BOUCLE,1,0.053914,0.080871,44.8359343,-0.5824028,3723,Mériadeck,282.3,A;F
Z2CT23,Bordeaux,BOUCLE,1,0.053914,0.080871,44.8359343,-0.5824028,3720,Palais de Justice,82.5,A;F
Z2CT23,Bordeaux,BOUCLE,1,0.053914,0.080871,44.8359343,-0.5824028,3721,Palais de Justice,77.6,A;F
Z2CT23,Bordeaux,BOUCLE,1,0.053914,0.080871,44.8359343,-0.5824028,3823,Palais de Justice,94.1,4;G
Z2CT23,Bordeaux,BOUCLE,1,0.053914,0.080871,44.8359343,-0.5824028,4031,Palais de Justice,127.4,15;16;23;4;5;Bus F;N5;N6
Z2CT23,Bordeaux,BOUCLE,1,0.053914,0.080871,44.8359343,-0.5824028,9195,Palais de Justice,97.8,1;55;80;G
Z2CT23,Bordeaux,BOUCLE,1,0.053914,0.080871,44.8359343,-0.5824028,9196,Palais de Justice,164.1,1;15;16;23;5;Bus F;G;N1;N3;N7
Z2CT23,Bordeaux,BOUCLE,1,0.053914,0.080871,44.8359343,-0.5824028,9289,Palais de Justice,51.5,55;80
Z2CT23,Bordeaux,BOUCLE,1,0.053914,0.080871,44.8359343,-0.5824028,7461,République,268.6,55
Z2CT23,Bordeaux,BOUCLE,1,0.053914,0.080871,44.8359343,-0.5824028,7462,République,200.7,80
Z2CT23,Bordeaux,BOUCLE,1,0.053914,0.080871,44.8359343,-0.5824028,8551,République,275.9,16;Bus F;N3
Z2CT23,Bordeaux,BOUCLE,1,0.053914,0.080871,44.8359343,-0.5824028,8552,République,299.5,16;24;4;Bus F
Z2CT23,Bordeaux,BOUCLE,1,0.053914,0.080871,44.8359343,-0.5824028,9725,République,237.0,24
Z2CT7,Bordeaux,BOUCLE,9,0.080414,0.067011,44.8358328,-0.5839379,6871,Bibliothèque,249.6,55;80
Z2CT7,Bordeaux,BOUCLE,9,0.080414,0.067011,44.8358328,-0.5839379,793,Bibliothèque,119.3,4;55;80
Z2CT7,Bordeaux,BOUCLE,9,0.080414,0.067011,44.8358328,-0.5839379,3722,Mériadeck,260.9,A;F
Z2CT7,Bordeaux,BOUCLE,9,0.080414,0.067011,44.8358328,-0.5839379,3723,Mériadeck,254.6,A;F
Z2CT7,Bordeaux,BOUCLE,9,0.080414,0.067011,44.8358328,-0.5839379,9129,Mériadeck,272.8,4;70;Bus F
Z2CT7,Bordeaux,BOUCLE,9,0.080414,0.067011,44.8358328,-0.5839379,3720,Palais de Justice,199.7,A;F
Z2CT7,Bordeaux,BOUCLE,9,0.080414,0.067011,44.8358328,-0.5839379,3721,Palais de Justice,195.8,A;F
Z2CT7,Bordeaux,BOUCLE,9,0.080414,0.067011,44.8358328,-0.5839379,3823,Palais de Justice,213.8,4;G
Z2CT7,Bordeaux,BOUCLE,9,0.080414,0.067011,44.8358328,-0.5839379,4031,Palais de Justice,239.7,15;16;23;4;5;Bus F;N5;N6
Z2CT7,Bordeaux,BOUCLE,9,0.080414,0.067011,44.8358328,-0.5839379,9195,Palais de Justice,218.2,1;55;80;G
Z2CT7,Bordeaux,BOUCLE,9,0.080414,0.067011,44.8358328,-0.5839379,9196,Palais de Justice,261.4,1;15;16;23;5;Bus F;G;N1;N3;N7
Z2CT7,Bordeaux,BOUCLE,9,0.080414,0.067011,44.8358328,-0.5839379,9289,Palais de Justice,162.8,55;80
Z2CT7,Bordeaux,BOUCLE,9,0.080414,0.067011,44.8358328,-0.5839379,3269,Préfecture,282.4,82
Z1CT12,Bordeaux,BOUCLE,57,,,44.8328063,-0.5608282,13145,Saint Michel,254.2,24;Bus F;TBNight
Z1CT12,Bordeaux,BOUCLE,57,,,44.8328063,-0.5608282,13146,Saint Michel,237.7,24;Bus F;TBNight
Z1CT12,Bordeaux,BOUCLE,57,,,44.8328063,-0.5608282,3770,Saint-Michel,275.1,C;D;E;F
Z1CT12,Bordeaux,BOUCLE,57,,,44.8328063,-0.5608282,3771,Saint-Michel,273.0,C;D;E;F
Z1CT12,Bordeaux,BOUCLE,57,,,44.8328063,-0.5608282,3768,Sainte-Croix,151.0,C;D;E;F
Z1CT12,Bordeaux,BOUCLE,57,,,44.8328063,-0.5608282,3769,Sainte-Croix,156.8,C;D;E;F
Z1CT12,Bordeaux,BOUCLE,57,,,44.8328063,-0.5608282,8913,Sainte-Croix (Tram C/D),105.8,24;Bus F;TBNight
Z1CT12,Bordeaux,BOUCLE,57,,,44.8328063,-0.5608282,8914,Sainte-Croix (Tram C/D),133.1,24;Bus F;TBNight
Z1CT4,Bordeaux,BOUCLE,73,0.058862,0.072563,44.8394545,-0.5682398,3774,Place de la Bourse,261.7,C;D;E
Z1CT4,Bordeaux,BOUCLE,73,0.058862,0.072563,44.8394545,-0.5682398,3775,Place de la Bourse,256.1,C;D;E
Z1CT4,Bordeaux,BOUCLE,73,0.058862,0.072563,44.8394545,-0.5682398,3714,Place du Palais,191.2,A;F
Z1CT4,Bordeaux,BOUCLE,73,0.058862,0.072563,44.8394545,-0.5682398,3715,Place du Palais,190.5,A;F
Z1CT4,Bordeaux,BOUCLE,73,0.058862,0.072563,44.8394545,-0.5682398,3712,Porte de Bourgogne,289.5,A;C;D;E;F
Z1CT4,Bordeaux,BOUCLE,73,0.058862,0.072563,44.8394545,-0.5682398,3713,Porte de Bourgogne,296.1,A;C;D;E;F
Z1CT4,Bordeaux,BOUCLE,73,0.058862,0.072563,44.8394545,-0.5682398,3772,Porte de Bourgogne,290.5,C;D;E;F
Z1CT4,Bordeaux,BOUCLE,73,0.058862,0.072563,44.8394545,-0.5682398,3773,Porte de Bourgogne,296.3,C;D;E;F
Z1CT16,Bordeaux,BOUCLE,44,0.075982,0.071972,44.8487995,-0.570332,5252,CAPC Musée d'Art Contemporain,33.2,B
Z1CT16,Bordeaux,BOUCLE,44,0.075982,0.071972,44.8487995,-0.570332,5253,CAPC Musée d'Art Contemporain,37.4,B
Z1CT9,Bordeaux,BOUCLE,34,0.069633,0.063427,44.8518342,-0.5684556,5254,Chartrons,123.2,B
Z1CT9,Bordeaux,BOUCLE,34,0.069633,0.063427,44.8518342,-0.5684556,5255,Chartrons,131.0,B
Z1CT14,Bordeaux,BOUCLE,22,0.070251,0.067081,44.8541722,-0.5657623,5254,Chartrons,214.5,B
Z1CT14,Bordeaux,BOUCLE,22,0.070251,0.067081,44.8541722,-0.5657623,5255,Chartrons,206.0,B
Z1CT14,Bordeaux,BOUCLE,22,0.070251,0.067081,44.8541722,-0.5657623,5256,Cours du Médoc,271.0,B
Z1CT14,Bordeaux,BOUCLE,22,0.070251,0.067081,44.8541722,-0.5657623,5257,Cours du Médoc,278.3,B
Z1CT14,Bordeaux,BOUCLE,22,0.070251,0.067081,44.8541722,-0.5657623,6465,Cours du Médoc,275.6,N1;TBNight
Z1CT14,Bordeaux,BOUCLE,22,0.070251,0.067081,44.8541722,-0.5657623,6901,Les Hangars (Médoc),277.4,952
Z19CT2,Bègles,BOUCLE,31,0.071007,0.067430,44.8032594,-0.5715465,227,Farvarque,93.3,5
Z19CT2,Bègles,BOUCLE,31,0.071007,0.067430,44.8032594,-0.5715465,2716,Farvarque,38.5,5
Z19CT2,Bègles,BOUCLE,31,0.071007,0.067430,44.8032594,-0.5715465,5866,Farvarque,170.0,73
Z19CT2,Bègles,BOUCLE,31,0.071007,0.067430,44.8032594,-0.5715465,9727,Farvarque,162.0,73
Z19CT2,Bègles,BOUCLE,31,0.071007,0.067430,44.8032594,-0.5715465,692,Jouhaux,204.7,5
Z19CT2,Bègles,BOUCLE,31,0.071007,0.067430,44.8032594,-0.5715465,881,Jouhaux,190.2,5
Z19CT8,Bègles,BOUCLE,0,0.071610,0.069981,44.7858246,-0.5663565,5683,Lycée Vaclav Havel,194.3,23
Z19CT8,Bègles,BOUCLE,0,0.071610,0.069981,44.7858246,-0.5663565,5684,Lycée Vaclav Havel,200.6,23
Z19CT8,Bègles,BOUCLE,0,0.071610,0.069981,44.7858246,-0.5663565,7401,Lycée Vaclav Havel,83.5,C
Z19CT8,Bègles,BOUCLE,0,0.071610,0.069981,44.7858246,-0.5663565,7402,Lycée Vaclav Havel,89.9,C
Z19CT8,Bègles,BOUCLE,0,0.071610,0.069981,44.7858246,-0.5663565,6661,Lycée Václav Havel,183.5,89
Z19CT8,Bègles,BOUCLE,0,0.071610,0.069981,44.7858246,-0.5663565,5735,Lycée Václav Havel (Tram C),86.8,5;85
Z19CT8,Bègles,BOUCLE,0,0.071610,0.069981,44.7858246,-0.5663565,974,Lycée Václav Havel (Tram C),152.3,5;85
Z19CT8,Bègles,BOUCLE,0,0.071610,0.069981,44.7858246,-0.5663565,2693,Mallet,112.6,5;85;89
Z19CT8,Bègles,BOUCLE,0,0.071610,0.069981,44.7858246,-0.5663565,2713,Mallet,64.5,5;85;89
Z19CT8,Bègles,BOUCLE,0,0.071610,0.069981,44.7858246,-0.5663565,2712,Villenave Centre (Pont de la Maye),238.7,5;85;89
Z19CT5,Villenave-d'Ornon,BOUCLE,47,,,44.7838739,-0.5662327,6661,Lycée Václav Havel,296.8,89
Z19CT5,Villenave-d'Ornon,BOUCLE,47,,,44.7838739,-0.5662327,2693,Mallet,104.8,5;85;89
Z19CT5,Villenave-d'Ornon,BOUCLE,47,,,44.7838739,-0.5662327,2713,Mallet,152.8,5;85;89
Z19CT5,Villenave-d'Ornon,BOUCLE,47,,,44.7838739,-0.5662327,5726,Pont de la Maye (vers Courréjean),269.8,89;S48;S50
Z19CT5,Villenave-d'Ornon,BOUCLE,47,,,44.7838739,-0.5662327,5727,Pont de la Maye (vers Lycée V. Havel),263.8,89;S48;S50
Z19CT5,Villenave-d'Ornon,BOUCLE,47,,,44.7838739,-0.5662327,2712,Villenave Centre (Pont de la Maye),22.4,5;85;89
Z19CT5,Villenave-d'Ornon,BOUCLE,47,,,44.7838739,-0.5662327,370,Villenave Centre (Pont de la Maye),187.7,5;85
Z19CT5,Villenave-d'Ornon,BOUCLE,47,,,44.7838739,-0.5662327,7721,Villenave-Centre Pont de la Maye,164.8,C
Z19CT5,Villenave-d'Ornon,BOUCLE,47,,,44.7838739,-0.5662327,7722,Villenave-Centre Pont de la Maye,205.9,C
Z19CT9,Villenave-d'Ornon,BOUCLE,50,0.049185,0.076944,44.7811573,-0.5682288,2728,Collège Niki de Saint Phalle,87.4,5;85
Z19CT9,Villenave-d'Ornon,BOUCLE,50,0.049185,0.076944,44.7811573,-0.5682288,4084,Collège Niki de Saint Phalle,191.1,5
Z19CT9,Villenave-d'Ornon,BOUCLE,50,0.049185,0.076944,44.7811573,-0.5682288,887,Collège Niki de Saint Phalle,22.9,5;85
Z19CT9,Villenave-d'Ornon,BOUCLE,50,0.049185,0.076944,44.7811573,-0.5682288,9419,Collège Niki de Saint Phalle,76.0,S48;S49;S50
Z19CT9,Villenave-d'Ornon,BOUCLE,50,0.049185,0.076944,44.7811573,-0.5682288,5726,Pont de la Maye (vers Courréjean),259.9,89;S48;S50
Z19CT9,Villenave-d'Ornon,BOUCLE,50,0.049185,0.076944,44.7811573,-0.5682288,5727,Pont de la Maye (vers Lycée V. Havel),253.6,89;S48;S50
Z19CT9,Villenave-d'Ornon,BOUCLE,50,0.049185,0.076944,44.7811573,-0.5682288,370,Villenave Centre (Pont de la Maye),203.6,5;85
Z19CT9,Villenave-d'Ornon,BOUCLE,50,0.049185,0.076944,44.7811573,-0.5682288,7721,Villenave-Centre Pont de la Maye,210.1,C
Z19CT9,Villenave-d'Ornon,BOUCLE,50,0.049185,0.076944,44.7811573,-0.5682288,7722,Villenave-Centre Pont de la Maye,185.0,C
Z19CT6,Villenave-d'Ornon,BOUCLE,38,0.090003,0.064537,44.7815844,-0.5642214,4084,Collège Niki de Saint Phalle,173.4,5
Z19CT6,Villenave-d'Ornon,BOUCLE,38,0.090003,0.064537,44.7815844,-0.5642214,5726,Pont de la Maye (vers Courréjean),61.4,89;S48;S50
Z19CT6,Villenave-d'Ornon,BOUCLE,38,0.090003,0.064537,44.7815844,-0.5642214,5727,Pont de la Maye (vers Lycée V. Havel),68.9,89;S48;S50
Z19CT6,Villenave-d'Ornon,BOUCLE,38,0.090003,0.064537,44.7815844,-0.5642214,2712,Villenave Centre (Pont de la Maye),278.3,5;85;89
Z19CT6,Villenave-d'Ornon,BOUCLE,38,0.090003,0.064537,44.7815844,-0.5642214,370,Villenave Centre (Pont de la Maye),162.7,5;85
Z19CT6,Villenave-d'Ornon,BOUCLE,38,0.090003,0.064537,44.7815844,-0.5642214,7721,Villenave-Centre Pont de la Maye,181.0,C
Z19CT6,Villenave-d'Ornon,BOUCLE,38,0.090003,0.064537,44.7815844,-0.5642214,7722,Villenave-Centre Pont de la Maye,165.6,C
Z19CT12,Villenave-d'Ornon,BOUCLE,3,0.226654,0.057393,44.777231,-0.5740442,2,Brignon,211.6,5;85
Z19CT12,Villenave-d'Ornon,BOUCLE,3,0.226654,0.057393,44.777231,-0.5740442,266,Brignon,214.0,5;85
Z19CT12,Villenave-d'Ornon,BOUCLE,3,0.226654,0.057393,44.777231,-0.5740442,3884,Jules Simon,254.1,39;87;89
Z19CT12,Villenave-d'Ornon,BOUCLE,3,0.226654,0.057393,44.777231,-0.5740442,2703,Résidence Le Château,292.6,87
Z19CT12,Villenave-d'Ornon,BOUCLE,3,0.226654,0.057393,44.777231,-0.5740442,2729,Résidence Le Château,296.6,87
Z19CT12,Villenave-d'Ornon,BOUCLE,3,0.226654,0.057393,44.777231,-0.5740442,2487,Sarcignan,129.9,39;5;85;87;89
Z19CT12,Villenave-d'Ornon,BOUCLE,3,0.226654,0.057393,44.777231,-0.5740442,2494,Sarcignan,153.7,39;5;85;87;89
Z19CT14,Villenave-d'Ornon,BOUCLE,45,0.040549,0.083168,44.778297,-0.5642516,4084,Collège Niki de Saint Phalle,289.3,5
Z19CT7,Villenave-d'Ornon,BOUCLE,26,0.044705,0.082281,44.7800108,-0.5660716,2728,Collège Niki de Saint Phalle,247.6,5;85
Z19CT7,Villenave-d'Ornon,BOUCLE,26,0.044705,0.082281,44.7800108,-0.5660716,4084,Collège Niki de Saint Phalle,67.3,5
Z19CT7,Villenave-d'Ornon,BOUCLE,26,0.044705,0.082281,44.7800108,-0.5660716,887,Collège Niki de Saint Phalle,212.6,5;85
Z19CT7,Villenave-d'Ornon,BOUCLE,26,0.044705,0.082281,44.7800108,-0.5660716,9419,Collège Niki de Saint Phalle,147.0,S48;S49;S50
Z19CT7,Villenave-d'Ornon,BOUCLE,26,0.044705,0.082281,44.7800108,-0.5660716,5726,Pont de la Maye (vers Courréjean),197.0,89;S48;S50
Z19CT7,Villenave-d'Ornon,BOUCLE,26,0.044705,0.082281,44.7800108,-0.5660716,5727,Pont de la Maye (vers Lycée V. Havel),197.4,89;S48;S50
Z19CT7,Villenave-d'Ornon,BOUCLE,26,0.044705,0.082281,44.7800108,-0.5660716,370,Villenave Centre (Pont de la Maye),242.2,5;85
Z19CT7,Villenave-d'Ornon,BOUCLE,26,0.044705,0.082281,44.7800108,-0.5660716,7721,Villenave-Centre Pont de la Maye,265.0,C
Z19CT7,Villenave-d'Ornon,BOUCLE,26,0.044705,0.082281,44.7800108,-0.5660716,7722,Villenave-Centre Pont de la Maye,224.0,C
Z14CT1,Le Bouscat,BOUCLE,60,0.071237,0.056169,44.8597906,-0.5890063,2047,Boulevard Pierre 1er,92.9,15
Z14CT1,Le Bouscat,BOUCLE,60,0.071237,0.056169,44.8597906,-0.5890063,2060,Boulevard Pierre 1er,41.0,15
Z14CT1,Le Bouscat,BOUCLE,60,0.071237,0.056169,44.8597906,-0.5890063,1459,Castillon,278.1,70
Z14CT1,Le Bouscat,BOUCLE,60,0.071237,0.056169,44.8597906,-0.5890063,2215,Castillon,271.1,70
Z14CT1,Le Bouscat,BOUCLE,60,0.071237,0.056169,44.8597906,-0.5890063,1959,Mandron,12.2,9;H1
Z14CT1,Le Bouscat,BOUCLE,60,0.071237,0.056169,44.8597906,-0.5890063,604,Mandron,49.8,9;H2;N2
Z14CT1,Le Bouscat,BOUCLE,60,0.071237,0.056169,44.8597906,-0.5890063,2070,Marronniers,230.1,15
Z14CT1,Le Bouscat,BOUCLE,60,0.071237,0.056169,44.8597906,-0.5890063,2126,Marronniers,217.9,15
Z14CT1,Le Bouscat,BOUCLE,60,0.071237,0.056169,44.8597906,-0.5890063,1076,Rivière,295.9,15
Z14CT1,Le Bouscat,BOUCLE,60,0.071237,0.056169,44.8597906,-0.5890063,1290,Tivoli,260.3,9;H1
Z14CT1,Le Bouscat,BOUCLE,60,0.071237,0.056169,44.8597906,-0.5890063,7925,Tivoli,297.4,70
Z14CT1,Le Bouscat,BOUCLE,60,0.071237,0.056169,44.8597906,-0.5890063,9814,Tivoli,290.4,9;H2;N2
Z14CT1,Le Bouscat,BOUCLE,60,0.071237,0.056169,44.8597906,-0.5890063,9827,Tivoli,288.4,70
Z14CT10,Bordeaux,BOUCLE,60,0.069671,0.070869,44.867786,-0.5714453,1475,Jean Hameau,141.4,53;7;9;H1
Z14CT10,Bordeaux,BOUCLE,60,0.069671,0.070869,44.867786,-0.5714453,2350,Jean Hameau,49.6,53;7;9;H2
Z14CT10,Bordeaux,BOUCLE,60,0.069671,0.070869,44.867786,-0.5714453,2334,Place Ravezies,275.1,53;7;9;H1
Z14CT10,Bordeaux,BOUCLE,60,0.069671,0.070869,44.867786,-0.5714453,9064,Place Ravezies,270.8,53;7;9;H2
Z30CT4,Mérignac,BOUCLE,53,,,44.8327051,-0.6627165,5622,ZI Chemin Long,271.0,34
Z30CT4,Mérignac,BOUCLE,53,,,44.8327051,-0.6627165,5623,ZI Chemin Long,261.9,34
Z30CT21,Mérignac,BOUCLE,23,,,44.8280484,-0.6643523,809,Demosthène,290.3,30
Z30CT21,Mérignac,BOUCLE,23,,,44.8280484,-0.6643523,1781,Ecole Arnaud Lafon,258.1,20;33
Z30CT21,Mérignac,BOUCLE,23,,,44.8280484,-0.6643523,1795,Ecole Arnaud Lafon,212.5,20;33;S34
Z30CT21,Mérignac,BOUCLE,23,,,44.8280484,-0.6643523,1745,Vigneau,129.9,20;33
Z30CT21,Mérignac,BOUCLE,23,,,44.8280484,-0.6643523,8,Vigneau,127.2,20;33;34
Z30CT21,Mérignac,BOUCLE,23,,,44.8280484,-0.6643523,5622,ZI Chemin Long,282.1,34
Z26BS,Bègles,SIREDO,,0.044211,0.086316,44.8157478,-0.5486374,3305,Capelle,93.2,S4
Z26BS,Bègles,SIREDO,,0.044211,0.086316,44.8157478,-0.5486374,3320,Capelle,204.1,20;35;54
Z26BS,Bègles,SIREDO,,0.044211,0.086316,44.8157478,-0.5486374,9826,Capelle,202.9,20;35;54;N5
Z26BS,Bègles,SIREDO,,0.044211,0.086316,44.8157478,-0.5486374,9410,Square Farge,197.4,S4
Z26BS,Bègles,SIREDO,,0.044211,0.086316,44.8157478,-0.5486374,9411,Square Farge,185.9,S4
Z26BS,Bègles,SIREDO,,0.044211,0.086316,44.8157478,-0.5486374,2591,Tandonnet,214.2,S4
Z26BS,Bègles,SIREDO,,0.044211,0.086316,44.8157478,-0.5486374,3098,Tandonnet,218.5,35;S4
Z26BS,Bègles,SIREDO,,0.044211,0.086316,44.8157478,-0.5486374,1172,Terres Neuves,182.0,20;54;H2
Z26BS,Bègles,SIREDO,,0.044211,0.086316,44.8157478,-0.5486374,5438,Terres Neuves,182.8,C;E;F
Z26BS,Bègles,SIREDO,,0.044211,0.086316,44.8157478,-0.5486374,5439,Terres Neuves,183.4,C;E;F
Z26BS,Bègles,SIREDO,,0.044211,0.086316,44.8157478,-0.5486374,2280,Terres Neuves (Tram C),234.4,H1;N5
Z26AE,Bègles,SIREDO,,0.074705,0.078200,44.7966189,-0.5415183,5685,Mendès France,237.9,15;23;73
Z26AE,Bègles,SIREDO,,0.074705,0.078200,44.7966189,-0.5415183,5686,Mendès France,252.0,15;23;73
Z26AE,Bègles,SIREDO,,0.074705,0.078200,44.7966189,-0.5415183,9077,Radio Londres,183.7,15;23
Z26AE,Bègles,SIREDO,,0.074705,0.078200,44.7966189,-0.5415183,9078,Radio Londres,297.2,15;23
Z10AE,Talence,SIREDO,,0.067723,0.090080,44.8156522,-0.6005556,9805,Gare de Talence Médoquine,189.0,73;8;80
Z10AE,Talence,SIREDO,,0.067723,0.090080,44.8156522,-0.6005556,9806,Gare de Talence Médoquine,179.0,73;8;80
Z10AE,Talence,SIREDO,,0.067723,0.090080,44.8156522,-0.6005556,1361,Place Mozart,121.8,73;8;80
Z10AE,Talence,SIREDO,,0.067723,0.090080,44.8156522,-0.6005556,2432,Place Mozart,120.8,73;8;80
Z16AE,Pessac,SIREDO,,0.063976,0.091203,44.8143854,-0.6113344,2791,Parc Haut Brion,263.4,4
Z16AE,Pessac,SIREDO,,0.063976,0.091203,44.8143854,-0.6113344,5070,Parc Haut Brion,146.0,4
Z16AE,Pessac,SIREDO,,0.063976,0.091203,44.8143854,-0.6113344,1140,Sembat,265.4,4
Z16AE,Pessac,SIREDO,,0.063976,0.091203,44.8143854,-0.6113344,480,Sembat,205.3,4
Z16BE,Pessac,SIREDO,,0.051948,0.106087,44.8054054,-0.6504409,1153,Pape Clément (Place Sellier),294.7,24;30;77;78;S38
Z16BE,Pessac,SIREDO,,0.051948,0.106087,44.8054054,-0.6504409,2736,Pape Clément (Place Sellier),234.2,24;30;77;78;S38
Z16BE,Pessac,SIREDO,,0.051948,0.106087,44.8054054,-0.6504409,2735,Pont de l'Orient,127.5,24;34;78
Z16BE,Pessac,SIREDO,,0.051948,0.106087,44.8054054,-0.6504409,2737,Pont de l'Orient,148.4,30
Z16BE,Pessac,SIREDO,,0.051948,0.106087,44.8054054,-0.6504409,2757,Pont de l'Orient,167.3,30
Z16BE,Pessac,SIREDO,,0.051948,0.106087,44.8054054,-0.6504409,5263,Pont de l'Orient,146.3,24;34;78
Z16DE,Pessac,SIREDO,,,,44.7891307,-0.6352414,6991,Acacias,153.8,77
Z16DE,Pessac,SIREDO,,,,44.7891307,-0.6352414,9220,Acacias,130.9,77
Z16DE,Pessac,SIREDO,,,,44.7891307,-0.6352414,2807,Les Tulipes,27.8,34;77
Z16DE,Pessac,SIREDO,,,,44.7891307,-0.6352414,920,Les Tulipes,61.4,34;77
Z7CT13,Mérignac,BOUCLE,21,0.087975,0.065070,44.8432884,-0.6489505,1978,Avenue du Truc,272.0,30;35
Z7CT13,Mérignac,BOUCLE,21,0.087975,0.065070,44.8432884,-0.6489505,3111,Avenue du Truc,292.5,30;35
Z7CT13,Mérignac,BOUCLE,21,0.087975,0.065070,44.8432884,-0.6489505,1165,Joliot Curie,294.0,1;Bus F
Z7CT13,Mérignac,BOUCLE,21,0.087975,0.065070,44.8432884,-0.6489505,1663,Mérignac Centre,257.1,30;35;Bus F
Z7CT13,Mérignac,BOUCLE,21,0.087975,0.065070,44.8432884,-0.6489505,5225,Mérignac Centre,273.4,1;30;33;35;Bus F
Z7CT13,Mérignac,BOUCLE,21,0.087975,0.065070,44.8432884,-0.6489505,5242,Mérignac Centre,264.4,A
Z7CT13,Mérignac,BOUCLE,21,0.087975,0.065070,44.8432884,-0.6489505,5243,Mérignac Centre,264.8,A
Z7CT13,Mérignac,BOUCLE,21,0.087975,0.065070,44.8432884,-0.6489505,2273,Mérignac Centre (Médiathèque),181.7,1;51
Z7CT13,Mérignac,BOUCLE,21,0.087975,0.065070,44.8432884,-0.6489505,2456,Mérignac Centre (Médiathèque),178.0,1;33;51
Z7CT13,Mérignac,BOUCLE,21,0.087975,0.065070,44.8432884,-0.6489505,13155,Pin Galant,241.6,Bus F
Z7CT13,Mérignac,BOUCLE,21,0.087975,0.065070,44.8432884,-0.6489505,15093,Pin Galant,218.8,1
Z7CT13,Mérignac,BOUCLE,21,0.087975,0.065070,44.8432884,-0.6489505,7329,Pin Galant,219.0,A
Z7CT13,Mérignac,BOUCLE,21,0.087975,0.065070,44.8432884,-0.6489505,7330,Pin Galant,212.3,A
Z7CT14,Mérignac,BOUCLE,19,0.084451,0.077993,44.845128,-0.6594776,7331,Hôtel de Ville Mérignac,136.6,A
Z7CT14,Mérignac,BOUCLE,19,0.084451,0.077993,44.845128,-0.6594776,7332,Hôtel de Ville Mérignac,148.0,A
Z7CT14,Mérignac,BOUCLE,19,0.084451,0.077993,44.845128,-0.6594776,6436,Tassigny,273.3,34
Z13CT17,Bordeaux,BOUCLE,,,,44.8451876,-0.5920899,8181,Croix Blanche,122.0,82
Z13CT17,Bordeaux,BOUCLE,,,,44.8451876,-0.5920899,9187,Croix Blanche,139.8,2;G
Z13CT17,Bordeaux,BOUCLE,,,,44.8451876,-0.5920899,9188,Croix Blanche,81.1,2;G;N3
Z13CT17,Bordeaux,BOUCLE,,,,44.8451876,-0.5920899,1829,Lycée Camille Jullian,284.9,82
Z13CT17,Bordeaux,BOUCLE,,,,44.8451876,-0.5920899,9189,Lycée Camille Jullian,262.5,2;82;G
Z13CT17,Bordeaux,BOUCLE,,,,44.8451876,-0.5920899,9190,Lycée Camille Jullian,243.2,2;G;N3
Z30CT11,Mérignac,BOUCLE,28,,,44.8292504,-0.6630016,1745,Vigneau,57.8,20;33
Z30CT11,Mérignac,BOUCLE,28,,,44.8292504,-0.6630016,8,Vigneau,53.6,20;33;34
Z30CT11,Mérignac,BOUCLE,28,,,44.8292504,-0.6630016,5622,ZI Chemin Long,117.1,34
Z30CT11,Mérignac,BOUCLE,28,,,44.8292504,-0.6630016,5623,ZI Chemin Long,287.4,34
Z30CT19,Mérignac,BOUCLE,0,0.099943,0.068263,44.8367675,-0.647135,2641,Croustet,74.3,20
Z30CT19,Mérignac,BOUCLE,0,0.099943,0.068263,44.8367675,-0.647135,3315,Croustet,106.2,20
Z30CT19,Mérignac,BOUCLE,0,0.099943,0.068263,44.8367675,-0.647135,2499,Lycée Daguin,166.8,26
Z30CT19,Mérignac,BOUCLE,0,0.099943,0.068263,44.8367675,-0.647135,5624,Lycée Daguin,153.0,26
Z30CT19,Mérignac,BOUCLE,0,0.099943,0.068263,44.8367675,-0.647135,5690,Lycée Daguin,275.7,1;30;33;S53;S56;S64
Z30CT19,Mérignac,BOUCLE,0,0.099943,0.068263,44.8367675,-0.647135,13213,Lycées de Mérignac,282.3,26
Z30CT19,Mérignac,BOUCLE,0,0.099943,0.068263,44.8367675,-0.647135,3347,Lycées de Mérignac,198.3,20;26;30;33;35;Bus F
Z30CT19,Mérignac,BOUCLE,0,0.099943,0.068263,44.8367675,-0.647135,5240,Lycées de Mérignac,198.2,A
Z30CT19,Mérignac,BOUCLE,0,0.099943,0.068263,44.8367675,-0.647135,5241,Lycées de Mérignac,204.0,A
Z30CT19,Mérignac,BOUCLE,0,0.099943,0.068263,44.8367675,-0.647135,830,Lycées de Mérignac,215.6,20;26;30;33;35;Bus F
Z30CT17,Mérignac,BOUCLE,32,0.068073,0.080482,44.830403,-0.6398104,15027,Mendes France,49.3,Bus F
Z30CT17,Mérignac,BOUCLE,32,0.068073,0.080482,44.830403,-0.6398104,15028,Mendes France,0.9,Bus F
Z30CT17,Mérignac,BOUCLE,32,0.068073,0.080482,44.830403,-0.6398104,1027,Pierre Mendès France,101.6,35
Z30CT17,Mérignac,BOUCLE,32,0.068073,0.080482,44.830403,-0.6398104,5236,Pierre Mendès France,24.7,A;F
Z30CT17,Mérignac,BOUCLE,32,0.068073,0.080482,44.830403,-0.6398104,5237,Pierre Mendès France,30.1,A;F
Z30CT17,Mérignac,BOUCLE,32,0.068073,0.080482,44.830403,-0.6398104,865,Pierre Mendès France,95.2,35
Z30CT13,Mérignac,BOUCLE,0,0.072701,0.078092,44.8261471,-0.6376485,9519,Frères Lumière,263.7,S33
Z30CT13,Mérignac,BOUCLE,0,0.072701,0.078092,44.8261471,-0.6376485,9520,Frères Lumière,255.9,S33
Z30CT13,Mérignac,BOUCLE,0,0.072701,0.078092,44.8261471,-0.6376485,4474,Parc de Luchey,94.0,35
Z30CT13,Mérignac,BOUCLE,0,0.072701,0.078092,44.8261471,-0.6376485,4475,Parc de Luchey,31.8,35
Z30CT13,Mérignac,BOUCLE,0,0.072701,0.078092,44.8261471,-0.6376485,9517,Émile Roux,80.0,S33
Z30CT13,Mérignac,BOUCLE,0,0.072701,0.078092,44.8261471,-0.6376485,9518,Émile Roux,85.7,S33
Z21CT3,Le Bouscat,BOUCLE,23,0.077243,0.077658,44.866671,-0.6063372,5636,8 Mai 1945,298.9,33;82
Z21CT3,Le Bouscat,BOUCLE,23,0.077243,0.077658,44.866671,-0.6063372,5638,8 Mai 1945,300.0,33;82
Z21CT3,Le Bouscat,BOUCLE,23,0.077243,0.077658,44.866671,-0.6063372,2920,Les Ecus,298.0,33
Z21CT3,Le Bouscat,BOUCLE,23,0.077243,0.077658,44.866671,-0.6063372,1925,Mairie du Bouscat,119.8,82
Z21CT3,Le Bouscat,BOUCLE,23,0.077243,0.077658,44.866671,-0.6063372,2004,Mairie du Bouscat,139.5,82
Z21CT3,Le Bouscat,BOUCLE,23,0.077243,0.077658,44.866671,-0.6063372,8331,Mairie du Bouscat,191.6,D
Z21CT3,Le Bouscat,BOUCLE,23,0.077243,0.077658,44.866671,-0.6063372,8332,Mairie du Bouscat,147.5,D
Z21CT7,Le Bouscat,BOUCLE,,,,44.8652871,-0.603101,5636,8 Mai 1945,224.9,33;82
Z21CT7,Le Bouscat,BOUCLE,,,,44.8652871,-0.603101,5638,8 Mai 1945,214.9,33;82
Z21CT7,Le Bouscat,BOUCLE,,,,44.8652871,-0.603101,1925,Mairie du Bouscat,221.2,82
Z21CT7,Le Bouscat,BOUCLE,,,,44.8652871,-0.603101,2004,Mairie du Bouscat,252.7,82
Z21CT7,Le Bouscat,BOUCLE,,,,44.8652871,-0.603101,8331,Mairie du Bouscat,144.6,D
Z21CT7,Le Bouscat,BOUCLE,,,,44.8652871,-0.603101,8332,Mairie du Bouscat,171.0,D
Z21CT6,Le Bouscat,BOUCLE,13,0.070131,0.075681,44.8634045,-0.6031922,8330,Calypso,292.0,D
Z21CT6,Le Bouscat,BOUCLE,13,0.070131,0.075681,44.8634045,-0.6031922,8331,Mairie du Bouscat,248.2,D
Z21CT6,Le Bouscat,BOUCLE,13,0.070131,0.075681,44.8634045,-0.6031922,8332,Mairie du Bouscat,292.4,D
Z15CT12,Bordeaux,BOUCLE,32,0.075098,0.068290,44.8650082,-0.575676,5955,Galerie Tatry,279.6,82
Z15CT12,Bordeaux,BOUCLE,32,0.075098,0.068290,44.8650082,-0.575676,5956,Galerie Tatry,212.5,82
Z15CT12,Bordeaux,BOUCLE,32,0.075098,0.068290,44.8650082,-0.575676,5402,Grand Parc,299.4,C;E
Z15CT12,Bordeaux,BOUCLE,32,0.075098,0.068290,44.8650082,-0.575676,2334,Place Ravezies,189.0,53;7;9;H1
Z15CT12,Bordeaux,BOUCLE,32,0.075098,0.068290,44.8650082,-0.575676,6685,Place Ravezies,222.8,27;53;7;82
Z15CT12,Bordeaux,BOUCLE,32,0.075098,0.068290,44.8650082,-0.575676,9064,Place Ravezies,200.1,53;7;9;H2
Z15CT12,Bordeaux,BOUCLE,32,0.075098,0.068290,44.8650082,-0.575676,9860,Place Ravezies,115.8,N2
Z15CT12,Bordeaux,BOUCLE,32,0.075098,0.068290,44.8650082,-0.575676,6832,Place Ravezies (côté Parc Relais),239.9,27;53;7;82
Z15CT12,Bordeaux,BOUCLE,32,0.075098,0.068290,44.8650082,-0.575676,5412,Place Ravezies - le Bouscat,235.6,C;E
Z15CT12,Bordeaux,BOUCLE,32,0.075098,0.068290,44.8650082,-0.575676,5413,Place Ravezies - le Bouscat,229.7,C;E
Z15CT12,Bordeaux,BOUCLE,32,0.075098,0.068290,44.8650082,-0.575676,209,Polyclinique Bordeaux Nord,186.2,9;H1
Z15CT13,Bordeaux,BOUCLE,2,0.050909,0.073636,44.8554175,-0.5744998,310,Berthelot,282.4,5
Z15CT13,Bordeaux,BOUCLE,2,0.050909,0.073636,44.8554175,-0.5744998,3173,Camille Godard,41.4,15
Z15CT13,Bordeaux,BOUCLE,2,0.050909,0.073636,44.8554175,-0.5744998,3177,Camille Godard,64.8,15
Z15CT13,Bordeaux,BOUCLE,2,0.050909,0.073636,44.8554175,-0.5744998,5398,Camille Godard,79.4,C;E
Z15CT13,Bordeaux,BOUCLE,2,0.050909,0.073636,44.8554175,-0.5744998,5399,Camille Godard,86.5,C;E
Z15CT13,Bordeaux,BOUCLE,2,0.050909,0.073636,44.8554175,-0.5744998,4574,Luze,260.8,15
Z15CT13,Bordeaux,BOUCLE,2,0.050909,0.073636,44.8554175,-0.5744998,459,Martinique,197.9,15
Z15CT13,Bordeaux,BOUCLE,2,0.050909,0.073636,44.8554175,-0.5744998,917,Picard,209.4,15;5;N5
Z15CT13,Bordeaux,BOUCLE,2,0.050909,0.073636,44.8554175,-0.5744998,951,Picard,252.9,5;N7
Z15CT2,Bordeaux,BOUCLE,25,0.056608,0.079033,44.8528892,-0.573105,3173,Camille Godard,260.5,15
Z15CT2,Bordeaux,BOUCLE,25,0.056608,0.079033,44.8528892,-0.573105,3177,Camille Godard,284.0,15
Z15CT2,Bordeaux,BOUCLE,25,0.056608,0.079033,44.8528892,-0.573105,5398,Camille Godard,228.7,C;E
Z15CT2,Bordeaux,BOUCLE,25,0.056608,0.079033,44.8528892,-0.573105,5399,Camille Godard,223.7,C;E
Z15CT2,Bordeaux,BOUCLE,25,0.056608,0.079033,44.8528892,-0.573105,459,Martinique,178.3,15
Z15CT2,Bordeaux,BOUCLE,25,0.056608,0.079033,44.8528892,-0.573105,1971,Paul Doumer,108.9,15;5;N7
Z15CT2,Bordeaux,BOUCLE,25,0.056608,0.079033,44.8528892,-0.573105,2442,Paul Doumer,126.4,15;5;N5
Z15CT2,Bordeaux,BOUCLE,25,0.056608,0.079033,44.8528892,-0.573105,5396,Paul Doumer,128.7,C;E
Z15CT2,Bordeaux,BOUCLE,25,0.056608,0.079033,44.8528892,-0.573105,5397,Paul Doumer,136.2,C;E
Z15CT2,Bordeaux,BOUCLE,25,0.056608,0.079033,44.8528892,-0.573105,917,Picard,226.9,15;5;N5
Z15CT2,Bordeaux,BOUCLE,25,0.056608,0.079033,44.8528892,-0.573105,951,Picard,292.8,5;N7
Z31CT5,Lormont,BOUCLE,0,,,44.8859798,-0.5186744,5495,La Gardette (Bassens - Carbon Blanc),218.8,57;7;Bus A
Z31CT5,Lormont,BOUCLE,0,,,44.8859798,-0.5186744,5504,La Gardette (Bassens - Carbon Blanc),241.4,27;60
Z31CT5,Lormont,BOUCLE,0,,,44.8859798,-0.5186744,5511,La Gardette (Bassens - Carbon Blanc),230.1,29
Z31CT5,Lormont,BOUCLE,0,,,44.8859798,-0.5186744,6853,La Gardette (Bassens - Carbon Blanc),246.2,54
Z31CT5,Lormont,BOUCLE,0,,,44.8859798,-0.5186744,7091,La Gardette - Bassens - Carbon-Blanc,216.2,A
Z31CT5,Lormont,BOUCLE,0,,,44.8859798,-0.5186744,1722,Professeur Vincent,192.2,27;7
Z31CT5,Lormont,BOUCLE,0,,,44.8859798,-0.5186744,3298,Professeur Vincent,208.9,27;7
Z31CT5,Lormont,BOUCLE,0,,,44.8859798,-0.5186744,6455,Rue du Manoir,112.5,27;60;7;Bus A
Z31CT5,Lormont,BOUCLE,0,,,44.8859798,-0.5186744,6456,Rue du Manoir,100.7,27;60;7;Bus A
Z31CT5,Lormont,BOUCLE,0,,,44.8859798,-0.5186744,2542,Sourdis,292.4,60;Bus A
Z31CT5,Lormont,BOUCLE,0,,,44.8859798,-0.5186744,2552,Sourdis,286.2,60;Bus A
Z29CT3,Cenon,BOUCLE,,,,44.845979,-0.5346344,2386,Anatole France,105.4,24;28;65;H2
Z29CT3,Cenon,BOUCLE,,,,44.845979,-0.5346344,424,Anatole France,85.1,24;28;65;H1
Z29CT3,Cenon,BOUCLE,,,,44.845979,-0.5346344,1437,Emile Combes,117.4,60
Z29CT3,Cenon,BOUCLE,,,,44.845979,-0.5346344,2048,Emile Combes,163.8,60
Z29CT3,Cenon,BOUCLE,,,,44.845979,-0.5346344,2385,Entre-Deux-Mers,149.3,24;28;60;65;H2
Z29CT3,Cenon,BOUCLE,,,,44.845979,-0.5346344,1195,Jules Ferry,218.9,24;28;60;65;H1
Z29CT9,Floirac,BOUCLE,0,0.112440,0.082935,44.8472874,-0.5089011,6829,Auditorium de Floirac,156.6,1;65
Z29CT9,Floirac,BOUCLE,0,0.112440,0.082935,44.8472874,-0.5089011,6830,Auditorium de Floirac,155.9,1;65
Z29CT9,Floirac,BOUCLE,0,0.112440,0.082935,44.8472874,-0.5089011,3611,Dubedout,204.5,28;S1;S2;S3
Z29CT9,Floirac,BOUCLE,0,0.112440,0.082935,44.8472874,-0.5089011,3612,Dubedout,267.7,28;S1;S2;S3
Z29CT9,Floirac,BOUCLE,0,0.112440,0.082935,44.8472874,-0.5089011,5217,Floirac Dravemont,195.2,A;E
Z29CT9,Floirac,BOUCLE,0,0.112440,0.082935,44.8472874,-0.5089011,5220,Floirac Dravemont,169.6,32
Z29CT9,Floirac,BOUCLE,0,0.112440,0.082935,44.8472874,-0.5089011,5226,Floirac Dravemont,174.9,1;28;54;65
Z29CT9,Floirac,BOUCLE,0,0.112440,0.082935,44.8472874,-0.5089011,6330,Floirac Dravemont,185.9,Bus A
Z29CT9,Floirac,BOUCLE,0,0.112440,0.082935,44.8472874,-0.5089011,1601,Floirac Dravemont (av Allende),195.9,1;28;32;54;65;Bus A
Z29CT9,Floirac,BOUCLE,0,0.112440,0.082935,44.8472874,-0.5089011,1562,Kergomard,108.9,32
Z29CT9,Floirac,BOUCLE,0,0.112440,0.082935,44.8472874,-0.5089011,461,Kergomard,161.1,32
Z29CT15,Cenon,BOUCLE,13,0.094409,0.075771,44.8528015,-0.5084824,1048,8 Mai 1945,255.3,32
Z29CT15,Cenon,BOUCLE,13,0.094409,0.075771,44.8528015,-0.5084824,652,8 Mai1945,213.2,32
Z29CT15,Cenon,BOUCLE,13,0.094409,0.075771,44.8528015,-0.5084824,5207,Goya,82.9,27;54
Z29CT15,Cenon,BOUCLE,13,0.094409,0.075771,44.8528015,-0.5084824,5208,Goya,72.2,27;54
Z29CT15,Cenon,BOUCLE,13,0.094409,0.075771,44.8528015,-0.5084824,5215,La Marègue,227.1,A;E
Z29CT15,Cenon,BOUCLE,13,0.094409,0.075771,44.8528015,-0.5084824,5216,La Marègue,235.9,A;E
Z29CT15,Cenon,BOUCLE,13,0.094409,0.075771,44.8528015,-0.5084824,5221,La Marègue,166.0,32;54;Bus A
Z29CT15,Cenon,BOUCLE,13,0.094409,0.075771,44.8528015,-0.5084824,5222,La Marègue,188.7,32;54;Bus A
Z29CT14,Cenon,BOUCLE,28,0.076068,0.081186,44.8536075,-0.5099547,1048,8 Mai 1945,218.9,32
Z29CT14,Cenon,BOUCLE,28,0.076068,0.081186,44.8536075,-0.5099547,652,8 Mai1945,209.4,32
Z29CT14,Cenon,BOUCLE,28,0.076068,0.081186,44.8536075,-0.5099547,5207,Goya,80.7,27;54
Z29CT14,Cenon,BOUCLE,28,0.076068,0.081186,44.8536075,-0.5099547,5208,Goya,91.5,27;54
Z29CT14,Cenon,BOUCLE,28,0.076068,0.081186,44.8536075,-0.5099547,5213,Jean zay,255.0,A;E
Z29CT14,Cenon,BOUCLE,28,0.076068,0.081186,44.8536075,-0.5099547,5214,Jean Zay,265.2,A;E
Z29CT14,Cenon,BOUCLE,28,0.076068,0.081186,44.8536075,-0.5099547,5221,La Marègue,268.5,32;54;Bus A
Z29CT14,Cenon,BOUCLE,28,0.076068,0.081186,44.8536075,-0.5099547,5222,La Marègue,286.2,32;54;Bus A
Z17CT7,Talence,BOUCLE,21,0.069529,0.076768,44.8111239,-0.591116,8911,Berteaux,289.7,73
Z17CT7,Talence,BOUCLE,21,0.069529,0.076768,44.8111239,-0.591116,8912,Berteaux,256.0,73
Z17CT7,Talence,BOUCLE,21,0.069529,0.076768,44.8111239,-0.591116,9301,Noailles,245.5,73
Z17CT7,Talence,BOUCLE,21,0.069529,0.076768,44.8111239,-0.591116,9302,Noailles,291.8,73
Z17CT7,Talence,BOUCLE,21,0.069529,0.076768,44.8111239,-0.591116,3743,Talence Centre-Forum,92.7,B
Z17CT7,Talence,BOUCLE,21,0.069529,0.076768,44.8111239,-0.591116,3744,Talence Centre-Forum,94.1,B
Z17CT7,Talence,BOUCLE,21,0.069529,0.076768,44.8111239,-0.591116,9300,Talence Centre-Forum,57.8,73
Z17CT7,Talence,BOUCLE,21,0.069529,0.076768,44.8111239,-0.591116,9304,Talence Centre-Forum,74.9,73
Z17CT7,Talence,BOUCLE,21,0.069529,0.076768,44.8111239,-0.591116,1637,Talence Centre-Forum (côté Esplanade),26.5,23
Z17CT5,Talence,BOUCLE,42,0.046556,0.074931,44.8009276,-0.595159,1671,Avenue de l'Université,56.8,31;34;35;8;87;TBNight
Z17CT5,Talence,BOUCLE,42,0.046556,0.074931,44.8009276,-0.595159,2633,Avenue de l'Université,48.1,31;34;35;8;87;TBNight
Z17CT5,Talence,BOUCLE,42,0.046556,0.074931,44.8009276,-0.595159,3879,Collège Victor Louis,298.3,35;8;87
Z17CT5,Talence,BOUCLE,42,0.046556,0.074931,44.8009276,-0.595159,1633,Lycée Kastler,135.8,35;8;87;TBNight
Z17CT5,Talence,BOUCLE,42,0.046556,0.074931,44.8009276,-0.595159,1656,Lycée Kastler,181.8,35;8;87;TBNight
Z17CT5,Talence,BOUCLE,42,0.046556,0.074931,44.8009276,-0.595159,1614,Lycée Victor Louis,262.1,31;34;TBNight
Z17CT5,Talence,BOUCLE,42,0.046556,0.074931,44.8009276,-0.595159,1634,Lycée Victor Louis,269.7,31;34;TBNight
Z17CT9,Talence,BOUCLE,106,0.076971,0.075460,44.7959917,-0.6033196,475,Ecole de Management,82.9,31;34;80
Z17CT9,Talence,BOUCLE,106,0.076971,0.075460,44.7959917,-0.6033196,841,Ecole de Management,95.0,31;34
Z17CT9,Talence,BOUCLE,106,0.076971,0.075460,44.7959917,-0.6033196,9228,Ecole de Management,168.8,80
Z17CT9,Talence,BOUCLE,106,0.076971,0.075460,44.7959917,-0.6033196,5629,La Paillère,161.0,31
Z17CT9,Talence,BOUCLE,106,0.076971,0.075460,44.7959917,-0.6033196,93,La Paillère,117.0,31
Z1704CT9,Talence,BOUCLE,0,,,44.8071253,-0.6007774,3577,Arts & Métiers,157.4,35;8;87;TBNight
Z1704CT9,Talence,BOUCLE,0,,,44.8071253,-0.6007774,3578,Arts & Métiers,272.7,35;8;87;TBNight
Z1704CT9,Talence,BOUCLE,0,,,44.8071253,-0.6007774,3737,Arts & Métiers,174.0,B
Z1704CT9,Talence,BOUCLE,0,,,44.8071253,-0.6007774,3738,Arts & Métiers,176.2,B
Z1704CT9,Talence,BOUCLE,0,,,44.8071253,-0.6007774,3739,Béthanie,252.7,B
Z1704CT9,Talence,BOUCLE,0,,,44.8071253,-0.6007774,3740,Béthanie,251.1,B
Z1704CT9,Talence,BOUCLE,0,,,44.8071253,-0.6007774,6751,INRIA,185.8,73;8;80
Z1704CT9,Talence,BOUCLE,0,,,44.8071253,-0.6007774,6752,INRIA,224.2,73;8;80
Z1704CT9,Talence,BOUCLE,0,,,44.8071253,-0.6007774,2528,Village 1,237.3,35;80;87;TBNight
Z1704CT9,Talence,BOUCLE,0,,,44.8071253,-0.6007774,3294,Village 1,254.7,35;80;87;TBNight
Z1704CT12,Talence,BOUCLE,12,,,44.8082585,-0.5992682,3577,Arts & Métiers,293.7,35;8;87;TBNight
Z1704CT12,Talence,BOUCLE,12,,,44.8082585,-0.5992682,3739,Béthanie,271.5,B
Z1704CT12,Talence,BOUCLE,12,,,44.8082585,-0.5992682,3740,Béthanie,268.7,B
Z1704CT12,Talence,BOUCLE,12,,,44.8082585,-0.5992682,6751,INRIA,94.7,73;8;80
Z1704CT12,Talence,BOUCLE,12,,,44.8082585,-0.5992682,6752,INRIA,124.7,73;8;80
Z1704CT3,Talence,BOUCLE,46,,,44.8079239,-0.6049105,3737,Arts & Métiers,299.2,B
Z1704CT3,Talence,BOUCLE,46,,,44.8079239,-0.6049105,3738,Arts & Métiers,294.4,B
Z1704CT3,Talence,BOUCLE,46,,,44.8079239,-0.6049105,3028,Enseirb,257.7,35;80;87;TBNight
Z1704CT3,Talence,BOUCLE,46,,,44.8079239,-0.6049105,3029,Enseirb,274.8,35;80;87;TBNight
Z1704CT3,Talence,BOUCLE,46,,,44.8079239,-0.6049105,2528,Village 1,103.2,35;80;87;TBNight
Z1704CT3,Talence,BOUCLE,46,,,44.8079239,-0.6049105,3294,Village 1,91.6,35;80;87;TBNight
Z1704CT10,Talence,BOUCLE,6,,,44.8079023,-0.6024456,3577,Arts & Métiers,290.6,35;8;87;TBNight
Z1704CT10,Talence,BOUCLE,6,,,44.8079023,-0.6024456,3737,Arts & Métiers,213.8,B
Z1704CT10,Talence,BOUCLE,6,,,44.8079023,-0.6024456,3738,Arts & Métiers,211.8,B
Z1704CT10,Talence,BOUCLE,6,,,44.8079023,-0.6024456,6751,INRIA,197.6,73;8;80
Z1704CT10,Talence,BOUCLE,6,,,44.8079023,-0.6024456,6752,INRIA,216.6,73;8;80
Z1704CT10,Talence,BOUCLE,6,,,44.8079023,-0.6024456,2528,Village 1,91.7,35;80;87;TBNight
Z1704CT10,Talence,BOUCLE,6,,,44.8079023,-0.6024456,3294,Village 1,104.0,35;80;87;TBNight
Z1702CT3,Talence,BOUCLE,,,,44.8082569,-0.6056064,3028,Enseirb,248.9,35;80;87;TBNight
Z1702CT3,Talence,BOUCLE,,,,44.8082569,-0.6056064,3029,Enseirb,269.4,35;80;87;TBNight
Z1702CT3,Talence,BOUCLE,,,,44.8082569,-0.6056064,1280,Sarget,244.9,77
Z1702CT3,Talence,BOUCLE,,,,44.8082569,-0.6056064,2528,Village 1,164.1,35;80;87;TBNight
Z1702CT3,Talence,BOUCLE,,,,44.8082569,-0.6056064,3294,Village 1,148.6,35;80;87;TBNight
Z14CT15,Bordeaux,BOUCLE,23,0.063958,0.073539,44.8675934,-0.5633528,8981,Cité Chantecrit,294.8,5
Z14CT15,Bordeaux,BOUCLE,23,0.063958,0.073539,44.8675934,-0.5633528,7347,Faure - Brunet,225.1,27;5;53;7;H1;N2
Z14CT15,Bordeaux,BOUCLE,23,0.063958,0.073539,44.8675934,-0.5633528,7348,Faure - Brunet,274.8,27;53;7;H1;N4
Z14CT15,Bordeaux,BOUCLE,23,0.063958,0.073539,44.8675934,-0.5633528,8971,Faure - Brunet,292.3,5;N1
Z14CT15,Bordeaux,BOUCLE,23,0.063958,0.073539,44.8675934,-0.5633528,9812,Faure - Brunet,190.6,H2
Z14CT15,Bordeaux,BOUCLE,23,0.063958,0.073539,44.8675934,-0.5633528,9822,Latule,298.5,H1;N4
Z14CT15,Bordeaux,BOUCLE,23,0.063958,0.073539,44.8675934,-0.5633528,9823,Latule,298.5,H2
Z14CT20,Bordeaux,BOUCLE,27,0.044052,0.094803,44.870959,-0.5639623,1379,Latule,107.4,9;N1;N3;N4;N5;N6;TBNight
Z14CT20,Bordeaux,BOUCLE,27,0.044052,0.094803,44.870959,-0.5639623,581,Latule,116.2,9;TBNight
Z14CT20,Bordeaux,BOUCLE,27,0.044052,0.094803,44.870959,-0.5639623,9822,Latule,247.4,H1;N4
Z14CT20,Bordeaux,BOUCLE,27,0.044052,0.094803,44.870959,-0.5639623,9823,Latule,239.0,H2
Z14CT17,Bordeaux,BOUCLE,60,0.074034,0.070161,44.8608542,-0.5542418,7861,Faure - Balguerie,273.4,27;53;7;H1;N4;N7
Z14CT17,Bordeaux,BOUCLE,60,0.074034,0.070161,44.8608542,-0.5542418,5260,La Cité du Vin,79.6,B
Z14CT17,Bordeaux,BOUCLE,60,0.074034,0.070161,44.8608542,-0.5542418,5261,La Cité du Vin,86.4,B
Z14CT17,Bordeaux,BOUCLE,60,0.074034,0.070161,44.8608542,-0.5542418,6433,La Cité du Vin,97.6,25
Z14CT17,Bordeaux,BOUCLE,60,0.074034,0.070161,44.8608542,-0.5542418,6825,La Cité du Vin,21.3,27;53;7;H1;H2;N1;N2
Z14CT17,Bordeaux,BOUCLE,60,0.074034,0.070161,44.8608542,-0.5542418,6827,La Cité du Vin,37.0,25;27;53;7;H1;N4;N7
Z14CT17,Bordeaux,BOUCLE,60,0.074034,0.070161,44.8608542,-0.5542418,6835,La Cité du Vin,200.1,N3;N5;N6;TBNight
Z14CT17,Bordeaux,BOUCLE,60,0.074034,0.070161,44.8608542,-0.5542418,6836,La Cité du Vin,198.0,H1;N1;TBNight
Z5CT11,Bordeaux,BOUCLE,24,0.072730,0.066360,44.829368,-0.5600013,9199,Lycée Gustave Eiffel,260.1,1;20;G;N2;N5;N6;TBNight
Z5CT11,Bordeaux,BOUCLE,24,0.072730,0.066360,44.829368,-0.5600013,9200,Lycée Gustave Eiffel,269.9,1;20;G;N1;N4;N7;TBNight
Z5CT11,Bordeaux,BOUCLE,24,0.072730,0.066360,44.829368,-0.5600013,420,Peyronnet,227.6,9
Z5CT11,Bordeaux,BOUCLE,24,0.072730,0.066360,44.829368,-0.5600013,3768,Sainte-Croix,282.0,C;D;E;F
Z5CT11,Bordeaux,BOUCLE,24,0.072730,0.066360,44.829368,-0.5600013,3769,Sainte-Croix,275.2,C;D;E;F
Z5CT11,Bordeaux,BOUCLE,24,0.072730,0.066360,44.829368,-0.5600013,3766,Tauzia,118.4,C;D;E;F
Z5CT11,Bordeaux,BOUCLE,24,0.072730,0.066360,44.829368,-0.5600013,3767,Tauzia,121.3,C;D;E;F
Z5CT14,Bordeaux,BOUCLE,0,,,44.8301873,-0.5550587,9249,MECA,201.0,1;Arena
Z5CT14,Bordeaux,BOUCLE,0,,,44.8301873,-0.5550587,9717,MECA (Paludate),200.3,1;Arena;G
Z5CT14,Bordeaux,BOUCLE,0,,,44.8301873,-0.5550587,9268,MECA (Terres de Borde),178.8,31
Z5CT14,Bordeaux,BOUCLE,0,,,44.8301873,-0.5550587,9269,MECA (Terres de Borde),177.7,31
Z5CT7,Bordeaux,BOUCLE,60,,,44.8301714,-0.5552268,9249,MECA,206.9,1;Arena
Z5CT7,Bordeaux,BOUCLE,60,,,44.8301714,-0.5552268,9717,MECA (Paludate),206.7,1;Arena;G
Z5CT7,Bordeaux,BOUCLE,60,,,44.8301714,-0.5552268,9268,MECA (Terres de Borde),181.3,31
Z5CT7,Bordeaux,BOUCLE,60,,,44.8301714,-0.5552268,9269,MECA (Terres de Borde),179.9,31
Z5CT7,Bordeaux,BOUCLE,60,,,44.8301714,-0.5552268,3766,Tauzia,288.6,C;D;E;F
Z5CT7,Bordeaux,BOUCLE,60,,,44.8301714,-0.5552268,3767,Tauzia,289.9,C;D;E;F
Z3CT1,Bordeaux,BOUCLE,0,0.073157,0.075908,44.8301427,-0.5805599,9123,Albret,262.4,20;24
Z3CT1,Bordeaux,BOUCLE,0,0.073157,0.075908,44.8301427,-0.5805599,455,Amédée Larrieu,153.3,20;4
Z3CT1,Bordeaux,BOUCLE,0,0.073157,0.075908,44.8301427,-0.5805599,1606,Bourse du Travail,276.6,1;15;23;5;G;N1;N7
Z3CT1,Bordeaux,BOUCLE,0,0.073157,0.075908,44.8301427,-0.5805599,823,Bourse du Travail,276.6,1;15;20;23;5;G;N5;N6
Z3CT1,Bordeaux,BOUCLE,0,0.073157,0.075908,44.8301427,-0.5805599,2744,Costedoat,218.6,20;4;N4
Z3CT1,Bordeaux,BOUCLE,0,0.073157,0.075908,44.8301427,-0.5805599,1067,Louis Mie,260.0,20;24
Z3CT5,Bordeaux,BOUCLE,0,0.055908,0.064021,44.8317387,-0.5767387,9123,Albret,282.3,20;24
Z3CT5,Bordeaux,BOUCLE,0,0.055908,0.064021,44.8317387,-0.5767387,1606,Bourse du Travail,151.8,1;15;23;5;G;N1;N7
Z3CT5,Bordeaux,BOUCLE,0,0.055908,0.064021,44.8317387,-0.5767387,823,Bourse du Travail,129.7,1;15;20;23;5;G;N5;N6
Z3CT5,Bordeaux,BOUCLE,0,0.055908,0.064021,44.8317387,-0.5767387,2744,Costedoat,131.2,20;4;N4
Z3CT5,Bordeaux,BOUCLE,0,0.055908,0.064021,44.8317387,-0.5767387,5857,Hôpital Saint-André,165.1,4
Z3CT5,Bordeaux,BOUCLE,0,0.055908,0.064021,44.8317387,-0.5767387,3549,Victoire,240.5,1;15;20;23;5;G;N1;N4;N7
Z3CT5,Bordeaux,BOUCLE,0,0.055908,0.064021,44.8317387,-0.5767387,3753,Victoire,297.4,B
Z3CT5,Bordeaux,BOUCLE,0,0.055908,0.064021,44.8317387,-0.5767387,3754,Victoire,298.3,B
Z3CT5,Bordeaux,BOUCLE,0,0.055908,0.064021,44.8317387,-0.5767387,3801,Victoire,245.4,1;20;G;N2
Z3CT5,Bordeaux,BOUCLE,0,0.055908,0.064021,44.8317387,-0.5767387,9722,Victoire,215.4,15;23;5;N5;N6
Z3CT13,Bordeaux,BOUCLE,,,,44.834005,-0.5821816,9123,Albret,232.3,20;24
Z3CT13,Bordeaux,BOUCLE,,,,44.834005,-0.5821816,9244,Albret,105.7,24
Z3CT13,Bordeaux,BOUCLE,,,,44.834005,-0.5821816,793,Bibliothèque,280.1,4;55;80
Z3CT13,Bordeaux,BOUCLE,,,,44.834005,-0.5821816,1067,Louis Mie,224.8,20;24
Z3CT13,Bordeaux,BOUCLE,,,,44.834005,-0.5821816,3720,Palais de Justice,260.8,A;F
Z3CT13,Bordeaux,BOUCLE,,,,44.834005,-0.5821816,3721,Palais de Justice,255.2,A;F
Z3CT13,Bordeaux,BOUCLE,,,,44.834005,-0.5821816,3823,Palais de Justice,257.6,4;G
Z3CT13,Bordeaux,BOUCLE,,,,44.834005,-0.5821816,9195,Palais de Justice,255.6,1;55;80;G
Z3CT13,Bordeaux,BOUCLE,,,,44.834005,-0.5821816,9289,Palais de Justice,253.8,55;80
Z3CT13,Bordeaux,BOUCLE,,,,44.834005,-0.5821816,7461,République,258.0,55
Z3CT13,Bordeaux,BOUCLE,,,,44.834005,-0.5821816,7462,République,199.2,80
Z3CT13,Bordeaux,BOUCLE,,,,44.834005,-0.5821816,8551,République,265.4,16;Bus F;N3
Z3CT13,Bordeaux,BOUCLE,,,,44.834005,-0.5821816,8552,République,263.9,16;24;4;Bus F
Z3CT13,Bordeaux,BOUCLE,,,,44.834005,-0.5821816,9725,République,189.8,24
Z3CT17,Bordeaux,BOUCLE,15,0.063960,0.064516,44.829363,-0.5735972,2404,Saint-Nicolas,228.8,5;TBNight
Z3CT17,Bordeaux,BOUCLE,15,0.063960,0.064516,44.829363,-0.5735972,3751,Saint-Nicolas,50.4,B
Z3CT17,Bordeaux,BOUCLE,15,0.063960,0.064516,44.829363,-0.5735972,3752,Saint-Nicolas,56.5,B
Z3CT17,Bordeaux,BOUCLE,15,0.063960,0.064516,44.829363,-0.5735972,3549,Victoire,196.2,1;15;20;23;5;G;N1;N4;N7
Z3CT17,Bordeaux,BOUCLE,15,0.063960,0.064516,44.829363,-0.5735972,3753,Victoire,203.6,B
Z3CT17,Bordeaux,BOUCLE,15,0.063960,0.064516,44.829363,-0.5735972,3754,Victoire,208.0,B
Z3CT17,Bordeaux,BOUCLE,15,0.063960,0.064516,44.829363,-0.5735972,3801,Victoire,187.2,1;20;G;N2
Z3CT17,Bordeaux,BOUCLE,15,0.063960,0.064516,44.829363,-0.5735972,9722,Victoire,201.0,15;23;5;N5;N6
Z3CT17,Bordeaux,BOUCLE,15,0.063960,0.064516,44.829363,-0.5735972,3501,Victoire (Somme),113.9,5;TBNight
Z3CT17,Bordeaux,BOUCLE,15,0.063960,0.064516,44.829363,-0.5735972,3546,Victoire (Somme),104.3,5;TBNight
Z3CT6,Bordeaux,BOUCLE,20,0.084068,0.075932,44.8261938,-0.5770137,3749,Bergonié,160.3,B
Z3CT6,Bordeaux,BOUCLE,20,0.084068,0.075932,44.8261938,-0.5770137,3750,Bergonié,164.2,B
Z3CT6,Bordeaux,BOUCLE,20,0.084068,0.075932,44.8261938,-0.5770137,9109,Bergonié (rue St Genès),289.4,N4
Z3CT15,Bordeaux,BOUCLE,13,0.069418,0.125337,44.8271409,-0.5737573,2164,Fonfrède,247.8,5;TBNight
Z3CT15,Bordeaux,BOUCLE,13,0.069418,0.125337,44.8271409,-0.5737573,2403,Fonfrède,206.6,5;TBNight
Z3CT15,Bordeaux,BOUCLE,13,0.069418,0.125337,44.8271409,-0.5737573,2397,Saint-Nicolas,109.3,5;TBNight
Z3CT15,Bordeaux,BOUCLE,13,0.069418,0.125337,44.8271409,-0.5737573,2404,Saint-Nicolas,114.2,5;TBNight
Z3CT15,Bordeaux,BOUCLE,13,0.069418,0.125337,44.8271409,-0.5737573,3751,Saint-Nicolas,206.1,B
Z3CT15,Bordeaux,BOUCLE,13,0.069418,0.125337,44.8271409,-0.5737573,3752,Saint-Nicolas,203.4,B
Z3CT7,Bordeaux,BOUCLE,0,,,44.8287983,-0.5723094,2397,Saint-Nicolas,237.9,5;TBNight
Z3CT7,Bordeaux,BOUCLE,0,,,44.8287983,-0.5723094,2404,Saint-Nicolas,145.6,5;TBNight
Z3CT7,Bordeaux,BOUCLE,0,,,44.8287983,-0.5723094,3751,Saint-Nicolas,131.8,B
Z3CT7,Bordeaux,BOUCLE,0,,,44.8287983,-0.5723094,3752,Saint-Nicolas,137.1,B
Z3CT7,Bordeaux,BOUCLE,0,,,44.8287983,-0.5723094,3549,Victoire,284.3,1;15;20;23;5;G;N1;N4;N7
Z3CT7,Bordeaux,BOUCLE,0,,,44.8287983,-0.5723094,3753,Victoire,268.5,B
Z3CT7,Bordeaux,BOUCLE,0,,,44.8287983,-0.5723094,3754,Victoire,272.2,B
Z3CT7,Bordeaux,BOUCLE,0,,,44.8287983,-0.5723094,3801,Victoire,275.2,1;20;G;N2
Z3CT7,Bordeaux,BOUCLE,0,,,44.8287983,-0.5723094,9722,Victoire,296.8,15;23;5;N5;N6
Z3CT7,Bordeaux,BOUCLE,0,,,44.8287983,-0.5723094,3501,Victoire (Somme),115.3,5;TBNight
Z3CT7,Bordeaux,BOUCLE,0,,,44.8287983,-0.5723094,3546,Victoire (Somme),102.3,5;TBNight
Z3CT8,Bordeaux,BOUCLE,0,0.067496,0.055570,44.8306315,-0.5718125,9197,Capucins,280.5,1;20;G;N2;N5;N6
Z3CT8,Bordeaux,BOUCLE,0,0.067496,0.055570,44.8306315,-0.5718125,3751,Saint-Nicolas,249.0,B
Z3CT8,Bordeaux,BOUCLE,0,0.067496,0.055570,44.8306315,-0.5718125,3752,Saint-Nicolas,255.4,B
Z3CT8,Bordeaux,BOUCLE,0,0.067496,0.055570,44.8306315,-0.5718125,3549,Victoire,167.1,1;15;20;23;5;G;N1;N4;N7
Z3CT8,Bordeaux,BOUCLE,0,0.067496,0.055570,44.8306315,-0.5718125,3753,Victoire,114.2,B
Z3CT8,Bordeaux,BOUCLE,0,0.067496,0.055570,44.8306315,-0.5718125,3754,Victoire,114.8,B
Z3CT8,Bordeaux,BOUCLE,0,0.067496,0.055570,44.8306315,-0.5718125,3801,Victoire,162.2,1;20;G;N2
Z3CT8,Bordeaux,BOUCLE,0,0.067496,0.055570,44.8306315,-0.5718125,9722,Victoire,192.1,15;23;5;N5;N6
Z3CT8,Bordeaux,BOUCLE,0,0.067496,0.055570,44.8306315,-0.5718125,3501,Victoire (Somme),97.1,5;TBNight
Z3CT8,Bordeaux,BOUCLE,0,0.067496,0.055570,44.8306315,-0.5718125,3546,Victoire (Somme),110.8,5;TBNight
Z11CT2,Talence,BOUCLE,29,0.078045,0.089135,44.8167291,-0.5856869,3745,Roustaing,23.9,B
Z11CT2,Talence,BOUCLE,29,0.078045,0.089135,44.8167291,-0.5856869,3746,Roustaing,24.3,B
Z11CT16,Talence,BOUCLE,25,0.090278,0.082721,44.8163634,-0.5860491,3745,Roustaing,71.9,B
Z11CT16,Talence,BOUCLE,25,0.090278,0.082721,44.8163634,-0.5860491,3746,Roustaing,70.9,B
Z11CT7,Bordeaux,BOUCLE,27,0.083612,0.078804,44.8241215,-0.5818402,3748,Barrière Saint-Genès,289.0,B
Z11CT7,Bordeaux,BOUCLE,27,0.083612,0.078804,44.8241215,-0.5818402,9108,Barrière Saint-Genès (rue Saint-Genès),297.1,N4
Z11CT7,Bordeaux,BOUCLE,27,0.083612,0.078804,44.8241215,-0.5818402,3750,Bergonié,298.2,B
Z11CT7,Bordeaux,BOUCLE,27,0.083612,0.078804,44.8241215,-0.5818402,9109,Bergonié (rue St Genès),288.7,N4
Z11CT10,Talence,BOUCLE,0,0.071373,0.081253,44.8180907,-0.577979,1594,Cité Cairon,113.8,9;H1
Z11CT10,Talence,BOUCLE,0,0.071373,0.081253,44.8180907,-0.577979,9817,Cité Cairon,112.1,9;H2
Z11CT10,Talence,BOUCLE,0,0.071373,0.081253,44.8180907,-0.577979,3217,Pont de Cauderès,191.7,31;TBNight
Z11CT10,Talence,BOUCLE,0,0.071373,0.081253,44.8180907,-0.577979,3218,Pont de Cauderès,194.1,31;TBNight
Z11CT12,Bordeaux,BOUCLE,49,0.074037,0.064427,44.8157049,-0.5741,2349,Barrière de Toulouse,133.6,23;5;9;TBNight
Z11CT12,Bordeaux,BOUCLE,49,0.074037,0.064427,44.8157049,-0.5741,2689,Barrière de Toulouse,206.7,23;5
Z11CT12,Bordeaux,BOUCLE,49,0.074037,0.064427,44.8157049,-0.5741,3141,Barrière de Toulouse,216.1,31;H2
Z11CT12,Bordeaux,BOUCLE,49,0.074037,0.064427,44.8157049,-0.5741,9810,Barrière de Toulouse,63.9,31;9;H1;TBNight
Z11CT12,Bordeaux,BOUCLE,49,0.074037,0.064427,44.8157049,-0.5741,2348,Boulevard Roosevelt,56.6,31;9;H2;TBNight
Z11CT12,Bordeaux,BOUCLE,49,0.074037,0.064427,44.8157049,-0.5741,1288,Brun,263.7,23;5;9;TBNight
Z11CT12,Bordeaux,BOUCLE,49,0.074037,0.064427,44.8157049,-0.5741,421,Brun,227.5,23;5;9;TBNight
Z11CT12,Bordeaux,BOUCLE,49,0.074037,0.064427,44.8157049,-0.5741,3217,Pont de Cauderès,216.9,31;TBNight
Z11CT12,Bordeaux,BOUCLE,49,0.074037,0.064427,44.8157049,-0.5741,3218,Pont de Cauderès,221.3,31;TBNight
Z20CT1,Bordeaux,BOUCLE,,,,44.8497527,-0.6029098,9183,Ecole Normale,265.0,2;G
Z20CT1,Bordeaux,BOUCLE,,,,44.8497527,-0.6029098,9184,Parc Bordelais,20.0,2;G
Z20CT2,Bordeaux,BOUCLE,,,,44.8512046,-0.6069742,1263,Dauphine,279.2,2
Z20CT2,Bordeaux,BOUCLE,,,,44.8512046,-0.6069742,1808,Grand-Lebrun,46.6,2
Z20CT2,Bordeaux,BOUCLE,,,,44.8512046,-0.6069742,2975,Grand-Lebrun,14.2,G
Z20CT2,Bordeaux,BOUCLE,,,,44.8512046,-0.6069742,2976,Grand-Lebrun,50.4,2
Z20CT2,Bordeaux,BOUCLE,,,,44.8512046,-0.6069742,9083,Grand-Lebrun,5.9,G
Z20CT8,Bordeaux,BOUCLE,,,,44.8511589,-0.608456,1263,Dauphine,166.5,2
Z20CT8,Bordeaux,BOUCLE,,,,44.8511589,-0.608456,3170,Dauphine,216.1,2
Z20CT8,Bordeaux,BOUCLE,,,,44.8511589,-0.608456,1808,Grand-Lebrun,116.4,2
Z20CT8,Bordeaux,BOUCLE,,,,44.8511589,-0.608456,2975,Grand-Lebrun,110.8,G
Z20CT8,Bordeaux,BOUCLE,,,,44.8511589,-0.608456,2976,Grand-Lebrun,110.9,2
Z20CT8,Bordeaux,BOUCLE,,,,44.8511589,-0.608456,9083,Grand-Lebrun,111.0,G
Z20CT4,Bordeaux,BOUCLE,14,0.083442,0.098563,44.8604665,-0.6365486,9173,Caillou,168.6,G
Z20CT4,Bordeaux,BOUCLE,14,0.083442,0.098563,44.8604665,-0.6365486,9174,Caillou,170.2,G
Z23CT16,Le Bouscat,BOUCLE,42,0.066794,0.078097,44.8718656,-0.6149731,2586,Route du Médoc,292.9,35;72
Z23CT16,Le Bouscat,BOUCLE,42,0.066794,0.078097,44.8718656,-0.6149731,827,Route du Médoc,280.2,35;72
Z23CT16,Le Bouscat,BOUCLE,42,0.066794,0.078097,44.8718656,-0.6149731,1754,Sainte-Germaine,187.9,33
Z23CT16,Le Bouscat,BOUCLE,42,0.066794,0.078097,44.8718656,-0.6149731,8151,Sainte-Germaine,187.5,33
Z23CT16,Le Bouscat,BOUCLE,42,0.066794,0.078097,44.8718656,-0.6149731,8343,Sainte-Germaine,77.2,D
Z23CT16,Le Bouscat,BOUCLE,42,0.066794,0.078097,44.8718656,-0.6149731,8344,Sainte-Germaine,32.8,D
Z23CT3,Bruges,BOUCLE,63,0.056991,0.076122,44.8808416,-0.6283048,6349,Baudon,296.3,70
Z23CT3,Bruges,BOUCLE,63,0.056991,0.076122,44.8808416,-0.6283048,6344,Les Templiers,89.0,70
Z23CT3,Bruges,BOUCLE,63,0.056991,0.076122,44.8808416,-0.6283048,1769,Tour de Gassies,49.4,72
Z23CT3,Bruges,BOUCLE,63,0.056991,0.076122,44.8808416,-0.6283048,2931,Tour de Gassies,38.8,72
Z23CT5,Eysines,BOUCLE,23,0.072155,0.065438,44.8869502,-0.6369396,2958,Cap de Haut,80.9,38;70
Z23CT5,Eysines,BOUCLE,23,0.072155,0.065438,44.8869502,-0.6369396,2959,Cap de Haut,178.2,38;70
Z23CT5,Eysines,BOUCLE,23,0.072155,0.065438,44.8869502,-0.6369396,2960,Horizons Bleus,143.5,38;70
Z23CT5,Eysines,BOUCLE,23,0.072155,0.065438,44.8869502,-0.6369396,2961,Horizons Bleus,190.3,38;70
Z23CT5,Eysines,BOUCLE,23,0.072155,0.065438,44.8869502,-0.6369396,7495,Moulin à Vent,196.7,72
Z23CT5,Eysines,BOUCLE,23,0.072155,0.065438,44.8869502,-0.6369396,8762,Moulin à Vent,231.8,72
Z13CT7,Le Bouscat,BOUCLE,9,0.074339,0.087830,44.8544853,-0.5944385,8325,Barrière du Médoc,176.3,D
Z13CT7,Le Bouscat,BOUCLE,9,0.074339,0.087830,44.8544853,-0.5944385,8326,Barrière du Médoc,133.9,D
Z13CT7,Le Bouscat,BOUCLE,9,0.074339,0.087830,44.8544853,-0.5944385,3869,Barrière du Médoc (av d'Eysines),130.7,23
Z13CT7,Le Bouscat,BOUCLE,9,0.074339,0.087830,44.8544853,-0.5944385,7951,Barrière du Médoc (av d'Eysines),137.3,23
Z13CT7,Le Bouscat,BOUCLE,9,0.074339,0.087830,44.8544853,-0.5944385,2330,Barrière du Médoc (Boulevards),130.3,70;9;H1
Z13CT7,Le Bouscat,BOUCLE,9,0.074339,0.087830,44.8544853,-0.5944385,8991,Barrière du Médoc (Boulevards),95.2,70;9;H2;N2
Z13CT7,Le Bouscat,BOUCLE,9,0.074339,0.087830,44.8544853,-0.5944385,2642,Barrière du Médoc (rue Johnston),224.2,23
Z13CT7,Le Bouscat,BOUCLE,9,0.074339,0.087830,44.8544853,-0.5944385,691,Parc Bordelais,215.9,23
Z13CT7,Le Bouscat,BOUCLE,9,0.074339,0.087830,44.8544853,-0.5944385,2329,Parc Bordelais (Boulevards),272.7,70;9;H1
Z402CT5,Bordeaux,BOUCLE,0,,,44.8380251,-0.5862987,9193,Gambetta Mériadeck,275.9,1;16;4;70;Bus F;G
Z402CT5,Bordeaux,BOUCLE,0,,,44.8380251,-0.5862987,9194,Gambetta Mériadeck,291.6,1;16;2;G;N3
Z402CT5,Bordeaux,BOUCLE,0,,,44.8380251,-0.5862987,9825,Gambetta Mériadeck,294.2,4
Z402CT5,Bordeaux,BOUCLE,0,,,44.8380251,-0.5862987,9734,Gambetta Mériadeck (Terminus),200.2,70
Z402CT5,Bordeaux,BOUCLE,0,,,44.8380251,-0.5862987,279,Manège,160.5,1;51
Z402CT5,Bordeaux,BOUCLE,0,,,44.8380251,-0.5862987,3722,Mériadeck,156.6,A;F
Z402CT5,Bordeaux,BOUCLE,0,,,44.8380251,-0.5862987,3723,Mériadeck,162.4,A;F
Z402CT5,Bordeaux,BOUCLE,0,,,44.8380251,-0.5862987,9129,Mériadeck,97.0,4;70;Bus F
Z402CT5,Bordeaux,BOUCLE,0,,,44.8380251,-0.5862987,9089,Mériadeck Lateulade,39.4,70
Z402CT5,Bordeaux,BOUCLE,0,,,44.8380251,-0.5862987,8821,Patinoire,254.3,82
Z402CT5,Bordeaux,BOUCLE,0,,,44.8380251,-0.5862987,3269,Préfecture,129.8,82
Z402CT5,Bordeaux,BOUCLE,0,,,44.8380251,-0.5862987,15044,Saint Bruno,267.8,Bus F
Z402CT5,Bordeaux,BOUCLE,0,,,44.8380251,-0.5862987,1508,Saint-Bruno - Hôtel de Région,199.9,70;82
Z402CT5,Bordeaux,BOUCLE,0,,,44.8380251,-0.5862987,1929,Saint-Bruno - Hôtel de Région,288.6,1;51
Z402CT5,Bordeaux,BOUCLE,0,,,44.8380251,-0.5862987,4579,Saint-Bruno - Hôtel de Région,245.3,A;F
Z402CT5,Bordeaux,BOUCLE,0,,,44.8380251,-0.5862987,4580,Saint-Bruno - Hôtel de Région,237.2,A;F
Z402CT5,Bordeaux,BOUCLE,0,,,44.8380251,-0.5862987,8714,Saint-Bruno - Hôtel de Région,243.7,Bus F
Z4CT7,Bordeaux,BOUCLE,17,0.063273,0.054890,44.8390401,-0.5816712,3216,Galerie des Beaux Arts,28.2,15;23;5;N1;N7
Z4CT7,Bordeaux,BOUCLE,17,0.063273,0.054890,44.8390401,-0.5816712,5621,Galerie des Beaux Arts,7.7,15;2;23;5;N5;N6
Z4CT7,Bordeaux,BOUCLE,17,0.063273,0.054890,44.8390401,-0.5816712,2444,Gambetta,210.2,15;23;5;N5;N6
Z4CT7,Bordeaux,BOUCLE,17,0.063273,0.054890,44.8390401,-0.5816712,9030,Gambetta,298.4,2
Z4CT7,Bordeaux,BOUCLE,17,0.063273,0.054890,44.8390401,-0.5816712,3760,Gambetta - madd,292.2,B
Z4CT7,Bordeaux,BOUCLE,17,0.063273,0.054890,44.8390401,-0.5816712,4577,Gambetta Mériadeck,192.4,1
Z4CT7,Bordeaux,BOUCLE,17,0.063273,0.054890,44.8390401,-0.5816712,4860,Gambetta Mériadeck,120.2,2;51
Z4CT7,Bordeaux,BOUCLE,17,0.063273,0.054890,44.8390401,-0.5816712,9193,Gambetta Mériadeck,113.6,1;16;4;70;Bus F;G
Z4CT7,Bordeaux,BOUCLE,17,0.063273,0.054890,44.8390401,-0.5816712,9194,Gambetta Mériadeck,108.9,1;16;2;G;N3
Z4CT7,Bordeaux,BOUCLE,17,0.063273,0.054890,44.8390401,-0.5816712,9825,Gambetta Mériadeck,207.1,4
Z4CT7,Bordeaux,BOUCLE,17,0.063273,0.054890,44.8390401,-0.5816712,9734,Gambetta Mériadeck (Terminus),240.9,70
Z4CT7,Bordeaux,BOUCLE,17,0.063273,0.054890,44.8390401,-0.5816712,3722,Mériadeck,230.6,A;F
Z4CT7,Bordeaux,BOUCLE,17,0.063273,0.054890,44.8390401,-0.5816712,3723,Mériadeck,227.5,A;F
Z4CT7,Bordeaux,BOUCLE,17,0.063273,0.054890,44.8390401,-0.5816712,9129,Mériadeck,286.6,4;70;Bus F
Z4CT7,Bordeaux,BOUCLE,17,0.063273,0.054890,44.8390401,-0.5816712,4031,Palais de Justice,273.0,15;16;23;4;5;Bus F;N5;N6
Z4CT7,Bordeaux,BOUCLE,17,0.063273,0.054890,44.8390401,-0.5816712,9196,Palais de Justice,217.1,1;15;16;23;5;Bus F;G;N1;N3;N7
Z4CT19,Bordeaux,BOUCLE,37,0.057828,0.061346,44.8400405,-0.5811151,3216,Galerie des Beaux Arts,147.1,15;23;5;N1;N7
Z4CT19,Bordeaux,BOUCLE,37,0.057828,0.061346,44.8400405,-0.5811151,5621,Galerie des Beaux Arts,114.2,15;2;23;5;N5;N6
Z4CT19,Bordeaux,BOUCLE,37,0.057828,0.061346,44.8400405,-0.5811151,2444,Gambetta,92.0,15;23;5;N5;N6
Z4CT19,Bordeaux,BOUCLE,37,0.057828,0.061346,44.8400405,-0.5811151,6447,Gambetta,261.2,15;23;5;N1;N7
Z4CT19,Bordeaux,BOUCLE,37,0.057828,0.061346,44.8400405,-0.5811151,6701,Gambetta,242.8,2
Z4CT19,Bordeaux,BOUCLE,37,0.057828,0.061346,44.8400405,-0.5811151,9030,Gambetta,179.1,2
Z4CT19,Bordeaux,BOUCLE,37,0.057828,0.061346,44.8400405,-0.5811151,3759,Gambetta - madd,237.6,B
Z4CT19,Bordeaux,BOUCLE,37,0.057828,0.061346,44.8400405,-0.5811151,3760,Gambetta - madd,222.9,B
Z4CT19,Bordeaux,BOUCLE,37,0.057828,0.061346,44.8400405,-0.5811151,4577,Gambetta Mériadeck,198.6,1
Z4CT19,Bordeaux,BOUCLE,37,0.057828,0.061346,44.8400405,-0.5811151,4860,Gambetta Mériadeck,20.0,2;51
Z4CT19,Bordeaux,BOUCLE,37,0.057828,0.061346,44.8400405,-0.5811151,9193,Gambetta Mériadeck,192.2,1;16;4;70;Bus F;G
Z4CT19,Bordeaux,BOUCLE,37,0.057828,0.061346,44.8400405,-0.5811151,9194,Gambetta Mériadeck,174.7,1;16;2;G;N3
Z4CT19,Bordeaux,BOUCLE,37,0.057828,0.061346,44.8400405,-0.5811151,9825,Gambetta Mériadeck,218.4,4
Z4CT19,Bordeaux,BOUCLE,37,0.057828,0.061346,44.8400405,-0.5811151,9734,Gambetta Mériadeck (Terminus),289.7,70
Z4CT19,Bordeaux,BOUCLE,37,0.057828,0.061346,44.8400405,-0.5811151,40,Saint-Seurin,288.9,1;16;51
Z4CT8,Bordeaux,BOUCLE,2,0.067743,0.054405,44.8413913,-0.5841386,2444,Gambetta,258.5,15;23;5;N5;N6
Z4CT8,Bordeaux,BOUCLE,2,0.067743,0.054405,44.8413913,-0.5841386,9030,Gambetta,289.7,2
Z4CT8,Bordeaux,BOUCLE,2,0.067743,0.054405,44.8413913,-0.5841386,4577,Gambetta Mériadeck,152.3,1
Z4CT8,Bordeaux,BOUCLE,2,0.067743,0.054405,44.8413913,-0.5841386,4860,Gambetta Mériadeck,262.4,2;51
Z4CT8,Bordeaux,BOUCLE,2,0.067743,0.054405,44.8413913,-0.5841386,9193,Gambetta Mériadeck,272.7,1;16;4;70;Bus F;G
Z4CT8,Bordeaux,BOUCLE,2,0.067743,0.054405,44.8413913,-0.5841386,9194,Gambetta Mériadeck,254.7,1;16;2;G;N3
Z4CT8,Bordeaux,BOUCLE,2,0.067743,0.054405,44.8413913,-0.5841386,9825,Gambetta Mériadeck,151.3,4
Z4CT8,Bordeaux,BOUCLE,2,0.067743,0.054405,44.8413913,-0.5841386,9734,Gambetta Mériadeck (Terminus),224.1,70
Z4CT8,Bordeaux,BOUCLE,2,0.067743,0.054405,44.8413913,-0.5841386,1410,Marionneau,262.6,1;16;51
Z4CT8,Bordeaux,BOUCLE,2,0.067743,0.054405,44.8413913,-0.5841386,40,Saint-Seurin,7.8,1;16;51
Z4CT8,Bordeaux,BOUCLE,2,0.067743,0.054405,44.8413913,-0.5841386,9191,Saint-Seurin,47.6,16;2;G
Z4CT8,Bordeaux,BOUCLE,2,0.067743,0.054405,44.8413913,-0.5841386,9192,Saint-Seurin,83.6,2;G;N3
Z4CT11,Bordeaux,BOUCLE,0,,,44.8429215,-0.5862632,89,Capdeville,156.5,82
Z4CT11,Bordeaux,BOUCLE,0,,,44.8429215,-0.5862632,1829,Lycée Camille Jullian,247.1,82
Z4CT11,Bordeaux,BOUCLE,0,,,44.8429215,-0.5862632,9189,Lycée Camille Jullian,262.2,2;82;G
Z4CT11,Bordeaux,BOUCLE,0,,,44.8429215,-0.5862632,9190,Lycée Camille Jullian,281.9,2;G;N3
Z4CT11,Bordeaux,BOUCLE,0,,,44.8429215,-0.5862632,1410,Marionneau,218.7,1;16;51
Z4CT11,Bordeaux,BOUCLE,0,,,44.8429215,-0.5862632,40,Saint-Seurin,232.6,1;16;51
Z4CT11,Bordeaux,BOUCLE,0,,,44.8429215,-0.5862632,9191,Saint-Seurin,204.5,16;2;G
Z4CT11,Bordeaux,BOUCLE,0,,,44.8429215,-0.5862632,9192,Saint-Seurin,159.6,2;G;N3
Z4CT11,Bordeaux,BOUCLE,0,,,44.8429215,-0.5862632,77,Turenne,268.4,82
Z4CT1,Bordeaux,BOUCLE,11,0.069862,0.057037,44.8495081,-0.5752866,2443,Jardin Public,165.7,15;23;5;N5
Z4CT1,Bordeaux,BOUCLE,11,0.069862,0.057037,44.8495081,-0.5752866,5394,Jardin Public,142.9,C;E
Z4CT1,Bordeaux,BOUCLE,11,0.069862,0.057037,44.8495081,-0.5752866,5395,Jardin Public,147.1,C;E
Z4CT1,Bordeaux,BOUCLE,11,0.069862,0.057037,44.8495081,-0.5752866,2442,Paul Doumer,287.2,15;5;N5
Z4CT1,Bordeaux,BOUCLE,11,0.069862,0.057037,44.8495081,-0.5752866,5396,Paul Doumer,289.2,C;E
Z4CT1,Bordeaux,BOUCLE,11,0.069862,0.057037,44.8495081,-0.5752866,5397,Paul Doumer,281.0,C;E
Z4CT1,Bordeaux,BOUCLE,11,0.069862,0.057037,44.8495081,-0.5752866,1649,Rue d'Aviau,167.4,23
Z4CT23,Bordeaux,BOUCLE,31,0.057865,0.072738,44.8504125,-0.5746541,2443,Jardin Public,277.9,15;23;5;N5
Z4CT23,Bordeaux,BOUCLE,31,0.057865,0.072738,44.8504125,-0.5746541,5394,Jardin Public,249.1,C;E
Z4CT23,Bordeaux,BOUCLE,31,0.057865,0.072738,44.8504125,-0.5746541,5395,Jardin Public,253.7,C;E
Z4CT23,Bordeaux,BOUCLE,31,0.057865,0.072738,44.8504125,-0.5746541,1971,Paul Doumer,192.5,15;5;N7
Z4CT23,Bordeaux,BOUCLE,31,0.057865,0.072738,44.8504125,-0.5746541,2442,Paul Doumer,175.1,15;5;N5
Z4CT23,Bordeaux,BOUCLE,31,0.057865,0.072738,44.8504125,-0.5746541,5396,Paul Doumer,178.4,C;E
Z4CT23,Bordeaux,BOUCLE,31,0.057865,0.072738,44.8504125,-0.5746541,5397,Paul Doumer,170.2,C;E
Z4CT23,Bordeaux,BOUCLE,31,0.057865,0.072738,44.8504125,-0.5746541,1649,Rue d'Aviau,199.9,23
Z31CT7,Carbon-Blanc,BOUCLE,24,0.027500,0.113594,44.8916556,-0.5161976,5491,Calmette,267.5,60
Z31CT7,Carbon-Blanc,BOUCLE,24,0.027500,0.113594,44.8916556,-0.5161976,5492,Calmette,236.1,60
Z31CT7,Carbon-Blanc,BOUCLE,24,0.027500,0.113594,44.8916556,-0.5161976,5489,Capdeboscq,169.2,60;S28
Z31CT7,Carbon-Blanc,BOUCLE,24,0.027500,0.113594,44.8916556,-0.5161976,5490,Capdeboscq,163.8,60;S28
Z31CT7,Carbon-Blanc,BOUCLE,24,0.027500,0.113594,44.8916556,-0.5161976,1976,Château Pomerol,46.0,57;60;7
Z31CT7,Carbon-Blanc,BOUCLE,24,0.027500,0.113594,44.8916556,-0.5161976,2544,Château Pomerol,56.8,57;60;7
Z31CT7,Carbon-Blanc,BOUCLE,24,0.027500,0.113594,44.8916556,-0.5161976,2059,Toutaud,257.5,57;7;S28
Z31CT7,Carbon-Blanc,BOUCLE,24,0.027500,0.113594,44.8916556,-0.5161976,788,Toutaud,235.1,57;7;S28
Z7CT17,Mérignac,BOUCLE,17,0.041742,0.104505,44.8434205,-0.6457896,1978,Avenue du Truc,41.3,30;35
Z7CT17,Mérignac,BOUCLE,17,0.041742,0.104505,44.8434205,-0.6457896,3111,Avenue du Truc,68.1,30;35
Z7CT17,Mérignac,BOUCLE,17,0.041742,0.104505,44.8434205,-0.6457896,1234,Dupuy-Verdun,276.4,1;33
Z7CT17,Mérignac,BOUCLE,17,0.041742,0.104505,44.8434205,-0.6457896,1663,Mérignac Centre,237.0,30;35;Bus F
Z7CT17,Mérignac,BOUCLE,17,0.041742,0.104505,44.8434205,-0.6457896,5225,Mérignac Centre,236.4,1;30;33;35;Bus F
Z7CT17,Mérignac,BOUCLE,17,0.041742,0.104505,44.8434205,-0.6457896,5242,Mérignac Centre,240.9,A
Z7CT17,Mérignac,BOUCLE,17,0.041742,0.104505,44.8434205,-0.6457896,5243,Mérignac Centre,231.8,A
Z7CT17,Mérignac,BOUCLE,17,0.041742,0.104505,44.8434205,-0.6457896,2273,Mérignac Centre (Médiathèque),261.1,1;51
Z7CT17,Mérignac,BOUCLE,17,0.041742,0.104505,44.8434205,-0.6457896,2456,Mérignac Centre (Médiathèque),264.2,1;33;51
Z08AS,Cenon,SIREDO,,,,44.8537109,-0.5377361,8543,Cenon Gare (Guesde),279.5,25;27;31;H2
Z08AS,Cenon,SIREDO,,,,44.8537109,-0.5377361,9821,Cenon Gare (Guesde),279.5,31;H2
Z08AS,Cenon,SIREDO,,,,44.8537109,-0.5377361,3702,Jean Jaurès,12.7,A;E
Z08AS,Cenon,SIREDO,,,,44.8537109,-0.5377361,3703,Jean Jaurès,7.9,A;E
Z08AS,Cenon,SIREDO,,,,44.8537109,-0.5377361,8541,Jean Jaurès,6.7,31;H2
Z08AS,Cenon,SIREDO,,,,44.8537109,-0.5377361,8542,Jean Jaurès,23.9,31;H1
Z12CT2,Bordeaux,BOUCLE,16,0.075512,0.062837,44.8211778,-0.5705049,707,Beautiran,102.1,23;5;TBNight
Z12CT2,Bordeaux,BOUCLE,16,0.075512,0.062837,44.8211778,-0.5705049,742,Beautiran,85.8,23
Z12CT2,Bordeaux,BOUCLE,16,0.075512,0.062837,44.8211778,-0.5705049,1240,Caserne Nansouty,152.1,9
Z12CT2,Bordeaux,BOUCLE,16,0.075512,0.062837,44.8211778,-0.5705049,2398,Kergomard,299.7,5;TBNight
Z12CT2,Bordeaux,BOUCLE,16,0.075512,0.062837,44.8211778,-0.5705049,1102,Kyrié,253.4,23
Z12CT2,Bordeaux,BOUCLE,16,0.075512,0.062837,44.8211778,-0.5705049,3190,Kyrié,250.4,23;5
Z12CT2,Bordeaux,BOUCLE,16,0.075512,0.062837,44.8211778,-0.5705049,7981,Nansouty,277.1,23;5;9;TBNight
Z12CT2,Bordeaux,BOUCLE,16,0.075512,0.062837,44.8211778,-0.5705049,7982,Nansouty,286.1,23;5;9;TBNight
Z12CT2,Bordeaux,BOUCLE,16,0.075512,0.062837,44.8211778,-0.5705049,655,Rue de la Réole,116.4,9
Z12CT2,Bordeaux,BOUCLE,16,0.075512,0.062837,44.8211778,-0.5705049,1014,Tillet,175.1,5;TBNight
Z12CT2,Bordeaux,BOUCLE,16,0.075512,0.062837,44.8211778,-0.5705049,185,Tillet,156.5,5;TBNight
Z12CT5,Bordeaux,BOUCLE,0,,,44.8114133,-0.5738273,231,Bagatelle,206.7,5;73
Z12CT5,Bordeaux,BOUCLE,0,,,44.8114133,-0.5738273,2689,Barrière de Toulouse,297.9,23;5
Z12CT5,Bordeaux,BOUCLE,0,,,44.8114133,-0.5738273,471,Taffanel,9.2,5;73
Z12CT5,Bordeaux,BOUCLE,0,,,44.8114133,-0.5738273,862,Taffanel,45.6,5;73
Z12CT12,Bordeaux,BOUCLE,60,0.070474,0.061386,44.812962,-0.5616096,3139,Barrière de Bègles,117.1,H1
Z12CT12,Bordeaux,BOUCLE,60,0.070474,0.061386,44.812962,-0.5616096,5792,Barrière de Bègles,275.1,15;31
Z12CT12,Bordeaux,BOUCLE,60,0.070474,0.061386,44.812962,-0.5616096,663,Barrière de Bègles,282.7,15;31
Z12CT12,Bordeaux,BOUCLE,60,0.070474,0.061386,44.812962,-0.5616096,9818,Barrière de Bègles,131.3,H2
Z12CT12,Bordeaux,BOUCLE,60,0.070474,0.061386,44.812962,-0.5616096,3183,Fellonneau,247.2,15
Z12CT12,Bordeaux,BOUCLE,60,0.070474,0.061386,44.812962,-0.5616096,721,Fellonneau,240.0,15
Z12CT12,Bordeaux,BOUCLE,60,0.070474,0.061386,44.812962,-0.5616096,9809,Manufacture,209.2,H1
Z12CT12,Bordeaux,BOUCLE,60,0.070474,0.061386,44.812962,-0.5616096,5875,Victor Hugo,262.8,S4
Z12CT14,Bordeaux,BOUCLE,26,,,44.8162528,-0.5658099,5792,Barrière de Bègles,268.5,15;31
Z12CT14,Bordeaux,BOUCLE,26,,,44.8162528,-0.5658099,663,Barrière de Bègles,260.4,15;31
Z12CT14,Bordeaux,BOUCLE,26,,,44.8162528,-0.5658099,1224,Bertin,23.3,15;31
Z12CT14,Bordeaux,BOUCLE,26,,,44.8162528,-0.5658099,7,Bertin,43.7,15;31
Z12CT14,Bordeaux,BOUCLE,26,,,44.8162528,-0.5658099,2282,Caserne Nansouty,273.3,15
Z12CT14,Bordeaux,BOUCLE,26,,,44.8162528,-0.5658099,624,Caserne Nansouty,276.9,15
Z12CT14,Bordeaux,BOUCLE,26,,,44.8162528,-0.5658099,2238,Jardin des Barrières,286.4,31;H1
Z12CT14,Bordeaux,BOUCLE,26,,,44.8162528,-0.5658099,3140,Jardin des Barrières,293.9,H2
Z12CT14,Bordeaux,BOUCLE,26,,,44.8162528,-0.5658099,5793,Rue de Bègles,192.5,31
Z12CT14,Bordeaux,BOUCLE,26,,,44.8162528,-0.5658099,5794,Rue de Bègles,202.9,31
Z12CT16,Bordeaux,BOUCLE,16,0.102756,0.077870,44.8152851,-0.5653311,3139,Barrière de Bègles,288.9,H1
Z12CT16,Bordeaux,BOUCLE,16,0.102756,0.077870,44.8152851,-0.5653311,5792,Barrière de Bègles,154.6,15;31
Z12CT16,Bordeaux,BOUCLE,16,0.102756,0.077870,44.8152851,-0.5653311,663,Barrière de Bègles,146.7,15;31
Z12CT16,Bordeaux,BOUCLE,16,0.102756,0.077870,44.8152851,-0.5653311,9818,Barrière de Bègles,288.7,H2
Z12CT16,Bordeaux,BOUCLE,16,0.102756,0.077870,44.8152851,-0.5653311,1224,Bertin,90.8,15;31
Z12CT16,Bordeaux,BOUCLE,16,0.102756,0.077870,44.8152851,-0.5653311,7,Bertin,70.3,15;31
Z12CT16,Bordeaux,BOUCLE,16,0.102756,0.077870,44.8152851,-0.5653311,2238,Jardin des Barrières,224.3,31;H1
Z12CT16,Bordeaux,BOUCLE,16,0.102756,0.077870,44.8152851,-0.5653311,3140,Jardin des Barrières,197.9,H2
Z12CT16,Bordeaux,BOUCLE,16,0.102756,0.077870,44.8152851,-0.5653311,5793,Rue de Bègles,271.2,31
Z12CT16,Bordeaux,BOUCLE,16,0.102756,0.077870,44.8152851,-0.5653311,5794,Rue de Bègles,279.0,31
Z18CT2,Gradignan,BOUCLE,,,,44.7704144,-0.6157487,1618,Eglise de Gradignan,230.7,31
Z18CT2,Gradignan,BOUCLE,,,,44.7704144,-0.6157487,1673,Eglise de Gradignan,243.2,31
Z18CT2,Gradignan,BOUCLE,,,,44.7704144,-0.6157487,481,Prof. Bernard,60.1,31
Z18CT2,Gradignan,BOUCLE,,,,44.7704144,-0.6157487,488,Prof. Bernard,70.5,31
Z18CT5,Gradignan,BOUCLE,2,0.052252,0.088670,44.7745815,-0.6124735,1673,Eglise de Gradignan,288.0,31
Z18CT5,Gradignan,BOUCLE,2,0.052252,0.088670,44.7745815,-0.6124735,1615,Rochefort,173.5,31
Z18CT5,Gradignan,BOUCLE,2,0.052252,0.088670,44.7745815,-0.6124735,916,Rochefort,201.1,31
Z24CT11,Mérignac,BOUCLE,76,0.053527,0.074360,44.8576251,-0.6617284,7301,Les Pins,221.5,Bus F
Z24CT11,Mérignac,BOUCLE,76,0.053527,0.074360,44.8576251,-0.6617284,7335,Les Pins,167.6,A
Z24CT11,Mérignac,BOUCLE,76,0.053527,0.074360,44.8576251,-0.6617284,7336,Les Pins,174.4,A
Z24CT11,Mérignac,BOUCLE,76,0.053527,0.074360,44.8576251,-0.6617284,7403,Les Pins (arrêt de descente),264.9,16;34
Z24CT11,Mérignac,BOUCLE,76,0.053527,0.074360,44.8576251,-0.6617284,7302,Les Pins (av Magudas),168.0,71
Z24CT11,Mérignac,BOUCLE,76,0.053527,0.074360,44.8576251,-0.6617284,7303,Les Pins (av Magudas),205.3,71;Bus F
Z24CT12,Mérignac,BOUCLE,68,0.066002,0.075967,44.8584011,-0.6685073,5673,Laplace,196.4,30;38;84
Z24CT12,Mérignac,BOUCLE,68,0.066002,0.075967,44.8584011,-0.6685073,5674,Laplace,199.2,30;38
Z24CT12,Mérignac,BOUCLE,68,0.066002,0.075967,44.8584011,-0.6685073,325,Le Haillan Rostand,40.7,30
Z24CT12,Mérignac,BOUCLE,68,0.066002,0.075967,44.8584011,-0.6685073,667,Le Haillan Rostand,40.4,30;84
Z24CT12,Mérignac,BOUCLE,68,0.066002,0.075967,44.8584011,-0.6685073,7321,Le Haillan Rostand,190.3,38;71
Z24CT12,Mérignac,BOUCLE,68,0.066002,0.075967,44.8584011,-0.6685073,7322,Le Haillan Rostand,227.7,38;71
Z24CT12,Mérignac,BOUCLE,68,0.066002,0.075967,44.8584011,-0.6685073,7337,Le Haillan Rostand,19.7,A
Z24CT12,Mérignac,BOUCLE,68,0.066002,0.075967,44.8584011,-0.6685073,7349,Le Haillan Rostand,9.0,Bus F
Z24CT12,Mérignac,BOUCLE,68,0.066002,0.075967,44.8584011,-0.6685073,7525,Le Haillan Rostand,131.6,84
Z23CE,Le Bouscat,SIREDO,,,,44.8756532,-0.6205671,2929,Centre Commercial Bruges,155.4,35;72
Z23CE,Le Bouscat,SIREDO,,,,44.8756532,-0.6205671,2930,Centre Commercial Bruges,162.2,35;72
Z23CE,Le Bouscat,SIREDO,,,,44.8756532,-0.6205671,1764,Champ de Courses - Treulon,104.9,35;72
Z23CE,Le Bouscat,SIREDO,,,,44.8756532,-0.6205671,8345,Champ de Courses - Treulon,99.8,D
Z23CE,Le Bouscat,SIREDO,,,,44.8756532,-0.6205671,8346,Champ de Courses - Treulon,140.9,D
Z23CE,Le Bouscat,SIREDO,,,,44.8756532,-0.6205671,8731,Champ de Courses - Treulon,117.9,35;72
Z29DS,Cenon,SIREDO,,,,44.8532304,-0.5067709,5207,Goya,173.7,27;54
Z29DS,Cenon,SIREDO,,,,44.8532304,-0.5067709,5208,Goya,163.5,27;54
Z29DS,Cenon,SIREDO,,,,44.8532304,-0.5067709,5221,La Marègue,266.5,32;54;Bus A
Z29DS,Cenon,SIREDO,,,,44.8532304,-0.5067709,5222,La Marègue,289.1,32;54;Bus A
Z29CE,Cenon,SIREDO,,0.102959,0.075036,44.8459198,-0.534449,2386,Anatole France,121.4,24;28;65;H2
Z29CE,Cenon,SIREDO,,0.102959,0.075036,44.8459198,-0.534449,424,Anatole France,100.9,24;28;65;H1
Z29CE,Cenon,SIREDO,,0.102959,0.075036,44.8459198,-0.534449,1437,Emile Combes,109.3,60
Z29CE,Cenon,SIREDO,,0.102959,0.075036,44.8459198,-0.534449,2048,Emile Combes,163.3,60
Z29CE,Cenon,SIREDO,,0.102959,0.075036,44.8459198,-0.534449,2385,Entre-Deux-Mers,133.2,24;28;60;65;H2
Z29CE,Cenon,SIREDO,,0.102959,0.075036,44.8459198,-0.534449,1195,Jules Ferry,203.0,24;28;60;65;H1
Z29BS,Bordeaux,SIREDO,,,,44.8436863,-0.5406813,2198,Dorgelès,223.8,24;31
Z29BS,Bordeaux,SIREDO,,,,44.8436863,-0.5406813,3273,Dorgelès,220.8,24;31;N6
Z29BS,Bordeaux,SIREDO,,,,44.8436863,-0.5406813,1205,Vincent,298.3,24;31
Z14BS,Bordeaux,SIREDO,,,,44.8712512,-0.5631348,1379,Latule,180.2,9;N1;N3;N4;N5;N6;TBNight
Z14BS,Bordeaux,SIREDO,,,,44.8712512,-0.5631348,581,Latule,188.5,9;TBNight
Z14BE,Bordeaux,SIREDO,,,,44.8712964,-0.5631789,1379,Latule,179.6,9;N1;N3;N4;N5;N6;TBNight
Z14BE,Bordeaux,SIREDO,,,,44.8712964,-0.5631789,581,Latule,188.3,9;TBNight
Z20AE,Bordeaux,SIREDO,,0.069216,0.084705,44.8566941,-0.6189075,9180,Collège Saint-André,284.0,G
Z20AE,Bordeaux,SIREDO,,0.069216,0.084705,44.8566941,-0.6189075,9177,Stade Stéhélin,281.2,G
Z20AE,Bordeaux,SIREDO,,0.069216,0.084705,44.8566941,-0.6189075,9178,Stade Stéhélin,270.1,G
Z20AS,Bordeaux,SIREDO,,0.061839,0.084244,44.8564609,-0.6180207,9179,Collège Saint-André,236.8,G
Z20AS,Bordeaux,SIREDO,,0.061839,0.084244,44.8564609,-0.6180207,9180,Collège Saint-André,209.5,G
Z22DS,Lormont,SIREDO,,,,44.8815511,-0.5169677,3684,Lauriers,280.9,A
Z22DS,Lormont,SIREDO,,,,44.8815511,-0.5169677,4040,Lauriers,235.3,54;66;Bus A
Z22DS,Lormont,SIREDO,,,,44.8815511,-0.5169677,5488,Lauriers,282.1,A
Z21AE,Le Bouscat,SIREDO,,,,44.8634234,-0.6032041,8330,Calypso,294.2,D
Z21AE,Le Bouscat,SIREDO,,,,44.8634234,-0.6032041,8331,Mairie du Bouscat,245.9,D
Z21AE,Le Bouscat,SIREDO,,,,44.8634234,-0.6032041,8332,Mairie du Bouscat,290.2,D
Z21AS,Le Bouscat,SIREDO,,,,44.863437,-0.6031557,8330,Calypso,293.0,D
Z21AS,Le Bouscat,SIREDO,,,,44.863437,-0.6031557,8331,Mairie du Bouscat,246.8,D
Z21AS,Le Bouscat,SIREDO,,,,44.863437,-0.6031557,8332,Mairie du Bouscat,291.0,D
Z21CS,Le Bouscat,SIREDO,,0.059268,0.093902,44.8596066,-0.5923304,2047,Boulevard Pierre 1er,268.8,15
Z21CS,Le Bouscat,SIREDO,,0.059268,0.093902,44.8596066,-0.5923304,2060,Boulevard Pierre 1er,230.5,15
Z21CS,Le Bouscat,SIREDO,,0.059268,0.093902,44.8596066,-0.5923304,1459,Castillon,63.9,70
Z21CS,Le Bouscat,SIREDO,,0.059268,0.093902,44.8596066,-0.5923304,2215,Castillon,24.4,70
Z21CS,Le Bouscat,SIREDO,,0.059268,0.093902,44.8596066,-0.5923304,1959,Mandron,258.3,9;H1
Z21CS,Le Bouscat,SIREDO,,0.059268,0.093902,44.8596066,-0.5923304,604,Mandron,285.6,9;H2;N2
Z21CS,Le Bouscat,SIREDO,,0.059268,0.093902,44.8596066,-0.5923304,2070,Marronniers,299.9,15
Z21CS,Le Bouscat,SIREDO,,0.059268,0.093902,44.8596066,-0.5923304,2126,Marronniers,295.7,15
Z21CS,Le Bouscat,SIREDO,,0.059268,0.093902,44.8596066,-0.5923304,2216,Poincaré,271.2,70
Z21CS,Le Bouscat,SIREDO,,0.059268,0.093902,44.8596066,-0.5923304,69,Poincaré,255.0,70
Z21CS,Le Bouscat,SIREDO,,0.059268,0.093902,44.8596066,-0.5923304,1290,Tivoli,258.3,9;H1
Z21CS,Le Bouscat,SIREDO,,0.059268,0.093902,44.8596066,-0.5923304,7925,Tivoli,206.5,70
Z21CS,Le Bouscat,SIREDO,,0.059268,0.093902,44.8596066,-0.5923304,9814,Tivoli,262.2,9;H2;N2
Z21CS,Le Bouscat,SIREDO,,0.059268,0.093902,44.8596066,-0.5923304,9827,Tivoli,193.9,70
Z21DS,Le Bouscat,SIREDO,,,,44.8662544,-0.5904025,337,Chanzy,54.3,15
Z21DS,Le Bouscat,SIREDO,,,,44.8662544,-0.5904025,440,Chanzy,12.3,15
Z21DS,Le Bouscat,SIREDO,,,,44.8662544,-0.5904025,1109,Ducourneau,276.3,15;82
Z21DS,Le Bouscat,SIREDO,,,,44.8662544,-0.5904025,1784,Ducourneau,299.9,15;82
Z21DS,Le Bouscat,SIREDO,,,,44.8662544,-0.5904025,6351,R.P.A Mieux Vivre,239.1,82
Z21DS,Le Bouscat,SIREDO,,,,44.8662544,-0.5904025,6352,R.P.A Mieux Vivre,219.6,82
Z21DS,Le Bouscat,SIREDO,,,,44.8662544,-0.5904025,2139,Sadi Carnot,234.2,15
Z25CT17,Bordeaux,BOUCLE,0,0.040201,0.093467,44.8823121,-0.5699045,2833,Centre Commercial du Lac,196.2,32;7
Z25CT17,Bordeaux,BOUCLE,0,0.040201,0.093467,44.8823121,-0.5699045,3004,Centre Commercial du Lac,195.8,32;7
Z25CT17,Bordeaux,BOUCLE,0,0.040201,0.093467,44.8823121,-0.5699045,3980,Dassault,169.7,15
Z25CT17,Bordeaux,BOUCLE,0,0.040201,0.093467,44.8823121,-0.5699045,3981,Dassault,173.6,15
Z25CT17,Bordeaux,BOUCLE,0,0.040201,0.093467,44.8823121,-0.5699045,7323,Quarante Journaux,99.3,C
Z25CT17,Bordeaux,BOUCLE,0,0.040201,0.093467,44.8823121,-0.5699045,7324,Quarante Journaux,90.5,C
Z25CT17,Bordeaux,BOUCLE,0,0.040201,0.093467,44.8823121,-0.5699045,1247,Quarante Journaux (côté Ginko),116.8,15;32
Z25CT17,Bordeaux,BOUCLE,0,0.040201,0.093467,44.8823121,-0.5699045,574,Quarante Journaux (côté Parc Entreprises),114.3,15;32
Z15CT14,Bordeaux,BOUCLE,21,0.067338,0.068032,44.8537514,-0.5710787,310,Berthelot,272.3,5
Z15CT14,Bordeaux,BOUCLE,21,0.067338,0.068032,44.8537514,-0.5710787,3173,Camille Godard,292.2,15
Z15CT14,Bordeaux,BOUCLE,21,0.067338,0.068032,44.8537514,-0.5710787,5398,Camille Godard,287.5,C;E
Z15CT14,Bordeaux,BOUCLE,21,0.067338,0.068032,44.8537514,-0.5710787,5399,Camille Godard,287.4,C;E
Z15CT14,Bordeaux,BOUCLE,21,0.067338,0.068032,44.8537514,-0.5710787,5254,Chartrons,290.3,B
Z15CT14,Bordeaux,BOUCLE,21,0.067338,0.068032,44.8537514,-0.5710787,5255,Chartrons,296.0,B
Z15CT14,Bordeaux,BOUCLE,21,0.067338,0.068032,44.8537514,-0.5710787,459,Martinique,129.3,15
Z15CT14,Bordeaux,BOUCLE,21,0.067338,0.068032,44.8537514,-0.5710787,1971,Paul Doumer,281.0,15;5;N7
Z15CT14,Bordeaux,BOUCLE,21,0.067338,0.068032,44.8537514,-0.5710787,917,Picard,135.0,15;5;N5
Z15CT14,Bordeaux,BOUCLE,21,0.067338,0.068032,44.8537514,-0.5710787,951,Picard,161.3,5;N7
Z35AS,Ambarès-et-Lagrave,SIREDO,,0.030561,0.085744,44.9167635,-0.481884,6725,Le Poteau,214.2,S25
Z16CT12,Pessac,BOUCLE,13,0.068333,0.102083,44.7940224,-0.6358201,9217,Alphonse daudet,251.5,77
Z16CT12,Pessac,BOUCLE,13,0.068333,0.102083,44.7940224,-0.6358201,3724,Bougnard,134.9,B
Z16CT12,Pessac,BOUCLE,13,0.068333,0.102083,44.7940224,-0.6358201,4045,Bougnard,103.3,77
Z16CT12,Pessac,BOUCLE,13,0.068333,0.102083,44.7940224,-0.6358201,5244,Bougnard,146.8,B
Z3CT21,Bordeaux,BOUCLE,29,,,44.8289713,-0.5643712,3206,Capucins,290.7,15
Z3CT21,Bordeaux,BOUCLE,29,,,44.8289713,-0.5643712,9198,Capucins,283.1,1;20;G;N1;N4;N7;TBNight
Z3CT21,Bordeaux,BOUCLE,29,,,44.8289713,-0.5643712,9199,Lycée Gustave Eiffel,102.0,1;20;G;N2;N5;N6;TBNight
Z3CT21,Bordeaux,BOUCLE,29,,,44.8289713,-0.5643712,9200,Lycée Gustave Eiffel,85.8,1;20;G;N1;N4;N7;TBNight
Z3CT21,Bordeaux,BOUCLE,29,,,44.8289713,-0.5643712,420,Peyronnet,296.2,9
Z5CT5,Bègles,BOUCLE,36,,,44.8214049,-0.5401155,13189,Pont Simone Veil (Rive Gauche),190.3,35
Z5CT5,Bègles,BOUCLE,36,,,44.8214049,-0.5401155,1260,Simone-Veil (Rive Gauche),185.4,H1
Z5CT5,Bègles,BOUCLE,36,,,44.8214049,-0.5401155,5842,Simone-Veil (Rive Gauche),192.1,H2
Z5CT5,Bègles,BOUCLE,36,,,44.8214049,-0.5401155,9730,Simone-Veil (Rive Gauche),121.0,1;54;Arena
Z5CT5,Bègles,BOUCLE,36,,,44.8214049,-0.5401155,9731,Simone-Veil (Rive Gauche),117.0,1;54;Arena
